-- phpMyAdmin SQL Dump
-- version 4.0.4
-- http://www.phpmyadmin.net
--
-- Host: localhost
-- Generation Time: Feb 11, 2015 at 10:46 PM
-- Server version: 5.6.12-log
-- PHP Version: 5.4.16

SET SQL_MODE = "NO_AUTO_VALUE_ON_ZERO";
SET time_zone = "+00:00";


/*!40101 SET @OLD_CHARACTER_SET_CLIENT=@@CHARACTER_SET_CLIENT */;
/*!40101 SET @OLD_CHARACTER_SET_RESULTS=@@CHARACTER_SET_RESULTS */;
/*!40101 SET @OLD_COLLATION_CONNECTION=@@COLLATION_CONNECTION */;
/*!40101 SET NAMES utf8 */;

--
-- Database: `online_virik_db_3`
--
CREATE DATABASE IF NOT EXISTS `online_virik_db_3` DEFAULT CHARACTER SET latin1 COLLATE latin1_swedish_ci;
USE `online_virik_db_3`;

-- --------------------------------------------------------

--
-- Table structure for table `accounting_year`
--

CREATE TABLE IF NOT EXISTS `accounting_year` (
  `id` int(11) NOT NULL AUTO_INCREMENT,
  `from` date NOT NULL,
  PRIMARY KEY (`id`)
) ENGINE=InnoDB  DEFAULT CHARSET=latin1 AUTO_INCREMENT=2 ;

--
-- Dumping data for table `accounting_year`
--

INSERT INTO `accounting_year` (`id`, `from`) VALUES
(1, '2015-07-01');

-- --------------------------------------------------------

--
-- Table structure for table `account_titles`
--

CREATE TABLE IF NOT EXISTS `account_titles` (
  `id` int(11) NOT NULL AUTO_INCREMENT,
  `title` varchar(200) NOT NULL,
  `type` varchar(100) NOT NULL,
  PRIMARY KEY (`id`)
) ENGINE=InnoDB  DEFAULT CHARSET=latin1 AUTO_INCREMENT=57 ;

--
-- Dumping data for table `account_titles`
--

INSERT INTO `account_titles` (`id`, `title`, `type`) VALUES
(1, 'Fuel', 'expense'),
(3, 'Cash', ''),
(17, 'Lubricant', 'expense'),
(18, 'Tool plaza', 'expense'),
(19, 'Meal', 'expense'),
(20, 'Filter', 'expense'),
(21, 'Chalan', 'expense'),
(22, '14 ltr mobil oil', 'expense'),
(23, 'oil change saban soutar', 'expense'),
(24, 'Others', ''),
(25, 'Fraight commision', ''),
(26, 'service greece', 'expense'),
(27, 'depo expense', 'expense'),
(28, 'Tire pincture', 'expense'),
(29, 'electration bill', 'expense'),
(31, 'Tyres', 'expense'),
(32, 'Tanker installment fee', 'expense'),
(33, 'Tanker advance payment', 'expense'),
(34, 'Insurance policey', 'expense'),
(35, 'service charges', ''),
(36, 'freight commission', ''),
(37, 'destination shortage', 'expense'),
(38, 'decanding shortage', 'expense'),
(39, 'o', ''),
(40, 'freight', ''),
(41, 'Salari Driver + Helper', 'expense'),
(42, 'credit a/c', 'liability'),
(43, 'debit a/c', 'assets'),
(44, 'trip expense', 'expense'),
(45, 'other expense', 'expense'),
(46, 'expense a/c', 'expense'),
(47, 'bank a/c', 'liability'),
(48, 'income a/c', 'income'),
(49, 'Contractor Freight A/C From Company', 'liability'),
(50, 'Contractor Freight A/C To Customer', 'assets'),
(51, 'Contractor Commission A/C', 'assets'),
(52, 'Contractor Service Charges', 'assets'),
(53, 'Customer Freight A/c', 'income'),
(54, 'Company Freight A/c', 'assets'),
(55, 'Company Commission A/c', 'liability'),
(56, 'Company W.h.t A/c', 'assets');

-- --------------------------------------------------------

--
-- Table structure for table `admin`
--

CREATE TABLE IF NOT EXISTS `admin` (
  `id` tinyint(4) NOT NULL AUTO_INCREMENT,
  `username` varchar(15) NOT NULL,
  `password` varchar(20) NOT NULL,
  `name` varchar(100) NOT NULL,
  PRIMARY KEY (`id`)
) ENGINE=InnoDB  DEFAULT CHARSET=latin1 AUTO_INCREMENT=2 ;

--
-- Dumping data for table `admin`
--

INSERT INTO `admin` (`id`, `username`, `password`, `name`) VALUES
(1, 'virik', 'virik123', 'viriklogistics');

-- --------------------------------------------------------

--
-- Table structure for table `carriage_contractors`
--

CREATE TABLE IF NOT EXISTS `carriage_contractors` (
  `id` int(11) NOT NULL AUTO_INCREMENT,
  `name` varchar(100) DEFAULT NULL,
  `idCard` varchar(17) NOT NULL DEFAULT '0',
  `phone` varchar(15) NOT NULL DEFAULT '0',
  `email` varchar(100) NOT NULL DEFAULT '0',
  `address` varchar(200) NOT NULL DEFAULT '0',
  `image` text NOT NULL,
  `entryDate` datetime NOT NULL DEFAULT '0000-00-00 00:00:00',
  PRIMARY KEY (`id`)
) ENGINE=InnoDB  DEFAULT CHARSET=latin1 AUTO_INCREMENT=3 ;

--
-- Dumping data for table `carriage_contractors`
--

INSERT INTO `carriage_contractors` (`id`, `name`, `idCard`, `phone`, `email`, `address`, `image`, `entryDate`) VALUES
(1, 'Virk Logistics', '6789909876', 'VIRKOILCOMPANY@', 'VIRKOILCOMPANY@YAHOO.COM', 'SHEIKHUPURA', '0', '2014-12-02 15:35:40'),
(2, 'virk oil company', '093818273384901', '021-35875606', '', 'khrachi', '0', '2014-12-31 13:11:14');

-- --------------------------------------------------------

--
-- Table structure for table `cities`
--

CREATE TABLE IF NOT EXISTS `cities` (
  `id` int(11) NOT NULL AUTO_INCREMENT,
  `cityName` varchar(100) NOT NULL,
  PRIMARY KEY (`id`)
) ENGINE=InnoDB  DEFAULT CHARSET=latin1 AUTO_INCREMENT=53 ;

--
-- Dumping data for table `cities`
--

INSERT INTO `cities` (`id`, `cityName`) VALUES
(1, 'NRL'),
(2, 'MBT'),
(3, 'PMC'),
(4, 'CPI'),
(5, 'RBT'),
(6, 'MEHMODKOT'),
(7, 'TARUJABA'),
(8, 'al-abbas'),
(9, 'ATLAS POWER'),
(10, 'Shikarpur'),
(11, 'Khokher p/t wazirabad'),
(12, 'Jameel & Brotheers f/s wazirabad'),
(13, 'Bashir f/s Kasur'),
(14, 'A & B trucking nankana sahb'),
(15, 'A.B f/s kasur'),
(16, 'Dastagir gillani f/s okara'),
(17, 'Al-saeed f/s rinala khurd'),
(18, 'Doubble speed cng f/s patoki'),
(19, 'Majeed F/S sailkot'),
(20, 'Mughal p/t Daska'),
(21, 'Al - Yaqub f/s kasur'),
(22, 'Maqbool F/S Mouza Kasur'),
(23, 'Saif Power Ltd'),
(24, 'Abdullah f/s Kasur'),
(25, 'WAWcng &F/S Okara'),
(26, 'Gatti faisalabad'),
(27, 'Sapphire electric company ltd'),
(28, 'Al-Falah f/s Rahim Yar Khan'),
(29, 'Askri 6 F/S Rahim Yar Khan'),
(30, 'BDCLI'),
(31, 'NISHAT POWER LTD'),
(32, 'Rana Faiz CNG & F/S'),
(33, 'Naveed Enterprises p/s'),
(34, 'Kings Petroleum & Cng FSD'),
(35, 'Akbar f/s jhang city'),
(36, 'Madin f/s chiniot city'),
(37, 'kanbhoo P/S jarranwala'),
(38, 'Askari 5 f/s Sargodha'),
(39, 'Sherazi f/s'),
(40, 'Aalam shair'),
(41, 'bandyal f/s'),
(42, 'Abdullah F/S  sarghoda'),
(43, 'Khokhar p/s johrabad'),
(44, 'U & S F/S LHR'),
(45, 'ATTA f/s jullukey LHR'),
(46, 'NEW ZAMINDARA GUJRAT'),
(47, 'CHANNAN KHARAIN'),
(48, 'MAJID JALAL PUR JATTAN'),
(49, 'Ghuman p/s Sialkot'),
(50, 'Askari 4 sialkot'),
(51, 'Ch.Shoukat kasure'),
(52, 'Basheer kasure');

-- --------------------------------------------------------

--
-- Table structure for table `companies`
--

CREATE TABLE IF NOT EXISTS `companies` (
  `id` int(11) NOT NULL AUTO_INCREMENT,
  `name` varchar(150) DEFAULT NULL,
  `phone` varchar(15) NOT NULL DEFAULT '0',
  `email` varchar(100) NOT NULL DEFAULT '0',
  `address` varchar(200) NOT NULL DEFAULT '0',
  `image` text NOT NULL,
  `entryDate` date NOT NULL DEFAULT '0000-00-00',
  PRIMARY KEY (`id`)
) ENGINE=InnoDB  DEFAULT CHARSET=latin1 AUTO_INCREMENT=5 ;

--
-- Dumping data for table `companies`
--

INSERT INTO `companies` (`id`, `name`, `phone`, `email`, `address`, `image`, `entryDate`) VALUES
(1, 'ATTOCK PETROLEUM LIMITED', '0515127250-54', '', 'MORGHA RAWALPINDI', '0', '2014-12-02'),
(2, 'al-haj enterprisers', '056-3540422', '', '', '0', '2014-12-31'),
(3, 'amir afser carriage', '', '', 'RAWALPINDI', '0', '2015-01-20'),
(4, 'Transport logistics enterprisere', '0300 6311248', '', 'MACHIKEY', '0', '2015-01-26');

-- --------------------------------------------------------

--
-- Table structure for table `company_accounts`
--

CREATE TABLE IF NOT EXISTS `company_accounts` (
  `id` int(11) NOT NULL AUTO_INCREMENT,
  `trip_detail_id` int(11) NOT NULL,
  `company_id` int(11) NOT NULL,
  `payment_date` date NOT NULL,
  `amount` double NOT NULL DEFAULT '0',
  `entryDate` datetime NOT NULL DEFAULT '0000-00-00 00:00:00',
  PRIMARY KEY (`id`)
) ENGINE=InnoDB  DEFAULT CHARSET=latin1 AUTO_INCREMENT=160 ;

--
-- Dumping data for table `company_accounts`
--

INSERT INTO `company_accounts` (`id`, `trip_detail_id`, `company_id`, `payment_date`, `amount`, `entryDate`) VALUES
(1, 1, 1, '2015-02-05', 19497.6, '0000-00-00 00:00:00'),
(2, 2, 1, '2015-02-05', 19497.6, '0000-00-00 00:00:00'),
(3, 3, 1, '2015-02-05', 16248, '0000-00-00 00:00:00'),
(4, 4, 1, '2015-02-05', 14491.2, '0000-00-00 00:00:00'),
(5, 5, 1, '2015-02-05', 387.6, '0000-00-00 00:00:00'),
(6, 6, 1, '2015-02-05', 1284.3, '0000-00-00 00:00:00'),
(7, 7, 1, '2015-02-05', 2140.5, '0000-00-00 00:00:00'),
(8, 8, 1, '2015-02-05', 1938, '0000-00-00 00:00:00'),
(9, 9, 1, '2015-02-05', 387.6, '0000-00-00 00:00:00'),
(10, 10, 1, '2015-02-05', 1705.44, '0000-00-00 00:00:00'),
(11, 11, 1, '2015-02-05', 1550.4, '0000-00-00 00:00:00'),
(12, 12, 1, '2015-02-05', 9748.8, '0000-00-00 00:00:00'),
(13, 13, 1, '2015-02-05', 16248, '0000-00-00 00:00:00'),
(14, 14, 1, '2015-02-05', 2093.04, '0000-00-00 00:00:00'),
(15, 15, 1, '2015-02-05', 1550.4, '0000-00-00 00:00:00'),
(16, 16, 1, '2015-02-05', 581.4, '0000-00-00 00:00:00'),
(17, 17, 1, '2015-02-05', 1162.8, '0000-00-00 00:00:00'),
(18, 18, 1, '2015-02-05', 16248, '0000-00-00 00:00:00'),
(19, 19, 1, '2015-02-05', 16248, '0000-00-00 00:00:00'),
(20, 20, 1, '2015-02-05', 2054.88, '0000-00-00 00:00:00'),
(21, 21, 1, '2015-02-05', 1550.4, '0000-00-00 00:00:00'),
(22, 22, 1, '2015-02-05', 387.6, '0000-00-00 00:00:00'),
(23, 23, 1, '2015-02-05', 387.6, '0000-00-00 00:00:00'),
(24, 24, 1, '2015-02-05', 620.16, '0000-00-00 00:00:00'),
(25, 25, 1, '2015-02-05', 620.16, '0000-00-00 00:00:00'),
(26, 26, 1, '2015-02-05', 620.16, '0000-00-00 00:00:00'),
(27, 27, 1, '2015-02-05', 969, '0000-00-00 00:00:00'),
(28, 28, 1, '2015-02-05', 16248, '0000-00-00 00:00:00'),
(29, 29, 1, '2015-02-05', 19497.6, '0000-00-00 00:00:00'),
(30, 30, 1, '2015-02-05', 19497.6, '0000-00-00 00:00:00'),
(31, 31, 1, '2015-02-05', 16248, '0000-00-00 00:00:00'),
(32, 33, 1, '2015-02-05', 3763.8, '0000-00-00 00:00:00'),
(33, 34, 1, '2015-02-05', 1550.4, '0000-00-00 00:00:00'),
(34, 35, 1, '2015-02-05', 1938, '0000-00-00 00:00:00'),
(35, 36, 1, '2015-02-05', 1938, '0000-00-00 00:00:00'),
(36, 37, 1, '2015-02-05', 387.6, '0000-00-00 00:00:00'),
(37, 38, 1, '2015-02-05', 775.2, '0000-00-00 00:00:00'),
(38, 39, 1, '2015-02-05', 1162.8, '0000-00-00 00:00:00'),
(39, 40, 1, '2015-02-05', 1046.52, '0000-00-00 00:00:00'),
(40, 41, 1, '2015-02-05', 19497.6, '0000-00-00 00:00:00'),
(41, 42, 1, '2015-02-05', 16248, '0000-00-00 00:00:00'),
(42, 43, 1, '2015-02-05', 581.4, '0000-00-00 00:00:00'),
(43, 44, 1, '2015-02-05', 581.4, '0000-00-00 00:00:00'),
(44, 45, 1, '2015-02-05', 387.6, '0000-00-00 00:00:00'),
(45, 46, 1, '2015-02-05', 193.8, '0000-00-00 00:00:00'),
(46, 47, 1, '2015-02-05', 19497.6, '0000-00-00 00:00:00'),
(47, 48, 1, '2015-02-05', 12998.4, '0000-00-00 00:00:00'),
(48, 49, 1, '2015-02-05', 1550.4, '0000-00-00 00:00:00'),
(49, 50, 1, '2015-02-05', 1938, '0000-00-00 00:00:00'),
(50, 51, 1, '2015-02-05', 1162.8, '0000-00-00 00:00:00'),
(51, 52, 1, '2015-02-05', 581.4, '0000-00-00 00:00:00'),
(52, 53, 1, '2015-02-05', 18114, '0000-00-00 00:00:00'),
(53, 54, 1, '2015-02-05', 18114, '0000-00-00 00:00:00'),
(54, 55, 1, '2015-02-05', 19497.6, '0000-00-00 00:00:00'),
(55, 56, 1, '2015-02-05', 16248, '0000-00-00 00:00:00'),
(56, 57, 1, '2015-02-05', 2054.88, '0000-00-00 00:00:00'),
(57, 58, 1, '2015-02-05', 387.6, '0000-00-00 00:00:00'),
(58, 59, 1, '2015-02-05', 969, '0000-00-00 00:00:00'),
(59, 60, 1, '2015-02-05', 3424.8, '0000-00-00 00:00:00'),
(60, 61, 1, '2015-02-05', 3424.8, '0000-00-00 00:00:00'),
(61, 62, 1, '2015-02-05', 1550.4, '0000-00-00 00:00:00'),
(62, 63, 1, '2015-02-05', 1162.8, '0000-00-00 00:00:00'),
(63, 64, 1, '2015-02-05', 3763.8, '0000-00-00 00:00:00'),
(64, 65, 1, '2015-02-05', 581.4, '0000-00-00 00:00:00'),
(65, 66, 1, '2015-02-05', 19497.6, '0000-00-00 00:00:00'),
(66, 67, 1, '2015-02-05', 19497.6, '0000-00-00 00:00:00'),
(67, 68, 1, '2015-02-05', 14491.2, '0000-00-00 00:00:00'),
(68, 69, 1, '2015-02-05', 16248, '0000-00-00 00:00:00'),
(69, 70, 1, '2015-02-05', 16248, '0000-00-00 00:00:00'),
(70, 71, 1, '2015-02-05', 1705.44, '0000-00-00 00:00:00'),
(71, 72, 1, '2015-02-05', 1046.52, '0000-00-00 00:00:00'),
(72, 73, 1, '2015-02-05', 16248, '0000-00-00 00:00:00'),
(73, 74, 1, '2015-02-05', 19497.6, '0000-00-00 00:00:00'),
(74, 75, 1, '2015-02-05', 16248, '0000-00-00 00:00:00'),
(75, 76, 1, '2015-02-05', 16248, '0000-00-00 00:00:00'),
(76, 77, 1, '2015-02-05', 1550.4, '0000-00-00 00:00:00'),
(77, 78, 1, '2015-02-05', 5018.4, '0000-00-00 00:00:00'),
(78, 79, 1, '2015-02-05', 12998.4, '0000-00-00 00:00:00'),
(79, 80, 1, '2015-02-05', 16248, '0000-00-00 00:00:00'),
(80, 81, 1, '2015-02-05', 8124, '0000-00-00 00:00:00'),
(81, 82, 1, '2015-02-05', 775.2, '0000-00-00 00:00:00'),
(82, 83, 1, '2015-02-05', 387.6, '0000-00-00 00:00:00'),
(83, 84, 1, '2015-02-05', 969, '0000-00-00 00:00:00'),
(84, 85, 1, '2015-02-05', 581.4, '0000-00-00 00:00:00'),
(85, 86, 1, '2015-02-05', 19497.6, '0000-00-00 00:00:00'),
(86, 87, 1, '2015-02-05', 16248, '0000-00-00 00:00:00'),
(87, 88, 1, '2015-02-05', 19497.6, '0000-00-00 00:00:00'),
(88, 89, 1, '2015-02-05', 19497.6, '0000-00-00 00:00:00'),
(89, 90, 1, '2015-02-05', 3763.8, '0000-00-00 00:00:00'),
(90, 91, 1, '2015-02-05', 1938, '0000-00-00 00:00:00'),
(91, 92, 1, '2015-02-05', 1550.4, '0000-00-00 00:00:00'),
(92, 93, 1, '2015-02-05', 387.6, '0000-00-00 00:00:00'),
(93, 94, 1, '2015-02-05', 18114, '0000-00-00 00:00:00'),
(94, 95, 1, '2015-02-05', 3424.8, '0000-00-00 00:00:00'),
(95, 96, 1, '2015-02-05', 969, '0000-00-00 00:00:00'),
(96, 97, 1, '2015-02-05', 19497.6, '0000-00-00 00:00:00'),
(97, 98, 1, '2015-02-05', 16248, '0000-00-00 00:00:00'),
(98, 99, 1, '2015-02-05', 19497.6, '0000-00-00 00:00:00'),
(99, 100, 1, '2015-02-05', 19497.6, '0000-00-00 00:00:00'),
(100, 101, 1, '2015-02-05', 1550.4, '0000-00-00 00:00:00'),
(101, 102, 1, '2015-02-05', 581.4, '0000-00-00 00:00:00'),
(102, 103, 1, '2015-02-05', 387.6, '0000-00-00 00:00:00'),
(103, 104, 1, '2015-02-05', 1938, '0000-00-00 00:00:00'),
(104, 105, 1, '2015-02-05', 3424.8, '0000-00-00 00:00:00'),
(105, 106, 1, '2015-02-05', 581.4, '0000-00-00 00:00:00'),
(106, 107, 1, '2015-02-05', 2568.6, '0000-00-00 00:00:00'),
(107, 108, 1, '2015-02-05', 18114, '0000-00-00 00:00:00'),
(108, 109, 1, '2015-02-05', 387.6, '0000-00-00 00:00:00'),
(109, 110, 1, '2015-02-05', 775.2, '0000-00-00 00:00:00'),
(110, 111, 1, '2015-02-05', 387.6, '0000-00-00 00:00:00'),
(111, 112, 1, '2015-02-05', 969, '0000-00-00 00:00:00'),
(112, 113, 1, '2015-02-05', 1550.4, '0000-00-00 00:00:00'),
(113, 114, 1, '2015-02-05', 3763.8, '0000-00-00 00:00:00'),
(114, 115, 1, '2015-02-05', 1938, '0000-00-00 00:00:00'),
(115, 116, 1, '2015-02-05', 581.4, '0000-00-00 00:00:00'),
(116, 118, 1, '2015-02-05', 16248, '0000-00-00 00:00:00'),
(117, 119, 1, '2015-02-05', 14491.2, '0000-00-00 00:00:00'),
(118, 120, 1, '2015-02-05', 1938, '0000-00-00 00:00:00'),
(119, 121, 1, '2015-02-05', 19497.6, '0000-00-00 00:00:00'),
(120, 122, 1, '2015-02-05', 19497.6, '0000-00-00 00:00:00'),
(121, 123, 1, '2015-02-05', 16248, '0000-00-00 00:00:00'),
(122, 124, 1, '2015-02-05', 19497.6, '0000-00-00 00:00:00'),
(123, 125, 1, '2015-02-05', 16248, '0000-00-00 00:00:00'),
(124, 126, 1, '2015-02-05', 16248, '0000-00-00 00:00:00'),
(125, 127, 1, '2015-02-05', 16248, '0000-00-00 00:00:00'),
(126, 128, 1, '2015-02-05', 387.6, '0000-00-00 00:00:00'),
(127, 129, 1, '2015-02-05', 969, '0000-00-00 00:00:00'),
(128, 130, 1, '2015-02-05', 12998.4, '0000-00-00 00:00:00'),
(129, 131, 1, '2015-02-05', 19497.6, '0000-00-00 00:00:00'),
(130, 132, 1, '2015-02-05', 16248, '0000-00-00 00:00:00'),
(131, 133, 1, '2015-02-05', 10868.4, '0000-00-00 00:00:00'),
(132, 134, 1, '2015-02-05', 3424.8, '0000-00-00 00:00:00'),
(133, 135, 1, '2015-02-05', 16248, '0000-00-00 00:00:00'),
(134, 136, 1, '2015-02-05', 16248, '0000-00-00 00:00:00'),
(135, 137, 1, '2015-02-05', 18114, '0000-00-00 00:00:00'),
(136, 138, 1, '2015-02-05', 18114, '0000-00-00 00:00:00'),
(137, 139, 1, '2015-02-05', 18114, '0000-00-00 00:00:00'),
(138, 140, 1, '2015-02-05', 1550.4, '0000-00-00 00:00:00'),
(139, 141, 1, '2015-02-05', 1938, '0000-00-00 00:00:00'),
(140, 142, 1, '2015-02-05', 581.4, '0000-00-00 00:00:00'),
(141, 143, 1, '2015-02-05', 969, '0000-00-00 00:00:00'),
(142, 144, 1, '2015-02-05', 387.6, '0000-00-00 00:00:00'),
(143, 145, 1, '2015-02-05', 16248, '0000-00-00 00:00:00'),
(144, 146, 1, '2015-02-05', 16248, '0000-00-00 00:00:00'),
(145, 147, 1, '2015-02-05', 3763.8, '0000-00-00 00:00:00'),
(146, 148, 1, '2015-02-05', 19497.6, '0000-00-00 00:00:00'),
(147, 149, 1, '2015-02-05', 1938, '0000-00-00 00:00:00'),
(148, 152, 1, '2015-02-05', 2054.88, '0000-00-00 00:00:00'),
(149, 153, 1, '2015-02-05', 19497.6, '0000-00-00 00:00:00'),
(150, 154, 1, '2015-02-05', 12998.4, '0000-00-00 00:00:00'),
(151, 158, 1, '2015-02-05', 3424.8, '0000-00-00 00:00:00'),
(152, 159, 1, '2015-02-05', 3424.8, '0000-00-00 00:00:00'),
(153, 160, 1, '2015-02-05', 19497.6, '0000-00-00 00:00:00'),
(154, 161, 1, '2015-02-05', 3763.8, '0000-00-00 00:00:00'),
(155, 162, 1, '2015-02-05', 3889.26, '0000-00-00 00:00:00'),
(156, 163, 1, '2015-02-05', 400.8, '0000-00-00 00:00:00'),
(157, 164, 1, '2015-02-05', 400.8, '0000-00-00 00:00:00'),
(158, 165, 1, '2015-02-05', 400.8, '0000-00-00 00:00:00'),
(159, 166, 1, '2015-02-05', 2404.8, '0000-00-00 00:00:00');

-- --------------------------------------------------------

--
-- Table structure for table `contractor_accounts`
--

CREATE TABLE IF NOT EXISTS `contractor_accounts` (
  `id` int(11) NOT NULL AUTO_INCREMENT,
  `trip_detail_id` int(11) NOT NULL,
  `contractor_id` int(11) NOT NULL,
  `payment_date` date NOT NULL DEFAULT '0000-00-00',
  `amount` double NOT NULL DEFAULT '0',
  `entryDate` datetime NOT NULL DEFAULT '0000-00-00 00:00:00',
  PRIMARY KEY (`id`)
) ENGINE=InnoDB  DEFAULT CHARSET=latin1 AUTO_INCREMENT=160 ;

--
-- Dumping data for table `contractor_accounts`
--

INSERT INTO `contractor_accounts` (`id`, `trip_detail_id`, `contractor_id`, `payment_date`, `amount`, `entryDate`) VALUES
(1, 1, 1, '2015-02-05', 318460.8, '0000-00-00 00:00:00'),
(2, 2, 1, '2015-02-05', 318460.8, '0000-00-00 00:00:00'),
(3, 3, 1, '2015-02-05', 265384, '0000-00-00 00:00:00'),
(4, 4, 1, '2015-02-05', 236689.6, '0000-00-00 00:00:00'),
(5, 5, 1, '2015-02-05', 6330.8, '0000-00-00 00:00:00'),
(6, 6, 1, '2015-02-05', 20976.9, '0000-00-00 00:00:00'),
(7, 7, 1, '2015-02-05', 34961.5, '0000-00-00 00:00:00'),
(8, 8, 1, '2015-02-05', 31654, '0000-00-00 00:00:00'),
(9, 9, 1, '2015-02-05', 6330.8, '0000-00-00 00:00:00'),
(10, 10, 1, '2015-02-05', 27855.52, '0000-00-00 00:00:00'),
(11, 11, 1, '2015-02-05', 25323.2, '0000-00-00 00:00:00'),
(12, 12, 1, '2015-02-05', 159230.4, '0000-00-00 00:00:00'),
(13, 13, 1, '2015-02-05', 265384, '0000-00-00 00:00:00'),
(14, 14, 1, '2015-02-05', 34186.32, '0000-00-00 00:00:00'),
(15, 15, 1, '2015-02-05', 25323.2, '0000-00-00 00:00:00'),
(16, 16, 1, '2015-02-05', 9496.2, '0000-00-00 00:00:00'),
(17, 17, 1, '2015-02-05', 18992.4, '0000-00-00 00:00:00'),
(18, 18, 1, '2015-02-05', 265384, '0000-00-00 00:00:00'),
(19, 19, 1, '2015-02-05', 265384, '0000-00-00 00:00:00'),
(20, 20, 1, '2015-02-05', 33563.04, '0000-00-00 00:00:00'),
(21, 21, 1, '2015-02-05', 25323.2, '0000-00-00 00:00:00'),
(22, 22, 1, '2015-02-05', 6330.8, '0000-00-00 00:00:00'),
(23, 23, 1, '2015-02-05', 6330.8, '0000-00-00 00:00:00'),
(24, 24, 1, '2015-02-05', 10129.28, '0000-00-00 00:00:00'),
(25, 25, 1, '2015-02-05', 10129.28, '0000-00-00 00:00:00'),
(26, 26, 1, '2015-02-05', 10129.28, '0000-00-00 00:00:00'),
(27, 27, 1, '2015-02-05', 15827, '0000-00-00 00:00:00'),
(28, 28, 1, '2015-02-05', 265384, '0000-00-00 00:00:00'),
(29, 29, 1, '2015-02-05', 318460.8, '0000-00-00 00:00:00'),
(30, 30, 1, '2015-02-05', 318460.8, '0000-00-00 00:00:00'),
(31, 31, 1, '2015-02-05', 265384, '0000-00-00 00:00:00'),
(32, 33, 1, '2015-02-05', 61475.4, '0000-00-00 00:00:00'),
(33, 34, 1, '2015-02-05', 25323.2, '0000-00-00 00:00:00'),
(34, 35, 1, '2015-02-05', 31654, '0000-00-00 00:00:00'),
(35, 36, 1, '2015-02-05', 31654, '0000-00-00 00:00:00'),
(36, 37, 1, '2015-02-05', 6330.8, '0000-00-00 00:00:00'),
(37, 38, 1, '2015-02-05', 12661.6, '0000-00-00 00:00:00'),
(38, 39, 1, '2015-02-05', 18992.4, '0000-00-00 00:00:00'),
(39, 40, 1, '2015-02-05', 17093.16, '0000-00-00 00:00:00'),
(40, 41, 1, '2015-02-05', 318460.8, '0000-00-00 00:00:00'),
(41, 42, 1, '2015-02-05', 265384, '0000-00-00 00:00:00'),
(42, 43, 1, '2015-02-05', 9496.2, '0000-00-00 00:00:00'),
(43, 44, 1, '2015-02-05', 9496.2, '0000-00-00 00:00:00'),
(44, 45, 1, '2015-02-05', 6330.8, '0000-00-00 00:00:00'),
(45, 46, 1, '2015-02-05', 3165.4, '0000-00-00 00:00:00'),
(46, 47, 1, '2015-02-05', 318460.8, '0000-00-00 00:00:00'),
(47, 48, 1, '2015-02-05', 212307.2, '0000-00-00 00:00:00'),
(48, 49, 1, '2015-02-05', 25323.2, '0000-00-00 00:00:00'),
(49, 50, 1, '2015-02-05', 31654, '0000-00-00 00:00:00'),
(50, 51, 1, '2015-02-05', 18992.4, '0000-00-00 00:00:00'),
(51, 52, 1, '2015-02-05', 9496.2, '0000-00-00 00:00:00'),
(52, 53, 1, '2015-02-05', 295862, '0000-00-00 00:00:00'),
(53, 54, 1, '2015-02-05', 295862, '0000-00-00 00:00:00'),
(54, 55, 1, '2015-02-05', 318460.8, '0000-00-00 00:00:00'),
(55, 56, 1, '2015-02-05', 265384, '0000-00-00 00:00:00'),
(56, 57, 1, '2015-02-05', 33563.04, '0000-00-00 00:00:00'),
(57, 58, 1, '2015-02-05', 6330.8, '0000-00-00 00:00:00'),
(58, 59, 1, '2015-02-05', 15827, '0000-00-00 00:00:00'),
(59, 60, 1, '2015-02-05', 55938.4, '0000-00-00 00:00:00'),
(60, 61, 1, '2015-02-05', 55938.4, '0000-00-00 00:00:00'),
(61, 62, 1, '2015-02-05', 25323.2, '0000-00-00 00:00:00'),
(62, 63, 1, '2015-02-05', 18992.4, '0000-00-00 00:00:00'),
(63, 64, 1, '2015-02-05', 61475.4, '0000-00-00 00:00:00'),
(64, 65, 1, '2015-02-05', 9496.2, '0000-00-00 00:00:00'),
(65, 66, 1, '2015-02-05', 318460.8, '0000-00-00 00:00:00'),
(66, 67, 1, '2015-02-05', 318460.8, '0000-00-00 00:00:00'),
(67, 68, 1, '2015-02-05', 236689.6, '0000-00-00 00:00:00'),
(68, 69, 1, '2015-02-05', 265384, '0000-00-00 00:00:00'),
(69, 70, 1, '2015-02-05', 265384, '0000-00-00 00:00:00'),
(70, 71, 1, '2015-02-05', 27855.52, '0000-00-00 00:00:00'),
(71, 72, 1, '2015-02-05', 17093.16, '0000-00-00 00:00:00'),
(72, 73, 1, '2015-02-05', 265384, '0000-00-00 00:00:00'),
(73, 74, 1, '2015-02-05', 318460.8, '0000-00-00 00:00:00'),
(74, 75, 1, '2015-02-05', 265384, '0000-00-00 00:00:00'),
(75, 76, 1, '2015-02-05', 265384, '0000-00-00 00:00:00'),
(76, 77, 1, '2015-02-05', 25323.2, '0000-00-00 00:00:00'),
(77, 78, 1, '2015-02-05', 81967.2, '0000-00-00 00:00:00'),
(78, 79, 1, '2015-02-05', 212307.2, '0000-00-00 00:00:00'),
(79, 80, 1, '2015-02-05', 265384, '0000-00-00 00:00:00'),
(80, 81, 1, '2015-02-05', 132692, '0000-00-00 00:00:00'),
(81, 82, 1, '2015-02-05', 12661.6, '0000-00-00 00:00:00'),
(82, 83, 1, '2015-02-05', 6330.8, '0000-00-00 00:00:00'),
(83, 84, 1, '2015-02-05', 15827, '0000-00-00 00:00:00'),
(84, 85, 1, '2015-02-05', 9496.2, '0000-00-00 00:00:00'),
(85, 86, 1, '2015-02-05', 318460.8, '0000-00-00 00:00:00'),
(86, 87, 1, '2015-02-05', 265384, '0000-00-00 00:00:00'),
(87, 88, 1, '2015-02-05', 318460.8, '0000-00-00 00:00:00'),
(88, 89, 1, '2015-02-05', 318460.8, '0000-00-00 00:00:00'),
(89, 90, 1, '2015-02-05', 61475.4, '0000-00-00 00:00:00'),
(90, 91, 1, '2015-02-05', 31654, '0000-00-00 00:00:00'),
(91, 92, 1, '2015-02-05', 25323.2, '0000-00-00 00:00:00'),
(92, 93, 1, '2015-02-05', 6330.8, '0000-00-00 00:00:00'),
(93, 94, 1, '2015-02-05', 295862, '0000-00-00 00:00:00'),
(94, 95, 1, '2015-02-05', 55938.4, '0000-00-00 00:00:00'),
(95, 96, 1, '2015-02-05', 15827, '0000-00-00 00:00:00'),
(96, 97, 1, '2015-02-05', 318460.8, '0000-00-00 00:00:00'),
(97, 98, 1, '2015-02-05', 265384, '0000-00-00 00:00:00'),
(98, 99, 1, '2015-02-05', 318460.8, '0000-00-00 00:00:00'),
(99, 100, 1, '2015-02-05', 318460.8, '0000-00-00 00:00:00'),
(100, 101, 1, '2015-02-05', 25323.2, '0000-00-00 00:00:00'),
(101, 102, 1, '2015-02-05', 9496.2, '0000-00-00 00:00:00'),
(102, 103, 1, '2015-02-05', 6330.8, '0000-00-00 00:00:00'),
(103, 104, 1, '2015-02-05', 31654, '0000-00-00 00:00:00'),
(104, 105, 1, '2015-02-05', 55938.4, '0000-00-00 00:00:00'),
(105, 106, 1, '2015-02-05', 9496.2, '0000-00-00 00:00:00'),
(106, 107, 1, '2015-02-05', 41953.8, '0000-00-00 00:00:00'),
(107, 108, 1, '2015-02-05', 295862, '0000-00-00 00:00:00'),
(108, 109, 1, '2015-02-05', 6330.8, '0000-00-00 00:00:00'),
(109, 110, 1, '2015-02-05', 12661.6, '0000-00-00 00:00:00'),
(110, 111, 1, '2015-02-05', 6330.8, '0000-00-00 00:00:00'),
(111, 112, 1, '2015-02-05', 15827, '0000-00-00 00:00:00'),
(112, 113, 1, '2015-02-05', 25323.2, '0000-00-00 00:00:00'),
(113, 114, 1, '2015-02-05', 61475.4, '0000-00-00 00:00:00'),
(114, 115, 1, '2015-02-05', 31654, '0000-00-00 00:00:00'),
(115, 116, 1, '2015-02-05', 9496.2, '0000-00-00 00:00:00'),
(116, 118, 1, '2015-02-05', 265384, '0000-00-00 00:00:00'),
(117, 119, 1, '2015-02-05', 236689.6, '0000-00-00 00:00:00'),
(118, 120, 1, '2015-02-05', 31654, '0000-00-00 00:00:00'),
(119, 121, 1, '2015-02-05', 318460.8, '0000-00-00 00:00:00'),
(120, 122, 1, '2015-02-05', 318460.8, '0000-00-00 00:00:00'),
(121, 123, 1, '2015-02-05', 265384, '0000-00-00 00:00:00'),
(122, 124, 1, '2015-02-05', 318460.8, '0000-00-00 00:00:00'),
(123, 125, 1, '2015-02-05', 265384, '0000-00-00 00:00:00'),
(124, 126, 1, '2015-02-05', 265384, '0000-00-00 00:00:00'),
(125, 127, 1, '2015-02-05', 265384, '0000-00-00 00:00:00'),
(126, 128, 1, '2015-02-05', 6330.8, '0000-00-00 00:00:00'),
(127, 129, 1, '2015-02-05', 15827, '0000-00-00 00:00:00'),
(128, 130, 1, '2015-02-05', 212307.2, '0000-00-00 00:00:00'),
(129, 131, 1, '2015-02-05', 318460.8, '0000-00-00 00:00:00'),
(130, 132, 1, '2015-02-05', 265384, '0000-00-00 00:00:00'),
(131, 133, 1, '2015-02-05', 177517.2, '0000-00-00 00:00:00'),
(132, 134, 1, '2015-02-05', 55938.4, '0000-00-00 00:00:00'),
(133, 135, 1, '2015-02-05', 265384, '0000-00-00 00:00:00'),
(134, 136, 1, '2015-02-05', 265384, '0000-00-00 00:00:00'),
(135, 137, 1, '2015-02-05', 295862, '0000-00-00 00:00:00'),
(136, 138, 1, '2015-02-05', 295862, '0000-00-00 00:00:00'),
(137, 139, 1, '2015-02-05', 295862, '0000-00-00 00:00:00'),
(138, 140, 1, '2015-02-05', 25323.2, '0000-00-00 00:00:00'),
(139, 141, 1, '2015-02-05', 31654, '0000-00-00 00:00:00'),
(140, 142, 1, '2015-02-05', 9496.2, '0000-00-00 00:00:00'),
(141, 143, 1, '2015-02-05', 15827, '0000-00-00 00:00:00'),
(142, 144, 1, '2015-02-05', 6330.8, '0000-00-00 00:00:00'),
(143, 145, 1, '2015-02-05', 265384, '0000-00-00 00:00:00'),
(144, 146, 1, '2015-02-05', 265384, '0000-00-00 00:00:00'),
(145, 147, 1, '2015-02-05', 61475.4, '0000-00-00 00:00:00'),
(146, 148, 1, '2015-02-05', 318460.8, '0000-00-00 00:00:00'),
(147, 149, 1, '2015-02-05', 31654, '0000-00-00 00:00:00'),
(148, 152, 1, '2015-02-05', 33563.04, '0000-00-00 00:00:00'),
(149, 153, 1, '2015-02-05', 318460.8, '0000-00-00 00:00:00'),
(150, 154, 1, '2015-02-05', 212307.2, '0000-00-00 00:00:00'),
(151, 158, 1, '2015-02-05', 55938.4, '0000-00-00 00:00:00'),
(152, 159, 1, '2015-02-05', 55938.4, '0000-00-00 00:00:00'),
(153, 160, 1, '2015-02-05', 318460.8, '0000-00-00 00:00:00'),
(154, 161, 1, '2015-02-05', 61475.4, '0000-00-00 00:00:00'),
(155, 162, 1, '2015-02-05', 63524.58, '0000-00-00 00:00:00'),
(156, 163, 1, '2015-02-05', 6546.4, '0000-00-00 00:00:00'),
(157, 164, 1, '2015-02-05', 6546.4, '0000-00-00 00:00:00'),
(158, 165, 1, '2015-02-05', 6546.4, '0000-00-00 00:00:00'),
(159, 166, 1, '2015-02-05', 39278.4, '0000-00-00 00:00:00');

-- --------------------------------------------------------

--
-- Table structure for table `contractor_company_commissions`
--

CREATE TABLE IF NOT EXISTS `contractor_company_commissions` (
  `id` int(11) NOT NULL AUTO_INCREMENT,
  `contractor_id` int(11) NOT NULL,
  `company_id` int(11) NOT NULL,
  `commission_1` float NOT NULL,
  `commission_2` float NOT NULL,
  `commission_3` float NOT NULL,
  `wht` float NOT NULL DEFAULT '0',
  `entryDate` datetime NOT NULL,
  PRIMARY KEY (`id`)
) ENGINE=InnoDB  DEFAULT CHARSET=latin1 AUTO_INCREMENT=5 ;

--
-- Dumping data for table `contractor_company_commissions`
--

INSERT INTO `contractor_company_commissions` (`id`, `contractor_id`, `company_id`, `commission_1`, `commission_2`, `commission_3`, `wht`, `entryDate`) VALUES
(1, 1, 1, 6, 2, 0, 0, '2014-12-02 15:43:21'),
(2, 2, 2, 5.5, 0, 0, 0, '2014-12-31 13:19:48'),
(3, 2, 3, 4.5, 0, 0, 0, '2015-01-20 20:06:47'),
(4, 2, 4, 8, 0, 0, 0, '2015-01-26 13:25:31');

-- --------------------------------------------------------

--
-- Table structure for table `contractor_customer_commissions`
--

CREATE TABLE IF NOT EXISTS `contractor_customer_commissions` (
  `id` int(11) NOT NULL AUTO_INCREMENT,
  `contractor_id` int(11) NOT NULL,
  `customer_id` int(11) NOT NULL,
  `freight_commission` float NOT NULL,
  `commission_1` float NOT NULL,
  `commission_2` float NOT NULL,
  `entryDate` datetime NOT NULL,
  PRIMARY KEY (`id`)
) ENGINE=InnoDB  DEFAULT CHARSET=latin1 AUTO_INCREMENT=28 ;

--
-- Dumping data for table `contractor_customer_commissions`
--

INSERT INTO `contractor_customer_commissions` (`id`, `contractor_id`, `customer_id`, `freight_commission`, `commission_1`, `commission_2`, `entryDate`) VALUES
(1, 1, 1, 10, 0, 0, '2014-12-02 15:39:13'),
(2, 1, 2, 10, 0, 0, '2014-12-02 15:39:33'),
(3, 1, 9, 10, 0, 0, '2014-12-02 15:39:46'),
(4, 1, 8, 10, 0, 0, '2014-12-02 15:39:58'),
(5, 1, 7, 10, 0, 0, '2014-12-02 15:40:10'),
(6, 1, 6, 7, 0, 0, '2014-12-02 15:40:24'),
(7, 1, 5, 10, 0, 0, '2014-12-02 15:40:34'),
(8, 1, 4, 10, 0, 0, '2014-12-02 15:40:49'),
(9, 1, 3, 8, 0, 0, '2014-12-02 15:41:04'),
(10, 1, 10, 10, 0, 0, '2014-12-04 16:43:52'),
(11, 1, 13, 10, 0, 0, '2014-12-04 16:44:33'),
(12, 1, 14, 10, 0, 0, '2014-12-12 10:14:39'),
(13, 1, 15, 10, 0, 0, '2014-12-12 10:15:31'),
(14, 1, 16, 10, 0, 0, '2014-12-12 10:15:48'),
(15, 1, 17, 10, 0, 0, '2014-12-12 10:16:03'),
(16, 1, 12, 10, 0, 0, '2014-12-12 10:26:32'),
(17, 1, 11, 10, 0, 0, '2014-12-12 10:26:49'),
(18, 1, 18, 7, 0, 0, '2014-12-17 11:40:35'),
(19, 1, 19, 10, 0, 0, '2014-12-23 14:34:27'),
(20, 1, 20, 10, 0, 0, '2015-01-01 10:27:04'),
(21, 1, 21, 10, 0, 0, '2015-01-20 20:01:34'),
(22, 1, 22, 10, 0, 0, '2015-01-20 20:01:46'),
(23, 1, 23, 10, 0, 0, '2015-02-02 12:52:26'),
(24, 1, 24, 10, 0, 0, '2015-02-02 12:54:38'),
(25, 1, 25, 10, 0, 0, '2015-02-10 17:19:39'),
(26, 1, 26, 10, 0, 0, '2015-02-10 17:20:09'),
(27, 1, 27, 10, 0, 0, '2015-02-11 20:01:52');

-- --------------------------------------------------------

--
-- Table structure for table `customers`
--

CREATE TABLE IF NOT EXISTS `customers` (
  `id` bigint(20) NOT NULL AUTO_INCREMENT,
  `name` varchar(100) NOT NULL,
  `idCard` int(17) NOT NULL DEFAULT '0',
  `phone` varchar(15) NOT NULL DEFAULT '0',
  `email` varchar(100) NOT NULL DEFAULT '0',
  `address` varchar(200) NOT NULL DEFAULT '0',
  `image` text,
  `entryDate` datetime NOT NULL DEFAULT '0000-00-00 00:00:00',
  PRIMARY KEY (`id`)
) ENGINE=InnoDB  DEFAULT CHARSET=latin1 AUTO_INCREMENT=28 ;

--
-- Dumping data for table `customers`
--

INSERT INTO `customers` (`id`, `name`, `idCard`, `phone`, `email`, `address`, `image`, `entryDate`) VALUES
(1, 'IRFAN VIRK', 35404, '03007769422', 'VIRKOILCOMPANY@YAHOO.COM', 'SHEIKHUPURA', '0', '2014-12-02 14:40:22'),
(2, 'JAMSHEED SARA', 0, '0321 4406636', '', 'SHEIKHUPURA', '0', '2014-12-02 14:42:08'),
(3, 'MAHER SHAHID', 0, '0300 8718078', '', 'GUJRANWALA', '0', '2014-12-02 14:43:30'),
(4, 'HAFIZ NAEEM / SAMMAD', 0, '0300 4006482', '', 'LAHORE', '0', '2014-12-02 14:44:36'),
(5, 'SHEIKH QASAM', 0, '0300 4234641', '', 'LAHORE', '0', '2014-12-02 14:45:40'),
(6, 'NASEER PASRURIA', 0, '0300 8741987', '', 'GUJRANWALA', '0', '2014-12-02 14:46:43'),
(7, 'HAFIZ AZAM', 0, '0300 8408300', '', 'LAHORE', '0', '2014-12-02 14:48:00'),
(8, 'HAJI NAZEER', 0, '0300 6440807', '', 'GUJRANWALA', '0', '2014-12-02 14:48:50'),
(9, 'KHALID SAILKOT', 0, '0300 7161500', '', 'SAILKOT', '0', '2014-12-02 14:49:53'),
(10, 'CH BASHRAT', 0, '0300 8470825', '', 'LHR', '0', '2014-12-02 19:18:35'),
(11, 'SAJAD OTCL', 1234, '0333 4422811', '', 'OTCL', '0', '2014-12-04 12:01:08'),
(12, 'IFTIKHAR SHAH', 123, '0321 6017487', '', 'SARGODHA', '0', '2014-12-04 13:11:54'),
(13, 'ARSLAN TRADERS', 98326, '0321  8463975', '', 'LAHORE', '0', '2014-12-04 16:32:26'),
(14, 'HIGHWAY F/S', 35202, '0302 6114775', '', 'GUJRANWALA', '0', '2014-12-04 17:03:23'),
(15, 'SAIF CHEEMA', 765432, '0300 8454403', '', 'SARGODHA', '0', '2014-12-06 14:50:08'),
(16, 'NAEEM GUJRAT', 34563, '0303 6955005', '', 'GUJRAT', '0', '2014-12-06 17:33:52'),
(17, 'HEAD MARALA GREAD', 146789, '0347 3408527', '', 'SAILKOT', '0', '2014-12-08 17:39:23'),
(18, 'NAWAB F/S', 67586, '0333 8606128', '', 'SAILKOT', '0', '2014-12-17 11:38:50'),
(19, 'DR.YOUNIS', 3678120, '', '', 'MACHIKEY', '0', '2014-12-23 14:33:57'),
(20, 'UNIQUE ENTERPRISERS', 2147483647, '', '', 'RAWALPINDI', '0', '2015-01-01 10:26:34'),
(21, 'CH MUKHTAR', 35103, 'MUHAMMAD IDREES', '', 'PATOKI . MUHAMMAD IDREES', '0', '2015-01-13 13:40:59'),
(22, 'MEHAR BAKHASH', 34404, 'NILL', '', 'SARGHODA', '0', '2015-01-16 14:37:39'),
(23, 'MUNSHI MUKHTAR', 0, '03006475587', '', 'SHEIKUPURA', '0', '2015-02-02 12:51:36'),
(24, 'FAROOQ NANGHAL', 0, '03006311248', '', 'SHEIKUPURA', '0', '2015-02-02 12:53:43'),
(25, 'FARHAN LAHORE', 0, '03219476906', '', 'LAHORE', '0', '2015-02-04 10:49:26'),
(26, 'Mumtaz Shah', 0, '03217991281', '', 'Sheikhupura', '0', '2015-02-09 21:21:59'),
(27, 'SHEIKH USMAN', 0, '03214466551', '', 'LAHORE', '0', '2015-02-11 20:01:22');

-- --------------------------------------------------------

--
-- Table structure for table `customer_accounts`
--

CREATE TABLE IF NOT EXISTS `customer_accounts` (
  `id` int(11) NOT NULL AUTO_INCREMENT,
  `trip_detail_id` int(11) NOT NULL,
  `customer_id` int(11) NOT NULL,
  `payment_date` date NOT NULL DEFAULT '0000-00-00',
  `amount` double NOT NULL DEFAULT '0',
  `entryDate` datetime NOT NULL,
  PRIMARY KEY (`id`)
) ENGINE=InnoDB  DEFAULT CHARSET=latin1 AUTO_INCREMENT=3 ;

--
-- Dumping data for table `customer_accounts`
--

INSERT INTO `customer_accounts` (`id`, `trip_detail_id`, `customer_id`, `payment_date`, `amount`, `entryDate`) VALUES
(1, 305, 23, '2015-02-03', 1389.6, '0000-00-00 00:00:00'),
(2, 306, 23, '2015-02-03', 2779.2, '0000-00-00 00:00:00');

-- --------------------------------------------------------

--
-- Table structure for table `drivers`
--

CREATE TABLE IF NOT EXISTS `drivers` (
  `id` int(11) NOT NULL AUTO_INCREMENT,
  `name` varchar(100) DEFAULT NULL,
  `idCard` varchar(17) NOT NULL DEFAULT '0',
  `phone` varchar(15) NOT NULL DEFAULT '0',
  `email` varchar(100) NOT NULL DEFAULT '0',
  `address` varchar(200) NOT NULL DEFAULT '0',
  `image` text,
  `entryDate` datetime NOT NULL DEFAULT '0000-00-00 00:00:00',
  PRIMARY KEY (`id`)
) ENGINE=InnoDB  DEFAULT CHARSET=latin1 AUTO_INCREMENT=9 ;

--
-- Dumping data for table `drivers`
--

INSERT INTO `drivers` (`id`, `name`, `idCard`, `phone`, `email`, `address`, `image`, `entryDate`) VALUES
(1, 'RANA ABID', '1', '', '', '', '0', '2014-12-04 16:19:47'),
(2, 'RANA ABID 786', '09876', '', '', '', '0', '2014-12-04 16:20:21'),
(3, 'M BAKHSH BLOUCH', '38202-1291218-9', '0300 7293018', '', 'SARGODHA', '0', '2014-12-04 16:55:31'),
(4, 'NAMIT ULLAHA', '11201-0313496-7', '0347 7065113', '', 'LAKI MARWAT', '0', '2014-12-04 17:52:00'),
(5, 'KHIZER HAYAT', '33202-2121254-3', '0345 6260993', '', 'JHANG', '0', '2014-12-04 18:10:14'),
(6, 'AHMAD ALI/ VAGRA', '33100-5080863-5', '0346 6628049', '', 'FAISALABAD', '0', '2014-12-04 18:11:36'),
(7, 'MUKHTAR HUSSAIN', '33202-2639419-9', '0300 8967422', '', 'JHANG', '0', '2014-12-04 18:13:26'),
(8, 'M NADEEM', '36304-8192996-1', '0301 4735592', '', 'MULTAN', '0', '2014-12-04 18:15:47');

-- --------------------------------------------------------

--
-- Table structure for table `drivers_expenses`
--

CREATE TABLE IF NOT EXISTS `drivers_expenses` (
  `id` int(11) NOT NULL AUTO_INCREMENT,
  `driver_id` int(11) NOT NULL,
  `description` varchar(200) NOT NULL,
  `expense` float NOT NULL DEFAULT '0',
  `expense_date` date NOT NULL DEFAULT '0000-00-00',
  `entryDate` datetime NOT NULL DEFAULT '0000-00-00 00:00:00',
  PRIMARY KEY (`id`)
) ENGINE=InnoDB DEFAULT CHARSET=latin1 AUTO_INCREMENT=1 ;

-- --------------------------------------------------------

--
-- Table structure for table `freights`
--

CREATE TABLE IF NOT EXISTS `freights` (
  `id` int(11) NOT NULL AUTO_INCREMENT,
  `route_id` int(11) NOT NULL,
  `freight` float NOT NULL,
  `startDate` date NOT NULL,
  `endDate` date NOT NULL,
  PRIMARY KEY (`id`)
) ENGINE=InnoDB  DEFAULT CHARSET=latin1 AUTO_INCREMENT=153 ;

--
-- Dumping data for table `freights`
--

INSERT INTO `freights` (`id`, `route_id`, `freight`, `startDate`, `endDate`) VALUES
(1, 1, 0, '2014-12-02', '2014-12-13'),
(2, 2, 0, '2014-12-02', '2014-12-13'),
(3, 3, 0, '2014-12-02', '2014-12-13'),
(4, 4, 0, '2014-12-02', '2014-12-13'),
(5, 5, 0, '2014-12-02', '2014-12-13'),
(6, 3, 0, '2014-12-02', '2014-12-13'),
(7, 7, 0, '2014-12-02', '2014-12-13'),
(8, 8, 0, '2014-12-02', '2014-12-13'),
(9, 9, 0, '2014-12-02', '2014-12-13'),
(10, 10, 0, '2014-12-02', '2014-12-13'),
(11, 11, 0, '2014-12-02', '2014-12-13'),
(12, 6, 0, '2014-12-02', '2014-12-13'),
(13, 11, 2.09079, '2014-12-01', '2014-12-31'),
(14, 9, 1.34047, '2014-12-01', '2014-12-31'),
(15, 8, 0.64601, '2014-12-01', '2014-12-31'),
(16, 7, 0.64601, '2014-12-01', '2014-12-31'),
(17, 4, 6.03753, '2014-12-01', '2014-12-31'),
(18, 1, 5.41645, '2014-12-01', '2014-12-31'),
(19, 11, 2.09079, '2014-12-01', '2015-01-31'),
(20, 9, 1.34047, '2014-12-01', '2015-01-31'),
(21, 8, 0.64601, '2014-12-01', '2015-01-31'),
(22, 7, 0.64601, '2014-12-01', '2015-01-31'),
(23, 4, 6.03753, '2014-12-01', '2015-01-31'),
(24, 1, 5.41645, '2014-12-01', '2015-01-31'),
(25, 8, 0.6669, '2014-11-01', '2014-11-30'),
(26, 7, 0.64601, '2014-11-01', '2014-11-30'),
(27, 8, 0.67482, '2014-09-01', '2014-09-30'),
(28, 7, 0.67482, '2014-09-01', '2014-09-30'),
(29, 8, 0.67126, '2014-10-01', '2014-10-31'),
(30, 7, 0.67126, '2014-10-01', '2014-10-31'),
(31, 8, 0.6679, '2014-11-01', '2014-11-30'),
(32, 7, 0.6679, '2014-11-01', '2014-11-30'),
(33, 4, 6.2736, '2014-10-01', '2014-10-31'),
(34, 2, 5.41645, '2014-12-01', '2015-12-31'),
(35, 3, 6.03753, '1014-12-01', '2015-01-31'),
(36, 11, 2.09079, '2014-12-01', '2014-12-31'),
(37, 9, 1.34047, '2014-12-01', '2014-12-31'),
(38, 8, 0.64601, '2014-12-01', '2014-12-31'),
(39, 7, 0.64601, '2014-12-01', '2014-12-31'),
(40, 4, 6.03753, '2014-12-01', '2014-12-31'),
(41, 3, 6.03753, '1014-12-01', '2014-12-31'),
(42, 2, 5.41645, '2014-12-01', '2014-12-31'),
(43, 1, 5.41645, '2014-12-01', '2014-12-31'),
(44, 11, 2.09079, '2014-12-01', '2014-12-31'),
(45, 9, 1.34047, '2014-12-01', '2014-12-31'),
(46, 8, 0.64601, '2014-12-01', '2014-12-31'),
(47, 7, 0.64601, '2014-12-01', '2014-12-31'),
(48, 4, 6.03753, '2014-12-01', '2014-12-31'),
(49, 3, 6.03753, '1014-12-01', '2014-12-31'),
(50, 2, 5.41645, '2014-12-01', '2014-12-31'),
(51, 1, 5.41645, '2014-12-01', '2014-12-31'),
(52, 11, 2.00945, '2015-01-01', '2015-01-31'),
(53, 9, 1.28833, '2014-12-01', '2015-01-31'),
(54, 8, 0.62088, '2015-01-01', '2015-01-31'),
(55, 8, 0.62088, '2015-01-01', '2015-01-31'),
(56, 9, 1.34047, '2014-12-01', '2014-12-31'),
(57, 7, 0.62088, '2015-01-01', '2015-01-31'),
(58, 4, 5.8026, '2015-01-01', '2015-01-31'),
(59, 3, 6.03753, '2014-12-01', '2014-12-31'),
(60, 3, 5.8026, '2015-01-01', '2015-01-31'),
(61, 2, 5.41645, '2014-12-01', '2014-12-31'),
(62, 2, 5.20569, '2015-01-01', '2015-01-31'),
(63, 1, 5.20569, '2015-01-01', '2015-01-31'),
(64, 13, 5.20569, '2015-01-01', '2015-01-31'),
(65, 14, 4.5, '2015-01-01', '2015-01-31'),
(66, 7, 0.668, '2014-11-01', '2014-11-30'),
(67, 8, 0.668, '2014-11-01', '2014-11-30'),
(68, 4, 6.038, '2014-12-01', '2014-12-31'),
(69, 1, 5.416, '2014-12-01', '2014-12-31'),
(70, 8, 0.646, '2014-12-01', '2014-12-31'),
(71, 7, 0.646, '2014-12-01', '2014-12-31'),
(72, 9, 1.427, '2014-12-01', '2014-12-31'),
(73, 11, 2.091, '2014-12-01', '2014-12-31'),
(74, 2, 5.416, '2014-12-01', '2014-12-31'),
(75, 15, 4.5, '2015-01-01', '2015-01-31'),
(76, 16, 1, '2015-01-01', '2015-01-31'),
(77, 17, 0, '2015-01-01', '2015-01-31'),
(78, 18, 0.3371, '2015-02-01', '2015-02-28'),
(79, 19, 0.3371, '2015-02-01', '2015-02-28'),
(80, 20, 0.2642, '2015-02-01', '2015-02-28'),
(81, 21, 0.2642, '2015-02-01', '2015-02-28'),
(82, 22, 0.634875, '2015-02-01', '2015-02-28'),
(83, 23, 0.634875, '2015-02-01', '2015-02-28'),
(84, 24, 0.52129, '2015-02-01', '2015-02-28'),
(85, 25, 0.52129, '2015-02-01', '2015-02-28'),
(86, 26, 0.3088, '2015-02-01', '2015-02-28'),
(87, 27, 0.3088, '2015-02-01', '2015-02-28'),
(88, 28, 0.5113, '2015-02-01', '2015-02-28'),
(89, 29, 0.5113, '2015-02-01', '2015-02-28'),
(90, 30, 0.628, '2015-02-01', '2015-02-28'),
(91, 31, 0.5016, '2015-02-01', '2015-02-28'),
(92, 32, 0.5016, '2015-02-01', '2015-02-28'),
(93, 33, 0.3872, '2015-02-01', '2015-02-28'),
(94, 34, 0.3872, '2015-02-01', '2015-02-28'),
(95, 8, 0.62088, '2015-01-01', '2015-02-01'),
(96, 8, 0.62088, '2015-01-01', '2015-02-28'),
(97, 7, 0.62088, '2015-01-01', '2015-02-28'),
(98, 8, 0.62088, '2015-01-01', '2015-02-28'),
(99, 2, 5.41645, '2015-02-01', '2015-02-28'),
(100, 2, 5.4, '2015-02-01', '2015-02-28'),
(101, 1, 5.4, '2015-02-01', '2015-02-28'),
(102, 4, 5.8026, '2015-01-01', '2015-02-28'),
(103, 9, 2.09079, '2015-02-01', '2015-02-28'),
(104, 3, 5.8026, '2015-02-01', '2015-02-28'),
(105, 35, 0.3872, '2015-02-01', '2015-02-28'),
(106, 36, 0.3872, '2015-02-01', '2015-02-28'),
(107, 37, 0.6266, '2015-02-01', '2015-02-28'),
(108, 38, 0.5961, '2015-02-01', '2015-02-28'),
(109, 39, 0.6266, '2015-02-01', '2015-02-28'),
(110, 40, 0.5961, '2015-02-01', '2015-02-28'),
(111, 41, 0.3844, '2015-02-01', '2015-02-28'),
(112, 42, 0.3844, '2015-02-01', '2015-02-28'),
(113, 43, 4.2, '2015-02-01', '2015-02-28'),
(114, 44, 4.2, '2015-02-01', '2015-02-28'),
(115, 14, 4.1345, '2015-02-01', '2015-02-28'),
(116, 45, 0.52125, '2015-02-01', '2015-02-28'),
(117, 9, 1.28833, '2015-02-01', '2015-02-28'),
(118, 46, 0.610187, '2015-02-01', '2015-02-28'),
(119, 47, 0.610187, '2015-02-01', '2015-02-28'),
(120, 48, 1, '2015-02-01', '2015-02-28'),
(121, 49, 1, '2015-02-01', '2015-02-28'),
(122, 49, 1.039, '2015-02-01', '2015-02-28'),
(123, 50, 0.2297, '2015-02-01', '2015-02-28'),
(124, 51, 4, '2015-02-01', '2015-02-28'),
(125, 17, 1, '2015-01-01', '2015-01-31'),
(126, 17, 0, '2015-01-01', '2015-01-31'),
(127, 52, 1.3016, '2015-02-01', '2015-02-28'),
(128, 53, 1.2823, '2015-02-01', '2015-02-28'),
(129, 54, 4, '2015-02-01', '2015-02-28'),
(130, 55, 4, '2015-02-01', '2015-02-28'),
(131, 56, 0.2323, '2015-02-01', '2015-02-28'),
(132, 57, 0.2133, '2015-02-01', '2015-02-28'),
(133, 58, 0.2133, '2015-02-01', '2015-02-28'),
(134, 59, 0.62, '2015-02-01', '2015-02-28'),
(135, 11, 1.5, '2015-02-01', '2015-02-28'),
(136, 60, 1.5, '2015-02-01', '2015-02-28'),
(137, 61, 5.4, '2015-02-01', '2015-02-28'),
(138, 62, 4, '2015-02-01', '2015-02-28'),
(139, 63, 0.62, '2015-02-01', '2015-02-28'),
(140, 64, 0.3, '2015-02-01', '2015-02-28'),
(141, 65, 0.3, '2015-02-01', '2015-02-28'),
(142, 66, 0.3, '2015-02-01', '2015-02-28'),
(143, 67, 0.236125, '2015-02-01', '2015-02-28'),
(144, 68, 0.462125, '2015-02-01', '2015-02-28'),
(145, 69, 0.288125, '2015-02-01', '2015-02-28'),
(146, 70, 0.785125, '2015-02-01', '2015-02-28'),
(147, 71, 0.785125, '2015-02-01', '2015-02-28'),
(148, 72, 0.3086, '2015-02-01', '2015-02-28'),
(149, 73, 0.4, '2015-02-01', '2015-02-28'),
(150, 74, 0.4, '2015-02-01', '2015-02-28'),
(151, 75, 0.4, '2015-02-01', '2015-02-28'),
(152, 76, 0.4, '2015-02-01', '2015-02-28');

-- --------------------------------------------------------

--
-- Table structure for table `freight_history`
--

CREATE TABLE IF NOT EXISTS `freight_history` (
  `id` int(11) NOT NULL AUTO_INCREMENT,
  `route_id` int(11) NOT NULL,
  `freight` float NOT NULL,
  `entryDate` datetime NOT NULL,
  PRIMARY KEY (`id`)
) ENGINE=InnoDB  DEFAULT CHARSET=latin1 AUTO_INCREMENT=7 ;

--
-- Dumping data for table `freight_history`
--

INSERT INTO `freight_history` (`id`, `route_id`, `freight`, `entryDate`) VALUES
(1, 1, 5.41645, '2014-12-04 23:02:37'),
(2, 2, 5.41645, '2014-12-04 23:02:46'),
(3, 3, 6.03753, '2014-12-04 23:02:56'),
(4, 4, 6.03753, '2014-12-04 23:03:08'),
(5, 7, 0.64601, '2014-12-04 23:03:19'),
(6, 9, 1.34047, '2014-12-04 23:03:30');

-- --------------------------------------------------------

--
-- Table structure for table `other_agents`
--

CREATE TABLE IF NOT EXISTS `other_agents` (
  `id` int(11) NOT NULL AUTO_INCREMENT,
  `name` varchar(100) NOT NULL,
  `idCard` varchar(20) NOT NULL,
  `phone` varchar(100) NOT NULL,
  `email` varchar(100) NOT NULL,
  `address` varchar(200) NOT NULL,
  `image` text NOT NULL,
  `entryDate` datetime NOT NULL,
  PRIMARY KEY (`id`)
) ENGINE=InnoDB  DEFAULT CHARSET=latin1 AUTO_INCREMENT=3 ;

--
-- Dumping data for table `other_agents`
--

INSERT INTO `other_agents` (`id`, `name`, `idCard`, `phone`, `email`, `address`, `image`, `entryDate`) VALUES
(1, 'haji mushtaq', '087654356886', '', '', 'SHEIKHUPURA', '0', '2015-01-12 20:16:14'),
(2, 'haider f/s', 'jggu98765321', '', '', 'MACHIKEY', '0', '2015-01-12 20:16:46');

-- --------------------------------------------------------

--
-- Table structure for table `other_tankers_expenses`
--

CREATE TABLE IF NOT EXISTS `other_tankers_expenses` (
  `id` int(11) NOT NULL AUTO_INCREMENT,
  `tanker_id` int(11) NOT NULL,
  `description` varchar(200) NOT NULL,
  `amount` float NOT NULL,
  `expense_date` date NOT NULL,
  `entryDate` datetime NOT NULL,
  PRIMARY KEY (`id`)
) ENGINE=InnoDB  DEFAULT CHARSET=latin1 AUTO_INCREMENT=56 ;

--
-- Dumping data for table `other_tankers_expenses`
--

INSERT INTO `other_tankers_expenses` (`id`, `tanker_id`, `description`, `amount`, `expense_date`, `entryDate`) VALUES
(1, 2, 'super buraj stone tire 2 addad (Tire no.1) dot 322 L3TY3714-y4m20565 (Tire no .2) dot 322L3TY3514-Y4U500129 (Meter reading) 236338', 81000, '2014-12-11', '2014-12-15 16:19:08'),
(2, 3, 'REMANING LIECSING', 750970, '2014-12-02', '2014-12-22 18:27:47'),
(3, 1, 'LIECSING DECEMBER ( KIST)', 219217, '2014-12-02', '2014-12-22 18:30:57'),
(4, 2, 'LIESING DECEMBER (KIST)', 219217, '2014-12-02', '2014-12-22 18:32:08'),
(5, 9, 'LIESING DECEMBER (KIST)', 157155, '2014-12-08', '2014-12-22 18:32:54'),
(6, 12, 'LIESING DECEMBER (KIST)', 156000, '2014-12-08', '2014-12-22 18:33:34'),
(7, 7, 'LIESING INSTALMENT DECEMBER', 213820, '2014-12-08', '2014-12-22 19:35:27'),
(8, 3, 'ORAX INSURENCE 15-12-2014 TO 14-12-2015', 167000, '2014-12-19', '2014-12-23 13:58:26'),
(9, 57, 'ORIX total amount gari 11982972 instalments 36 per instalment 287527 and advance payment to 1632000', 1632000, '2014-12-23', '2014-12-23 15:36:53'),
(10, 57, 'autocom tanker total ayment 2950000 advance pay 885000', 885000, '2014-12-23', '2014-12-23 15:38:27'),
(11, 58, 'ORIX total amount gari 11982972 instalments 36 per instalment 287527 and advance payment to 1632000', 1632000, '2014-12-23', '2014-12-23 15:46:58'),
(12, 58, 'autocom tanker total ayment 2950000 advance pay 885000', 885000, '2014-12-23', '2014-12-23 15:48:17'),
(13, 63, 'ORIX total amount gari 13605560 instalments 36 per instalment 326460 and advance payment to 1853000', 1853000, '2014-12-23', '2014-12-23 15:55:21'),
(14, 63, 'autocom tanker total ayment 2599000 advance pay 779700', 779700, '2014-12-23', '2014-12-23 15:56:38'),
(15, 64, 'ORIX total amount gari 13605560 instalments 36 per instalment 326460 and advance payment to 1853000', 1853000, '2014-12-23', '2014-12-23 15:58:24'),
(16, 64, 'autocom tanker total ayment 2599000 advance pay 779700', 779700, '2014-12-23', '2014-12-23 15:59:05'),
(17, 65, 'ORIX total amount gari 13605560 instalments 36 per instalment 326460 and advance payment to 1853000', 1853000, '2014-12-23', '2014-12-23 16:00:31'),
(18, 65, 'autocom tanker total ayment 2599000 advance pay 779700', 779700, '2014-12-23', '2014-12-23 16:01:20'),
(19, 66, 'ORIX total amount gari 13605560 instalments 36 per instalment 326460 and advance payment to 1853000', 1853000, '2014-12-23', '2014-12-23 16:02:10'),
(20, 66, 'autocom tanker total ayment 2599000 advance pay 779700', 779700, '2014-12-23', '2014-12-23 16:02:32'),
(21, 61, 'autocom tanker total ayment 2599000 advance pay 779700', 779700, '0014-02-12', '2014-12-23 16:04:17'),
(22, 61, 'autocom tanker total ayment 2599000 advance pay 779700', 779700, '2014-12-23', '2014-12-23 16:04:58'),
(23, 62, 'autocom tanker total ayment 2599000 advance pay 779700', 779700, '2014-12-23', '2014-12-23 16:05:55'),
(24, 59, 'autocom tanker total ayment 3170000 advance pay 951000', 951000, '2014-12-22', '2014-12-23 16:07:24'),
(25, 60, 'autocom tanker total ayment 3170000 advance pay 951000', 951000, '2014-12-23', '2014-12-23 16:12:27'),
(26, 57, 'First instalment of december', 287527, '2014-12-27', '2014-12-27 16:35:11'),
(27, 58, 'First instalment of december', 287527, '2014-12-27', '2014-12-27 16:36:02'),
(28, 63, 'First instalment of december', 326460, '2014-12-27', '2014-12-27 16:37:01'),
(29, 64, 'First instalment of december', 326460, '2014-12-27', '2014-12-27 16:37:29'),
(30, 65, 'First instalment of december', 326460, '2014-12-27', '2014-12-27 16:37:56'),
(31, 66, 'First instalment of december', 326460, '2014-12-27', '2014-12-27 16:38:29'),
(32, 1, 'Tire 2 adad super buraj stone (Tire no: 1) Dot 322L3DY-3614 (Tire no: 2) Dot322L3DY-3514 (Meter reading-251608)', 79000, '2014-12-28', '2014-12-31 15:01:23'),
(33, 77, 'autocom tanker total ayment 1000000 advance pay 300000', 300000, '2015-01-08', '2015-01-08 12:23:47'),
(34, 76, 'autocom tanker total ayment 1000000 advance pay 300000', 300000, '2015-01-08', '2015-01-08 12:27:38'),
(35, 75, 'autocom tanker total ayment 1000000 advance pay 300000', 300000, '2015-01-08', '2015-01-08 12:28:49'),
(36, 74, 'autocom tanker total ayment 1000000 advance pay 300000', 300000, '2015-01-08', '2015-01-08 12:30:36'),
(37, 73, 'autocom tanker total ayment 1000000 advance pay 300000', 300000, '2015-01-08', '2015-01-08 12:31:42'),
(39, 58, 'autocom tanker total ayment 2950000 second instalment 60 % pay 885000', 885000, '2015-01-08', '2015-01-08 12:36:56'),
(40, 57, 'autocom tanker total ayment 2950000 second instalment 60 % pay 885000', 885000, '2015-01-08', '2015-01-08 12:37:44'),
(41, 59, 'autocom tanker total ayment 3170000 second instalment total 60 % pay 951000', 951000, '2015-01-08', '2015-01-08 12:41:37'),
(42, 60, 'autocom tanker total ayment 3170000 second instalment total 60 % pay 951000', 951000, '2015-01-08', '2015-01-08 12:43:32'),
(43, 61, 'autocom tanker total ayment 2599000 second instalment total 60 % pay 779700', 779700, '2015-01-08', '2015-01-08 12:45:29'),
(44, 62, 'autocom tanker total ayment 2599000 second instalment total 60 % pay 779700', 779700, '2015-01-08', '2015-01-08 12:47:09'),
(45, 63, 'autocom tanker total ayment 2599000 second instalment total 60 % pay 779700', 779700, '2015-01-08', '2015-01-08 12:47:51'),
(46, 64, 'autocom tanker total ayment 2599000 second instalment total 60 % pay 779700', 779700, '2015-01-08', '2015-01-08 12:48:23'),
(47, 65, 'autocom tanker total ayment 2599000 second instalment total 60 % pay 779700', 779700, '2015-01-08', '2015-01-08 12:48:54'),
(49, 66, 'autocom tanker total payment 2599000 second instalment total 60 % pay 779700', 779700, '2015-01-08', '2015-01-09 12:18:35'),
(51, 1, 'LIESING  (KIST) JANUARY 2015', 219217, '2015-01-08', '2015-01-09 14:57:35'),
(52, 2, 'LIESING  (KIST) JANUARY 2015', 219217, '2015-01-08', '2015-01-09 14:58:40'),
(53, 7, 'LIESING  (KIST) JANUARY 2015', 213820, '2015-01-08', '2015-01-09 15:00:01'),
(54, 9, 'LIESING  (KIST) JANUARY 2015', 157155, '2015-01-08', '2015-01-09 15:01:58'),
(55, 12, 'LIESING  (KIST) JANUARY 2015', 156000, '2015-01-08', '2015-01-09 15:02:42');

-- --------------------------------------------------------

--
-- Table structure for table `products`
--

CREATE TABLE IF NOT EXISTS `products` (
  `id` int(11) NOT NULL AUTO_INCREMENT,
  `productName` varchar(100) NOT NULL,
  PRIMARY KEY (`id`)
) ENGINE=InnoDB  DEFAULT CHARSET=latin1 AUTO_INCREMENT=5 ;

--
-- Dumping data for table `products`
--

INSERT INTO `products` (`id`, `productName`) VALUES
(1, 'PMG'),
(2, 'HSD'),
(3, 'FARNES'),
(4, 'KAROCINE');

-- --------------------------------------------------------

--
-- Table structure for table `routes`
--

CREATE TABLE IF NOT EXISTS `routes` (
  `id` int(11) NOT NULL AUTO_INCREMENT,
  `source` varchar(100) NOT NULL,
  `destination` varchar(100) NOT NULL,
  `product` varchar(100) NOT NULL,
  `freight` float NOT NULL,
  `entryDate` datetime NOT NULL,
  `type` tinyint(4) NOT NULL DEFAULT '1',
  `active` tinyint(4) NOT NULL DEFAULT '1',
  PRIMARY KEY (`id`)
) ENGINE=InnoDB  DEFAULT CHARSET=latin1 AUTO_INCREMENT=77 ;

--
-- Dumping data for table `routes`
--

INSERT INTO `routes` (`id`, `source`, `destination`, `product`, `freight`, `entryDate`, `type`, `active`) VALUES
(1, '1', '2', '1', 0, '2014-12-02 15:20:10', 1, 1),
(2, '3', '2', '1', 0, '2014-12-02 15:20:38', 1, 1),
(3, '3', '4', '1', 0, '2014-12-02 15:21:25', 1, 1),
(4, '1', '4', '1', 0, '2014-12-02 15:21:57', 1, 1),
(5, '1', '5', '1', 0, '2014-12-02 15:22:52', 1, 1),
(6, '3', '5', '1', 0, '2014-12-02 15:23:10', 1, 1),
(7, '2', '4', '1', 0, '2014-12-02 15:23:28', 1, 1),
(8, '2', '4', '2', 0, '2014-12-02 15:23:51', 1, 1),
(9, '2', '5', '2', 0, '2014-12-02 15:24:41', 1, 1),
(10, '1', '6', '1', 0, '2014-12-05 14:58:01', 1, 1),
(11, '2', '7', '2', 0, '2014-12-05 14:59:07', 1, 1),
(13, '8', '2', '1', 0, '2015-01-26 13:28:52', 1, 1),
(14, '1', '2', '2', 0, '2015-01-28 16:43:30', 1, 1),
(15, '1', '9', '3', 0, '2015-01-31 10:44:36', 1, 1),
(16, '1', '10', '1', 0, '2015-02-02 13:09:20', 1, 1),
(17, '1', '10', '2', 0, '2015-02-02 13:10:14', 1, 1),
(18, '4', '12', '1', 0, '2015-02-02 13:31:38', 2, 1),
(19, '4', '12', '2', 0, '2015-02-02 13:32:21', 2, 1),
(20, '4', '11', '1', 0, '2015-02-02 13:33:34', 2, 1),
(21, '4', '11', '2', 0, '2015-02-02 13:34:09', 2, 1),
(22, '2', '13', '2', 0, '2015-02-02 14:02:32', 2, 1),
(23, '2', '13', '1', 0, '2015-02-02 14:03:36', 2, 1),
(24, '2', '15', '2', 0, '2015-02-02 14:05:25', 2, 1),
(25, '2', '15', '1', 0, '2015-02-02 14:06:22', 2, 1),
(26, '2', '14', '1', 0, '2015-02-02 14:07:39', 2, 1),
(27, '2', '14', '2', 0, '2015-02-02 14:09:57', 2, 1),
(28, '2', '16', '1', 0, '2015-02-02 14:11:48', 2, 1),
(29, '2', '16', '2', 0, '2015-02-02 14:12:49', 2, 1),
(30, '2', '17', '2', 0, '2015-02-02 14:14:15', 2, 1),
(31, '2', '18', '2', 0, '2015-02-02 14:15:53', 2, 1),
(32, '2', '18', '1', 0, '2015-02-02 14:17:00', 2, 1),
(33, '2', '19', '2', 0, '2015-02-02 14:18:39', 2, 1),
(34, '2', '19', '1', 0, '2015-02-02 14:19:48', 2, 1),
(35, '4', '19', '1', 0, '2015-02-02 15:57:22', 2, 1),
(36, '4', '19', '2', 0, '2015-02-02 15:58:23', 2, 1),
(37, '2', '21', '1', 0, '2015-02-02 19:48:16', 2, 1),
(38, '2', '22', '2', 0, '2015-02-02 19:50:35', 2, 1),
(39, '2', '21', '2', 0, '2015-02-02 19:59:02', 2, 1),
(40, '2', '22', '1', 0, '2015-02-02 20:01:36', 2, 1),
(41, '2', '20', '1', 0, '2015-02-03 14:34:00', 2, 1),
(42, '2', '20', '2', 0, '2015-02-03 14:35:04', 2, 1),
(43, '1', '26', '1', 0, '2015-02-04 11:05:28', 1, 1),
(44, '1', '26', '2', 0, '2015-02-04 11:07:14', 1, 1),
(45, '2', '24', '2', 0, '2015-02-04 11:15:12', 2, 1),
(46, '2', '25', '2', 0, '2015-02-04 11:17:54', 2, 1),
(47, '2', '25', '1', 0, '2015-02-04 11:22:04', 2, 1),
(48, '2', '23', '1', 0, '2015-02-04 11:25:24', 2, 1),
(49, '2', '23', '2', 0, '2015-02-04 11:27:19', 2, 1),
(50, '2', '27', '2', 0, '2015-02-05 17:45:21', 2, 1),
(51, '1', '2', '3', 0, '2015-02-06 10:05:44', 1, 1),
(52, '10', '29', '2', 0, '2015-02-06 15:06:22', 1, 1),
(53, '10', '28', '1', 0, '2015-02-06 15:07:54', 1, 1),
(54, '30', '31', '3', 0, '2015-02-07 19:53:52', 1, 1),
(55, '3', '2', '2', 0, '2015-02-09 10:05:37', 1, 1),
(56, '26', '32', '1', 0, '2015-02-09 11:15:26', 2, 1),
(57, '26', '33', '1', 0, '2015-02-09 11:18:10', 2, 1),
(58, '26', '34', '1', 0, '2015-02-09 11:20:51', 2, 1),
(59, '2', '4', '1', 0, '2015-02-11 10:27:10', 2, 1),
(60, '2', '7', '2', 0, '2015-02-11 10:36:00', 2, 1),
(61, '3', '2', '1', 0, '2015-02-11 11:05:02', 2, 1),
(62, '3', '2', '2', 0, '2015-02-11 11:05:47', 2, 1),
(63, '2', '4', '2', 0, '2015-02-11 18:29:54', 2, 1),
(64, '4', '49', '1', 0, '2015-02-11 18:31:32', 2, 1),
(65, '4', '49', '2', 0, '2015-02-11 18:32:16', 2, 1),
(66, '4', '50', '1', 0, '2015-02-11 18:32:57', 2, 1),
(67, '2', '36', '1', 0, '2015-02-11 20:23:21', 2, 1),
(68, '2', '35', '1', 0, '2015-02-11 20:24:52', 2, 1),
(69, '2', '37', '1', 0, '2015-02-11 20:26:19', 2, 1),
(70, '2', '45', '2', 0, '2015-02-11 20:29:55', 2, 1),
(71, '2', '45', '1', 0, '2015-02-11 20:30:58', 2, 1),
(72, '2', '44', '1', 0, '2015-02-11 20:32:59', 2, 1),
(73, '2', '51', '1', 0, '2015-02-11 21:01:49', 2, 1),
(74, '2', '51', '2', 0, '2015-02-11 21:02:38', 2, 1),
(75, '2', '52', '1', 0, '2015-02-11 21:03:30', 2, 1),
(76, '2', '52', '2', 0, '2015-02-11 21:04:05', 2, 1);

-- --------------------------------------------------------

--
-- Table structure for table `tankers`
--

CREATE TABLE IF NOT EXISTS `tankers` (
  `id` int(11) NOT NULL AUTO_INCREMENT,
  `customerId` int(11) NOT NULL,
  `truck_number` varchar(20) NOT NULL,
  `engine_number` varchar(20) NOT NULL,
  `chase_number` varchar(30) NOT NULL,
  `fitness_certificate` tinyint(4) NOT NULL DEFAULT '0',
  `capacity` double NOT NULL,
  `entryDate` datetime NOT NULL,
  PRIMARY KEY (`id`)
) ENGINE=InnoDB  DEFAULT CHARSET=latin1 AUTO_INCREMENT=114 ;

--
-- Dumping data for table `tankers`
--

INSERT INTO `tankers` (`id`, `customerId`, `truck_number`, `engine_number`, `chase_number`, `fitness_certificate`, `capacity`, `entryDate`) VALUES
(1, 1, 'TLV 239', 'JO8CTGM-15301', 'SG1JDPA-13035', 1, 60000, '2014-12-02 14:55:16'),
(2, 1, 'TLV 238', 'JO8CTGM-15300', 'SG1JDPA-13034', 1, 60000, '2014-12-02 14:56:59'),
(3, 1, 'TLU 670', 'JO8CTGM-15360', 'FMIJKPT-14388', 1, 60000, '2014-12-02 15:00:19'),
(4, 1, 'TLV 163', 'JO8CFM-24321', 'FGIJDPT-12231', 1, 40000, '2014-12-02 15:03:17'),
(5, 1, 'MNE 2725', '3328', '7826261', 1, 15000, '2014-12-02 15:08:13'),
(6, 3, 'TLG 637', 'JO8CFM-26891', 'FGIJDPT-12478', 1, 50000, '2014-12-02 15:09:30'),
(7, 1, 'TLV 800', 'JO8CTGM-15903', 'FMIJKPT-14433', 1, 60000, '2014-12-02 15:12:16'),
(8, 1, 'Z 7512', 'EH700213546', 'GT175H11086', 1, 25000, '2014-12-02 15:14:11'),
(9, 1, 'LES 1454', 'JO8CFM-25343', 'FGIJDPT-12385', 1, 50000, '2014-12-02 15:17:37'),
(10, 3, 'LXP 8317', 'HO7DH-41970', 'KLBFR61', 1, 40000, '2014-12-02 19:13:35'),
(11, 5, 'TLX 779', '26925', '12482', 1, 50000, '2014-12-02 19:35:16'),
(12, 1, 'les 588', '26210', '12450', 1, 50000, '2014-12-03 10:34:59'),
(13, 10, 'AKA-1378', 'HO6CTE-13966', 'FF174LA-12420', 1, 25000, '2014-12-03 10:37:12'),
(14, 4, 'TLX-815', '26892', '12479', 1, 50000, '2014-12-03 10:38:46'),
(15, 14, 'STC 5478', '6058761', 'J4G/6-204647', 1, 10000, '2014-12-03 10:45:03'),
(16, 3, 'TLG 837', 'JO8CFM-26890', 'FGIJDPT-12477', 1, 50000, '2014-12-03 10:46:35'),
(17, 2, 'LRC 3327', '15175', 'AU176MA41047', 1, 15000, '2014-12-03 10:49:20'),
(18, 10, 'TLX 921', '26989', '12498', 1, 44000, '2014-12-03 19:42:57'),
(19, 2, 'TLW 687', 'JO8CTGM-15495', 'SG1JDPA-13037', 1, 60000, '2014-12-03 19:44:15'),
(20, 2, 'les 687', '15939', '13043', 1, 60000, '2014-12-04 10:43:56'),
(21, 6, 'TLG 487', '17051', '14334', 1, 54000, '2014-12-04 10:45:31'),
(22, 10, 'LXC 7983', '004810', '3410436658073', 1, 40000, '2014-12-04 10:57:52'),
(23, 8, 'K 6738', '6BGI-792160', '1645908', 1, 30000, '2014-12-04 13:24:29'),
(24, 4, 'TLF 814', '1970204', '4130030', 1, 50000, '2014-12-04 13:31:18'),
(25, 9, 'SWA 065', 'HO7DH-45547', 'AK1JRKA-11336', 1, 30000, '2014-12-04 13:43:10'),
(26, 8, 'GAG 3078', 'EH700-171272', 'KR120-10031', 1, 15000, '2014-12-04 13:44:46'),
(27, 8, 'LR 6988', '5/J6-224069', 'J6LZ-56807339', 1, 10000, '2014-12-04 13:46:18'),
(28, 6, 'TUB 887', '58749', '10322', 1, 0, '2014-12-04 15:58:31'),
(29, 6, 'LRC 7787', '704543', 'CJQ3BZ0/T-601442', 1, 16000, '2014-12-04 16:00:17'),
(30, 2, 'TLV 687', '24710', '12284', 1, 50000, '2014-12-04 16:05:23'),
(31, 12, 'TLU  230', '344955-60094031', '9BM345306.MB909050', 1, 40000, '2014-12-04 16:53:36'),
(32, 13, 'TTA 068', 'H07D-AM-10534', '094726299474', 1, 24000, '2014-12-04 17:49:00'),
(33, 11, 'C 8393', 'NE-6026309', 'CPB-12H-26666', 1, 30000, '2014-12-05 14:27:22'),
(34, 6, 'GLT 8967', '184920', '16904', 1, 0, '2014-12-05 14:28:57'),
(35, 6, 'LS-6757', '393058', '2488108', 1, 0, '2014-12-05 14:29:34'),
(36, 8, 'TLU 678', 'JO8CTGM-15234', 'FMIJKPT-14322', 1, 50000, '2014-12-05 15:10:58'),
(37, 3, 'CH 237', '6BGI-713554', 'FTR 12K-3601615', 1, 27000, '2014-12-05 20:09:37'),
(38, 9, 'LRJ 5821', '16190', '41372', 1, 50000, '2014-12-06 13:53:44'),
(39, 2, 'TLU 187', 'JO8CFM-23915', 'FGIJDPT-12191', 1, 40000, '2014-12-06 14:09:55'),
(40, 16, 'K 2565', '53651', '08334', 1, 15000, '2014-12-06 17:40:18'),
(41, 15, 'LES-14-168', '52276968', 'AHFMB22P-4130176', 1, 50000, '2014-12-08 15:49:12'),
(42, 3, 'TLV 037', '01877591', '6120009', 1, 50000, '2014-12-08 15:51:46'),
(43, 2, 'TLD-020', 'JO8CTGM-10261', 'SGIJDPA-10299', 1, 40000, '2014-12-08 18:56:38'),
(44, 17, 'P 8129', '112852', '50330', 1, 25000, '2014-12-08 19:24:18'),
(45, 2, 'TLQ-087', 'JO8CFM-22253', 'FGIJDPT-12025', 1, 40000, '2014-12-08 20:29:09'),
(46, 7, 'GLT-9888', 'EH700-54948', 'FF173-16331', 1, 25000, '2014-12-09 18:15:31'),
(47, 8, 'JU-3727', 'JO8CJ-21939', 'AK176-43114', 1, 50000, '2014-12-10 16:29:43'),
(48, 7, 'C-8870', '10740', 'FF174-10487', 1, 25000, '2014-12-10 18:01:26'),
(49, 11, 'z-3475', '020268', '11123', 1, 40000, '2014-12-11 16:26:16'),
(50, 3, 'Les-2217', 'Jo8cfm 16410', 'FLIJRPA-10952', 1, 25000, '2014-12-12 10:36:44'),
(51, 7, 'LS-4317', '109370', '26817', 1, 40000, '2014-12-12 10:41:55'),
(52, 7, 'TTB-470', 'EH700-137914', 'FF173-13780', 1, 25000, '2014-12-15 21:09:43'),
(53, 2, 'RIN-7386', 'EH700-165627', 'FF174-10108', 1, 30000, '2014-12-17 10:03:08'),
(54, 18, 'RIS-13-1900', '6124092', '87881', 1, 50000, '2014-12-17 19:34:38'),
(55, 18, 'RIS 12-1900', '6128948', '87719', 1, 50000, '2014-12-20 16:48:58'),
(56, 11, 'TTD 247', '175366', '15808', 1, 15000, '2014-12-22 17:46:06'),
(57, 1, '1', '65378', '98312', 1, 40000, '2014-12-23 14:37:13'),
(58, 1, '2', '74363', '90183', 1, 40000, '2014-12-23 14:37:50'),
(59, 1, '3', '853610', '8436239', 1, 48000, '2014-12-23 15:02:20'),
(60, 19, '4', '631938', 'K8392173', 1, 48000, '2014-12-23 15:03:08'),
(61, 1, '5', '8912-31', '381883-1', 1, 50000, '2014-12-23 15:23:49'),
(62, 1, '6', '98765430', '665435', 1, 50000, '2014-12-23 15:24:48'),
(63, 1, '7', '987658', '665524', 1, 50000, '2014-12-23 15:27:07'),
(64, 1, '8', '987237', '66843', 1, 50000, '2014-12-23 15:27:40'),
(65, 1, '9', '876544', '45678', 1, 50000, '2014-12-23 15:30:00'),
(66, 1, '10', '878372', '455731', 1, 50000, '2014-12-23 15:32:41'),
(67, 11, 'c 3166', '121123', '85272', 1, 31000, '2014-12-31 19:16:03'),
(68, 20, 'TLT-069', 'KHU97T5', 'KHUI7548', 1, 60000, '2015-01-01 10:32:56'),
(69, 11, 'K 2992', '97654', '864789', 1, 25000, '2015-01-01 10:46:02'),
(70, 20, 'TLT-076', '36602', '3506095', 1, 60000, '2015-01-01 12:27:12'),
(71, 15, 'Rii-239', '02611', '700340', 1, 15000, '2015-01-03 10:41:34'),
(72, 6, 'TLD-030', '10262', '163000', 1, 60000, '2015-01-03 18:40:49'),
(73, 1, '11', '93701', '3190109', 1, 16000, '2015-01-08 11:57:56'),
(74, 1, '12', 'oe373919', '3718398019', 1, 16000, '2015-01-08 11:58:15'),
(75, 1, '13', '9371992', '3ijkwio', 1, 24000, '2015-01-08 11:59:14'),
(76, 1, '14', 'wdji39', 'smijoqwj', 1, 24000, '2015-01-08 11:59:33'),
(77, 1, '15', 'nwkjw21', 'mwo2km', 1, 32000, '2015-01-08 11:59:56'),
(78, 15, 'SPA-158', 'P11CTC.12075', 'AK1JRKA.11757', 1, 60000, '2015-01-10 14:49:18'),
(79, 5, 'TLE-777', '220', '12391', 1, 50000, '2015-01-12 11:17:30'),
(80, 20, 'TLK-810', '11012', '10980', 1, 60000, '2015-01-13 18:18:40'),
(81, 21, 'TLK-370', '10473', '13291', 1, 66000, '2015-01-13 18:25:16'),
(82, 20, 'TLL-807', '11503', '11061', 1, 60000, '2015-01-13 21:04:03'),
(83, 20, 'TLL-604', 'JO8C.TGM.11488', 'SG1JDPA-1105', 1, 60000, '2015-01-13 21:08:23'),
(85, 20, 'TLT-052', '01807870', 'AAD.39095', 1, 60000, '2015-01-13 21:12:30'),
(86, 20, 'PP-1866', 'NE6.019058P', 'CPB12H.24214', 1, 40000, '2015-01-13 21:14:57'),
(87, 20, 'TLL-152', 'FE6.121853.CP', 'CDA411P.00590.P', 1, 60000, '2015-01-13 21:16:52'),
(88, 20, 'TLE-832', '10330', '10362', 1, 56000, '2015-01-13 21:18:44'),
(89, 20, 'TLT-060', '01784235', '38935', 1, 60000, '2015-01-13 21:20:35'),
(90, 21, 'TLT-031', '10433', '10023', 1, 60000, '2015-01-13 21:22:29'),
(91, 21, 'TLL-431', '12479', '20002', 1, 60000, '2015-01-13 21:23:33'),
(92, 21, 'JP-9133', '01824734', '48283', 1, 60000, '2015-01-15 11:38:42'),
(93, 20, 'TLL-630', '11493', '11057', 1, 60000, '2015-01-16 10:14:27'),
(94, 22, 'JQ-0038', '10505', '10525', 1, 50000, '2015-01-16 14:40:23'),
(95, 1, '16', '89377239', '98378291', 1, 32000, '2015-01-20 19:55:43'),
(96, 1, '17', 'skjhduiwi23239u', 'kjshu3818', 1, 32000, '2015-01-20 19:56:04'),
(97, 1, '18', 'skjhduiwi2323', 'kjshu38', 1, 32000, '2015-01-20 19:56:21'),
(98, 1, '19', 'skjhduiwi2', 'kjshu383i88', 1, 32000, '2015-01-20 19:56:41'),
(99, 23, 'XA 587', '603655', 'CJP-603655', 1, 15000, '2015-02-02 12:57:03'),
(100, 24, 'SPN-119', 'JO8CFM-20411', 'AKIJRKA-13991', 1, 40000, '2015-02-02 13:02:37'),
(101, 24, 'TUB-417', 'SD-16-HA 0129', 'FTC000129', 1, 24000, '2015-02-02 13:07:04'),
(102, 24, 'TLX-922', '26985', '12494', 1, 40000, '2015-02-02 13:09:36'),
(103, 24, 'SWN-162', 'JO8C S11101', 'AK1JRKA-16609', 1, 40000, '2015-02-02 13:14:02'),
(104, 24, 'TLX-923', 'E-11156', 'PDA-38342', 1, 50000, '2015-02-02 16:20:11'),
(105, 24, 'TLD-572', 'EH-103223', '103387', 1, 40000, '2015-02-02 16:21:23'),
(106, 3, 'TTB-897', 'EH700M-10992', 'FL 176-13229', 1, 25000, '2015-02-03 10:23:21'),
(107, 25, 'TLY-511', '6HHI-01791-P', 'JALFTR33KE-7000102', 1, 40000, '2015-02-04 10:51:36'),
(108, 2, 'LRJ-3667', '13281', '14881', 1, 15000, '2015-02-09 11:32:09'),
(109, 25, 'TLS-606', '6hh1-01272 P', 'JALFTR33K-9-7000250', 1, 40000, '2015-02-09 21:32:20'),
(111, 5, 'TLC-944', 'JO8CFM-10757', 'FGIJKPB-10630', 1, 50000, '2015-02-10 12:22:44'),
(112, 10, 'LXC-7974', 'CKB21N168536', 'FD6314432', 1, 40000, '2015-02-10 12:27:03'),
(113, 26, 'TTB-711', '185971', '12081', 1, 24000, '2015-02-10 16:57:27');

-- --------------------------------------------------------

--
-- Table structure for table `trial_balance_settings`
--

CREATE TABLE IF NOT EXISTS `trial_balance_settings` (
  `id` int(11) NOT NULL AUTO_INCREMENT,
  `group_by` varchar(100) NOT NULL,
  `status` tinyint(4) NOT NULL DEFAULT '0',
  PRIMARY KEY (`id`)
) ENGINE=InnoDB  DEFAULT CHARSET=latin1 AUTO_INCREMENT=7 ;

--
-- Dumping data for table `trial_balance_settings`
--

INSERT INTO `trial_balance_settings` (`id`, `group_by`, `status`) VALUES
(1, 'title', 1),
(2, 'ac_type', 0),
(3, 'related_other_agent', 1),
(4, 'related_customer', 1),
(5, 'related_contractor', 1),
(6, 'related_company', 1);

-- --------------------------------------------------------

--
-- Table structure for table `trips`
--

CREATE TABLE IF NOT EXISTS `trips` (
  `id` int(11) NOT NULL AUTO_INCREMENT,
  `customer_id` int(11) NOT NULL,
  `contractor_id` int(11) NOT NULL,
  `company_id` int(11) NOT NULL,
  `tanker_id` int(11) NOT NULL,
  `contractor_commission` float NOT NULL,
  `contractor_commission_1` float NOT NULL DEFAULT '0',
  `contractor_commission_2` float NOT NULL DEFAULT '0',
  `company_commission_1` float NOT NULL DEFAULT '0',
  `company_commission_2` float NOT NULL DEFAULT '0',
  `company_commission_3` float NOT NULL DEFAULT '0',
  `company_wht` float NOT NULL DEFAULT '0',
  `other_taxes` float NOT NULL DEFAULT '0',
  `email_date` date NOT NULL DEFAULT '0000-00-00',
  `filling_date` date NOT NULL DEFAULT '0000-00-00',
  `receiving_date` date NOT NULL DEFAULT '0000-00-00',
  `stn_receiving_date` date NOT NULL DEFAULT '0000-00-00',
  `decanding_date` date NOT NULL DEFAULT '0000-00-00',
  `driver_id_1` int(11) NOT NULL,
  `driver_id_2` int(11) NOT NULL,
  `driver_id_3` int(11) NOT NULL,
  `invoice_date` date NOT NULL DEFAULT '0000-00-00',
  `invoice_number` varchar(20) NOT NULL,
  `start_meter` double NOT NULL,
  `end_meter` double NOT NULL,
  `entryDate` date NOT NULL,
  `type` tinyint(4) NOT NULL DEFAULT '1',
  `active` tinyint(4) NOT NULL DEFAULT '1',
  PRIMARY KEY (`id`)
) ENGINE=InnoDB  DEFAULT CHARSET=latin1 AUTO_INCREMENT=377 ;

--
-- Dumping data for table `trips`
--

INSERT INTO `trips` (`id`, `customer_id`, `contractor_id`, `company_id`, `tanker_id`, `contractor_commission`, `contractor_commission_1`, `contractor_commission_2`, `company_commission_1`, `company_commission_2`, `company_commission_3`, `company_wht`, `other_taxes`, `email_date`, `filling_date`, `receiving_date`, `stn_receiving_date`, `decanding_date`, `driver_id_1`, `driver_id_2`, `driver_id_3`, `invoice_date`, `invoice_number`, `start_meter`, `end_meter`, `entryDate`, `type`, `active`) VALUES
(1, 1, 1, 1, 3, 10, 0, 0, 6, 2, 0, 0, 0, '2014-12-01', '2014-12-01', '2014-12-04', '2014-12-05', '2014-12-04', 4, 4, 4, '2014-12-04', '1040010099', 0, 0, '2014-12-01', 1, 1),
(2, 1, 1, 1, 7, 10, 0, 0, 6, 2, 0, 0, 0, '2014-12-01', '2014-12-01', '2014-12-04', '2014-12-05', '2014-12-04', 7, 7, 7, '2014-12-04', '1040010100', 0, 0, '2014-12-01', 1, 1),
(3, 5, 1, 1, 11, 10, 0, 0, 6, 2, 0, 0, 0, '2014-12-02', '2014-12-02', '2014-12-05', '2014-05-12', '2014-12-05', 8, 8, 8, '2014-05-12', '1040010201', 0, 0, '2014-12-02', 1, 1),
(4, 3, 1, 1, 10, 8, 0, 0, 6, 2, 0, 0, 0, '2014-12-02', '2014-12-02', '2014-12-06', '2014-12-08', '2014-12-06', 8, 8, 8, '2014-12-02', '1070002739', 0, 0, '2014-12-02', 1, 1),
(5, 14, 1, 1, 15, 10, 0, 0, 6, 2, 0, 0, 0, '2014-12-01', '2014-12-01', '2014-12-01', '2014-12-05', '2014-12-01', 8, 8, 8, '2014-12-01', '1040009725', 0, 0, '2014-12-01', 1, 1),
(6, 2, 1, 1, 17, 10, 0, 0, 6, 2, 0, 0, 0, '2014-12-02', '2014-12-02', '2014-12-03', '2014-12-04', '2014-12-03', 2, 2, 2, '0000-00-00', '', 0, 0, '2014-12-02', 1, 1),
(7, 10, 1, 1, 13, 10, 0, 0, 6, 2, 0, 0, 0, '2014-12-02', '2014-12-02', '2014-12-03', '2014-12-12', '2014-12-04', 8, 8, 8, '2014-12-03', '1030008239', 0, 0, '2014-12-02', 1, 1),
(8, 3, 1, 1, 16, 8, 0, 0, 6, 2, 0, 0, 0, '2014-12-02', '2014-12-02', '2014-12-03', '2014-12-08', '2014-12-03', 8, 8, 8, '2014-12-02', '1040009974', 0, 0, '2014-12-02', 1, 1),
(9, 14, 1, 1, 15, 10, 0, 0, 6, 2, 0, 0, 0, '2014-12-02', '2014-12-02', '2014-12-02', '2014-12-05', '2014-12-02', 8, 8, 8, '2014-12-02', '1040009881', 0, 0, '2014-12-02', 1, 1),
(10, 10, 1, 1, 18, 10, 0, 0, 6, 2, 0, 0, 0, '2014-12-03', '2014-12-03', '2014-12-03', '2014-12-04', '2014-12-03', 2, 2, 2, '2014-12-03', '1040010069', 0, 0, '2014-12-03', 1, 1),
(11, 10, 1, 1, 22, 10, 0, 0, 6, 2, 0, 0, 0, '2014-12-01', '2014-12-01', '2014-12-01', '2014-12-03', '2014-12-01', 8, 8, 8, '2014-12-01', '1040009801', 0, 0, '2014-12-01', 1, 1),
(12, 8, 1, 1, 23, 10, 0, 0, 6, 2, 0, 0, 0, '2014-12-03', '2014-12-03', '2014-12-06', '2014-12-06', '2014-12-06', 8, 8, 8, '2014-12-06', '1040010264', 0, 0, '2014-12-03', 1, 1),
(13, 4, 1, 1, 24, 10, 0, 0, 6, 2, 0, 0, 0, '2014-12-01', '2014-12-01', '2014-12-04', '2014-12-04', '2014-12-04', 8, 8, 8, '2014-12-04', '1040010101', 0, 0, '2014-12-01', 1, 1),
(14, 6, 1, 1, 21, 7, 0, 0, 6, 2, 0, 0, 0, '2014-12-03', '2014-12-03', '2014-12-04', '2014-12-04', '2014-12-04', 8, 8, 8, '2014-12-03', '1040010064', 0, 0, '2014-12-03', 1, 1),
(15, 10, 1, 1, 22, 10, 0, 0, 6, 2, 0, 0, 0, '2014-12-03', '2014-12-03', '2014-12-03', '2014-12-04', '2014-12-03', 2, 2, 2, '2014-12-03', '1040010063', 0, 0, '2014-12-03', 1, 1),
(16, 8, 1, 1, 26, 10, 0, 0, 6, 2, 0, 0, 0, '2014-12-01', '2014-12-01', '2014-12-02', '2014-12-10', '2014-12-03', 8, 8, 8, '2014-12-01', '1040009832', 0, 0, '2014-12-01', 1, 1),
(17, 9, 1, 1, 25, 10, 0, 0, 6, 2, 0, 0, 0, '2014-12-01', '2014-12-01', '0004-12-01', '2014-12-05', '2014-12-01', 8, 8, 8, '2014-12-01', '1040009823', 0, 0, '2014-12-01', 1, 1),
(18, 1, 1, 1, 9, 10, 0, 0, 6, 2, 0, 0, 0, '2014-12-04', '2014-12-04', '2014-12-08', '2014-12-08', '2014-12-08', 1, 1, 1, '2014-12-08', '1040010377', 0, 0, '2014-12-04', 1, 1),
(19, 2, 1, 1, 30, 10, 0, 0, 6, 2, 0, 0, 0, '2014-12-04', '2014-12-04', '2014-12-08', '2014-12-08', '2014-12-08', 1, 1, 1, '2014-12-08', '1040010376', 0, 0, '2014-12-04', 1, 1),
(20, 13, 1, 1, 32, 10, 0, 0, 6, 2, 0, 0, 0, '2014-12-04', '2014-12-04', '2014-12-05', '2014-12-08', '2014-12-05', 4, 4, 4, '2014-12-05', '1030008393', 0, 0, '2014-12-04', 1, 1),
(21, 10, 1, 1, 22, 10, 0, 0, 6, 2, 0, 0, 0, '2014-12-04', '2014-12-04', '2014-12-04', '2014-05-12', '2014-12-05', 4, 4, 4, '2014-04-12', '1040010153', 0, 0, '2014-12-04', 1, 1),
(22, 14, 1, 1, 15, 10, 0, 0, 6, 2, 0, 0, 0, '2014-12-03', '2014-12-03', '2014-12-03', '2014-12-05', '2014-12-03', 8, 8, 8, '2014-12-03', '1040009978', 0, 0, '2014-12-03', 1, 1),
(23, 14, 1, 1, 15, 10, 0, 0, 6, 2, 0, 0, 0, '2014-12-05', '2014-12-05', '2014-12-06', '2014-12-08', '2014-12-06', 8, 8, 8, '2014-12-05', '1040010178', 0, 0, '2014-12-05', 1, 1),
(24, 6, 1, 1, 28, 7, 0, 0, 6, 2, 0, 0, 0, '2014-12-04', '2014-12-04', '2014-12-04', '2014-05-12', '2014-12-04', 8, 8, 8, '2014-04-12', '1040010135', 0, 0, '2014-12-04', 1, 1),
(25, 6, 1, 1, 29, 7, 0, 0, 6, 2, 0, 0, 0, '2014-12-04', '2014-12-04', '2014-12-04', '2014-12-06', '2014-12-04', 8, 8, 8, '2014-12-04', '1040010154', 0, 0, '2014-12-04', 1, 1),
(26, 6, 1, 1, 35, 7, 0, 0, 6, 2, 0, 0, 0, '2014-12-04', '2014-12-04', '2014-12-04', '2014-12-06', '2014-12-04', 8, 8, 8, '2014-12-04', '1040010160', 0, 0, '2014-12-04', 1, 1),
(27, 6, 1, 1, 34, 7, 0, 0, 6, 2, 0, 0, 0, '2014-12-04', '2014-12-04', '2014-12-04', '2014-12-06', '2014-12-04', 8, 8, 8, '2014-12-04', '1040010146', 0, 0, '2014-12-04', 1, 1),
(28, 8, 1, 1, 36, 10, 0, 0, 6, 2, 0, 0, 0, '2014-12-01', '2014-12-01', '2014-12-05', '2014-05-12', '2014-11-05', 8, 8, 8, '2014-12-05', '1040010193', 0, 0, '2014-12-01', 1, 1),
(29, 1, 1, 1, 1, 10, 0, 0, 6, 2, 0, 0, 0, '2014-05-12', '2014-12-05', '2014-12-08', '2014-12-08', '2014-12-08', 8, 8, 8, '2014-12-08', '1040010386', 0, 0, '2014-12-05', 1, 1),
(30, 1, 1, 1, 2, 10, 0, 0, 6, 2, 0, 0, 0, '2014-05-12', '2014-12-05', '2014-12-08', '2014-12-08', '2014-12-08', 8, 8, 8, '2014-12-08', '1040010387', 0, 0, '2014-12-05', 1, 1),
(31, 1, 1, 1, 12, 10, 0, 0, 6, 2, 0, 0, 0, '2014-05-12', '2014-12-05', '2014-12-08', '2014-12-08', '2014-12-08', 8, 8, 8, '2014-12-08', '1040010378', 0, 0, '2014-12-05', 1, 1),
(32, 4, 1, 1, 14, 10, 0, 0, 6, 2, 0, 0, 0, '2014-05-12', '2014-12-05', '2014-12-08', '2014-12-08', '2014-12-08', 8, 8, 8, '2014-12-08', '1040010404', 0, 0, '2014-12-05', 1, 1),
(33, 11, 1, 1, 33, 10, 0, 0, 6, 2, 0, 0, 0, '2014-05-12', '2014-12-05', '2014-12-06', '2014-12-08', '2014-12-06', 8, 8, 8, '2014-12-08', '1110001367', 0, 0, '2014-12-05', 1, 1),
(34, 10, 1, 1, 22, 10, 0, 0, 6, 2, 0, 0, 0, '2014-05-12', '2014-12-05', '2014-12-05', '2014-12-06', '2014-12-05', 8, 8, 8, '2014-12-05', '1040010242', 0, 0, '2014-12-05', 1, 1),
(35, 8, 1, 1, 36, 10, 0, 0, 6, 2, 0, 0, 0, '2012-05-12', '2014-12-05', '2014-12-06', '2014-12-10', '2014-12-07', 8, 8, 8, '0000-00-00', '', 0, 0, '2014-12-05', 1, 1),
(36, 5, 1, 1, 11, 10, 0, 0, 6, 2, 0, 0, 0, '2014-12-05', '2014-12-05', '2014-12-06', '2014-12-11', '2014-12-07', 8, 8, 8, '0000-00-00', '', 0, 0, '2014-12-05', 1, 1),
(37, 9, 1, 1, 25, 10, 0, 0, 6, 2, 0, 0, 0, '2014-12-03', '2014-12-03', '2014-12-04', '2014-12-05', '2014-12-04', 8, 8, 8, '2014-12-03', '', 0, 0, '2014-12-03', 1, 1),
(38, 9, 1, 1, 25, 10, 0, 0, 6, 2, 0, 0, 0, '2014-12-03', '2014-12-03', '2014-12-04', '2014-12-05', '2014-12-03', 8, 8, 8, '2014-12-03', '1040010038', 0, 0, '2014-12-03', 1, 1),
(39, 9, 1, 1, 25, 10, 0, 0, 6, 2, 0, 0, 0, '2014-12-05', '2014-12-05', '2014-12-06', '2014-12-09', '2014-12-08', 8, 8, 8, '0000-00-00', '', 0, 0, '2014-12-05', 1, 1),
(40, 3, 1, 1, 37, 8, 0, 0, 6, 2, 0, 0, 0, '2014-12-05', '2014-12-05', '2014-12-06', '2014-12-11', '2014-12-07', 8, 8, 8, '2014-12-05', '1040010189', 0, 0, '2014-12-05', 1, 1),
(41, 2, 1, 1, 20, 10, 0, 0, 6, 2, 0, 0, 0, '2014-12-03', '2014-12-03', '2014-12-06', '2014-12-06', '2014-12-06', 8, 8, 8, '2014-12-06', '1040010297', 0, 0, '2014-12-03', 1, 1),
(42, 9, 1, 1, 38, 10, 0, 0, 6, 2, 0, 0, 0, '2014-12-03', '2014-12-03', '2014-12-06', '2014-12-06', '2014-12-06', 8, 8, 8, '2014-12-06', '1040010268', 0, 0, '2014-12-03', 1, 1),
(43, 1, 1, 1, 5, 10, 0, 0, 6, 2, 0, 0, 0, '2014-12-05', '2014-12-05', '2014-12-05', '2014-12-08', '2014-12-06', 8, 8, 8, '2014-12-05', '1040010172', 0, 0, '2014-12-05', 1, 1),
(44, 16, 1, 1, 40, 10, 0, 0, 6, 2, 0, 0, 0, '2014-12-01', '2014-12-01', '2014-12-02', '2014-12-06', '2014-02-03', 8, 8, 8, '2014-12-01', '1040009717', 0, 0, '2014-12-01', 1, 1),
(45, 16, 1, 1, 40, 10, 0, 0, 6, 2, 0, 0, 0, '2014-12-02', '2014-12-02', '2014-12-03', '2014-12-06', '2014-12-03', 8, 8, 8, '2014-12-02', '1040009930', 0, 0, '2014-12-02', 1, 1),
(46, 16, 1, 1, 40, 10, 0, 0, 6, 2, 0, 0, 0, '2014-12-02', '2014-12-02', '2014-12-02', '2014-12-06', '2014-12-03', 8, 8, 8, '2014-12-02', '', 0, 0, '2014-12-02', 1, 1),
(47, 2, 1, 1, 19, 10, 0, 0, 6, 2, 0, 0, 0, '2014-12-06', '2014-12-06', '2014-12-09', '2014-12-09', '2014-12-09', 8, 8, 8, '2014-12-09', '1040010483', 0, 0, '2014-12-06', 1, 1),
(48, 2, 1, 1, 39, 10, 0, 0, 6, 2, 0, 0, 0, '2014-12-06', '2014-12-06', '2014-12-09', '2014-12-09', '2014-12-09', 8, 8, 8, '2014-12-09', '1040010464', 0, 0, '2014-12-06', 1, 1),
(49, 10, 1, 1, 22, 10, 0, 0, 6, 2, 0, 0, 0, '2014-12-06', '2014-12-06', '2014-12-08', '2014-12-08', '2014-12-08', 8, 8, 8, '2014-12-06', '1040010329', 0, 0, '2014-12-06', 1, 1),
(50, 9, 1, 1, 38, 10, 0, 0, 6, 2, 0, 0, 0, '2014-12-06', '2014-12-06', '2014-12-06', '2014-12-09', '2014-12-08', 8, 8, 8, '0000-00-00', '', 0, 0, '2014-12-06', 1, 1),
(51, 8, 1, 1, 23, 10, 0, 0, 6, 2, 0, 0, 0, '2014-12-06', '2014-12-06', '2014-12-08', '2014-12-10', '2014-12-09', 8, 8, 8, '0000-00-00', '', 0, 0, '2014-12-06', 1, 1),
(52, 16, 1, 1, 40, 10, 0, 0, 6, 2, 0, 0, 0, '2014-12-06', '2014-12-06', '2014-12-08', '2014-12-12', '2014-12-09', 8, 8, 8, '2014-12-06', '1040010311', 0, 0, '2014-12-06', 1, 1),
(53, 3, 1, 1, 16, 8, 0, 0, 6, 2, 0, 0, 0, '2014-12-06', '2014-12-06', '2014-12-10', '2014-12-11', '2014-12-10', 8, 8, 8, '2014-12-06', '1070002847', 0, 0, '2014-12-06', 1, 1),
(54, 3, 1, 1, 42, 8, 0, 0, 6, 2, 0, 0, 0, '2014-12-08', '2014-12-08', '2014-12-12', '2014-12-17', '2014-12-12', 8, 8, 8, '2014-12-08', '1070002866', 0, 0, '2014-12-08', 1, 1),
(55, 1, 1, 1, 3, 10, 0, 0, 6, 2, 0, 0, 0, '2014-12-08', '2014-12-08', '2014-12-11', '2014-12-11', '2014-12-11', 8, 8, 8, '2014-12-11', '1040010597', 0, 0, '2014-12-08', 1, 1),
(56, 15, 1, 1, 41, 10, 0, 0, 6, 2, 0, 0, 0, '2014-12-08', '2014-12-08', '2014-12-11', '2014-12-11', '2014-12-11', 8, 8, 8, '2014-12-11', '1040010598', 0, 0, '2014-12-08', 1, 1),
(57, 13, 1, 1, 32, 10, 0, 0, 6, 2, 0, 0, 0, '2014-12-08', '2014-12-08', '2014-12-09', '2014-12-10', '2014-12-10', 8, 8, 8, '2014-12-09', '1030008642', 0, 0, '2014-12-08', 1, 1),
(58, 14, 1, 1, 15, 10, 0, 0, 6, 2, 0, 0, 0, '2014-12-08', '2014-12-08', '2014-12-08', '2014-12-13', '2014-12-09', 8, 8, 8, '2013-12-08', '1040010342', 0, 0, '2014-12-08', 1, 1),
(59, 17, 1, 1, 44, 10, 0, 0, 6, 2, 0, 0, 0, '2014-12-08', '2014-12-08', '2014-12-09', '2014-12-12', '2014-12-10', 8, 8, 8, '0000-00-00', '', 0, 0, '2014-12-08', 1, 1),
(60, 2, 1, 1, 43, 10, 0, 0, 6, 2, 0, 0, 0, '2014-12-08', '2014-12-08', '2014-12-09', '2014-12-13', '2014-12-10', 8, 8, 8, '2014-12-09', '1030008641', 0, 0, '2014-12-08', 1, 1),
(61, 2, 1, 1, 45, 10, 0, 0, 6, 2, 0, 0, 0, '2014-12-08', '2014-12-08', '2014-12-09', '2014-12-13', '2014-12-10', 8, 8, 8, '2014-12-09', '1030008640', 0, 0, '2014-12-08', 1, 1),
(62, 10, 1, 1, 22, 10, 0, 0, 6, 2, 0, 0, 0, '2014-12-09', '2014-12-09', '2014-12-10', '2014-12-10', '2014-12-10', 8, 8, 8, '2014-12-09', '1040010498', 0, 0, '2014-12-09', 1, 1),
(63, 9, 1, 1, 25, 10, 0, 0, 6, 2, 0, 0, 0, '2014-12-09', '2014-12-09', '2014-12-10', '2014-12-13', '2014-12-11', 8, 8, 8, '2014-12-09', '1040010493', 0, 0, '2014-12-09', 1, 1),
(64, 11, 1, 1, 33, 10, 0, 0, 6, 2, 0, 0, 0, '2014-12-09', '2014-12-09', '2014-12-10', '2014-12-13', '2014-12-10', 8, 8, 8, '2014-12-10', '1110001390', 0, 0, '2014-12-09', 1, 1),
(65, 7, 1, 1, 46, 10, 0, 0, 6, 2, 0, 0, 0, '2014-12-09', '2014-12-09', '2014-12-10', '2014-12-12', '2014-12-11', 8, 8, 8, '2014-12-09', '1040010469', 0, 0, '2014-12-09', 1, 1),
(66, 1, 1, 1, 7, 10, 0, 0, 6, 2, 0, 0, 0, '2014-12-09', '2014-12-09', '2014-12-12', '2014-12-12', '2014-12-12', 8, 8, 8, '2014-12-12', '1040010681', 0, 0, '2014-12-09', 1, 1),
(67, 2, 1, 1, 20, 10, 0, 0, 6, 2, 0, 0, 0, '2014-12-09', '2014-12-09', '2014-12-12', '2014-12-12', '2014-12-12', 8, 8, 8, '2014-12-12', '1040010680', 0, 0, '2014-12-09', 1, 1),
(68, 3, 1, 1, 10, 8, 0, 0, 6, 2, 0, 0, 0, '2014-12-10', '2014-12-10', '2014-12-15', '2014-12-16', '2014-12-16', 8, 8, 8, '2014-12-10', '1070002923', 0, 0, '2014-12-10', 1, 1),
(69, 9, 1, 1, 38, 10, 0, 0, 6, 2, 0, 0, 0, '2014-12-10', '2014-12-10', '2014-12-13', '2014-12-13', '2014-12-13', 8, 8, 8, '2014-12-13', '1040010716', 0, 0, '2014-12-10', 1, 1),
(70, 8, 1, 1, 47, 10, 0, 0, 6, 2, 0, 0, 0, '2014-12-10', '2014-12-10', '2014-12-15', '2014-12-15', '2014-12-15', 8, 8, 8, '2014-12-15', '1040010817', 0, 0, '2014-12-10', 1, 1),
(71, 10, 1, 1, 18, 10, 0, 0, 6, 2, 0, 0, 0, '2014-12-10', '2014-12-10', '2014-12-11', '2014-12-11', '2014-12-11', 8, 8, 8, '2014-12-10', '1040010550', 0, 0, '2014-12-10', 1, 1),
(72, 3, 1, 1, 37, 8, 0, 0, 6, 2, 0, 0, 0, '2014-12-08', '2014-12-08', '2014-12-09', '2014-12-10', '2014-12-10', 8, 8, 8, '2014-12-08', '1040010337', 0, 0, '2014-12-08', 1, 1),
(73, 1, 1, 1, 9, 10, 0, 0, 6, 2, 0, 0, 0, '2014-12-11', '2014-12-11', '2014-12-13', '2014-12-13', '2014-12-13', 8, 8, 8, '2014-12-13', '1040010748', 0, 0, '2014-12-11', 1, 1),
(74, 1, 1, 1, 2, 10, 0, 0, 6, 2, 0, 0, 0, '2014-12-11', '2014-12-11', '2014-12-13', '2014-12-13', '2014-12-13', 8, 8, 8, '2014-12-13', '1040010747', 0, 0, '2014-12-11', 1, 1),
(75, 4, 1, 1, 14, 10, 0, 0, 6, 2, 0, 0, 0, '2014-12-11', '2014-12-11', '2014-12-13', '2014-12-13', '2014-12-13', 8, 8, 8, '2014-12-13', '1040010751', 0, 0, '2014-12-11', 1, 1),
(76, 2, 1, 1, 30, 10, 0, 0, 6, 2, 0, 0, 0, '2014-12-11', '2014-12-11', '2014-12-15', '2014-12-15', '2014-12-15', 8, 8, 8, '2014-12-15', '1040010816', 0, 0, '2014-12-11', 1, 1),
(77, 10, 1, 1, 22, 10, 0, 0, 6, 2, 0, 0, 0, '2014-12-11', '2014-12-11', '2014-12-12', '2014-12-12', '2014-12-12', 8, 8, 8, '2014-12-11', '1040010593', 0, 0, '2014-12-11', 1, 1),
(78, 11, 1, 1, 49, 10, 0, 0, 6, 2, 0, 0, 0, '2014-12-11', '2014-12-11', '2014-12-12', '2014-12-22', '2014-12-13', 8, 8, 8, '2014-12-12', '1110001414', 0, 0, '2014-12-11', 1, 1),
(79, 12, 1, 1, 31, 10, 0, 0, 6, 2, 0, 0, 0, '2014-12-11', '2014-12-11', '2014-12-15', '2014-12-15', '2014-12-15', 8, 8, 8, '2014-12-15', '1040010815', 0, 0, '2014-12-11', 1, 1),
(80, 8, 1, 1, 36, 10, 0, 0, 6, 2, 0, 0, 0, '2014-12-11', '2014-12-11', '2014-12-17', '2014-12-17', '2014-12-17', 8, 8, 8, '2014-12-17', '1040010931', 0, 0, '2014-12-11', 1, 1),
(81, 3, 1, 1, 50, 8, 0, 0, 6, 2, 0, 0, 0, '2014-12-11', '2014-12-11', '2014-12-13', '2014-12-13', '2014-12-13', 8, 8, 8, '2014-12-13', '1040010749', 0, 0, '2014-12-11', 1, 1),
(82, 7, 1, 1, 51, 10, 0, 0, 6, 2, 0, 0, 0, '2014-12-11', '2014-12-11', '2014-12-12', '2014-12-17', '2014-12-13', 8, 8, 8, '2014-12-11', '1040010605', 0, 0, '2014-12-11', 1, 1),
(83, 7, 1, 1, 46, 10, 0, 0, 6, 2, 0, 0, 0, '2014-12-09', '2014-12-09', '2014-12-10', '2014-12-12', '2014-12-11', 8, 8, 8, '2014-12-09', '', 0, 0, '2014-12-09', 1, 1),
(84, 17, 1, 1, 44, 10, 0, 0, 6, 2, 0, 0, 0, '2014-12-12', '2014-12-12', '2014-12-12', '2014-12-15', '2014-12-12', 8, 8, 8, '0000-00-00', '', 0, 0, '2014-12-12', 1, 1),
(85, 16, 1, 1, 40, 10, 0, 0, 6, 2, 0, 0, 0, '2014-12-12', '2014-12-12', '2014-12-13', '2014-12-16', '2014-12-14', 8, 8, 8, '2014-12-12', '1040010692', 0, 0, '2014-12-12', 1, 1),
(86, 1, 1, 1, 1, 10, 0, 0, 6, 2, 0, 0, 0, '2014-12-13', '2014-12-13', '2014-12-16', '2014-12-16', '2014-12-16', 8, 8, 8, '2014-12-16', '1040010889', 0, 0, '2014-12-13', 1, 1),
(87, 1, 1, 1, 12, 10, 0, 0, 6, 2, 0, 0, 0, '2014-12-13', '2014-12-13', '2014-12-16', '2014-12-16', '2014-12-16', 8, 8, 8, '2014-12-16', '1040010890', 0, 0, '2014-12-13', 1, 1),
(88, 1, 1, 1, 3, 10, 0, 0, 6, 2, 0, 0, 0, '2014-12-13', '2014-12-13', '2014-12-16', '2014-12-16', '2014-12-16', 8, 8, 8, '2014-12-16', '1040010888', 0, 0, '2014-12-13', 1, 1),
(89, 2, 1, 1, 19, 10, 0, 0, 6, 2, 0, 0, 0, '2014-12-13', '2014-12-13', '2014-12-16', '2014-12-16', '2014-12-16', 8, 8, 8, '2014-12-16', '1040010891', 0, 0, '2014-12-13', 1, 1),
(90, 11, 1, 1, 33, 10, 0, 0, 6, 2, 0, 0, 0, '2014-12-13', '2014-12-13', '2014-12-15', '2014-12-17', '2014-12-16', 8, 8, 8, '2014-12-16', '1110001444', 0, 0, '2014-12-13', 1, 1),
(91, 9, 1, 1, 38, 10, 0, 0, 6, 2, 0, 0, 0, '2014-12-13', '2014-12-13', '2014-12-13', '2014-12-18', '2014-12-13', 8, 8, 8, '0000-00-00', '', 0, 0, '2014-12-13', 1, 1),
(92, 10, 1, 1, 22, 10, 0, 0, 6, 2, 0, 0, 0, '2014-12-13', '2014-12-13', '2014-12-15', '2014-12-15', '2014-12-15', 8, 8, 8, '2014-12-13', '1040010722', 0, 0, '2014-12-13', 1, 1),
(93, 14, 1, 1, 15, 10, 0, 0, 6, 2, 0, 0, 0, '2014-12-13', '2014-12-13', '2014-12-15', '2014-12-15', '2014-12-16', 8, 8, 8, '2014-12-13', '1040010759', 0, 0, '2014-12-13', 1, 1),
(94, 3, 1, 1, 16, 8, 0, 0, 6, 2, 0, 0, 0, '2014-12-15', '2014-12-15', '2014-12-19', '2014-12-22', '2014-12-19', 8, 8, 8, '2014-12-15', '1070003002', 0, 0, '2014-12-15', 1, 1),
(95, 2, 1, 1, 39, 10, 0, 0, 6, 2, 0, 0, 0, '2014-12-15', '2014-12-15', '2014-12-17', '2014-12-22', '2014-12-17', 8, 8, 8, '2014-12-17', '1030009146', 0, 0, '2014-12-15', 1, 1),
(96, 17, 1, 1, 44, 10, 0, 0, 6, 2, 0, 0, 0, '2014-12-15', '2014-12-15', '2014-12-15', '2014-12-16', '2014-12-16', 8, 8, 8, '2014-12-15', '1040010783', 0, 0, '2014-12-15', 1, 1),
(97, 1, 1, 1, 2, 10, 0, 0, 6, 2, 0, 0, 0, '2014-12-15', '2014-12-15', '2014-12-18', '2014-12-18', '2014-12-18', 8, 8, 8, '2014-12-18', '1040010997', 0, 0, '2014-12-15', 1, 1),
(98, 1, 1, 1, 9, 10, 0, 0, 6, 2, 0, 0, 0, '2014-12-15', '2014-12-15', '2014-12-18', '2014-12-18', '2014-12-18', 8, 8, 8, '2014-12-18', '1040010998', 0, 0, '2014-12-15', 1, 1),
(99, 1, 1, 1, 7, 10, 0, 0, 6, 2, 0, 0, 0, '2014-12-15', '2014-12-15', '2014-12-18', '2014-12-18', '2014-12-18', 8, 8, 8, '2014-12-18', '1040010996', 0, 0, '2014-12-15', 1, 1),
(100, 2, 1, 1, 20, 10, 0, 0, 6, 2, 0, 0, 0, '2014-12-15', '2014-12-15', '2014-12-19', '2014-12-19', '2014-12-19', 8, 8, 8, '2014-12-19', '1040011057', 0, 0, '2014-12-15', 1, 1),
(101, 10, 1, 1, 22, 10, 0, 0, 6, 2, 0, 0, 0, '2014-12-15', '2014-12-15', '2014-12-16', '2014-12-16', '2014-12-16', 8, 8, 8, '2014-12-15', '1040010844', 0, 0, '2014-12-15', 1, 1),
(102, 7, 1, 1, 52, 10, 0, 0, 6, 2, 0, 0, 0, '2014-12-15', '2014-12-15', '2014-12-16', '2014-12-17', '2014-12-16', 8, 8, 8, '2014-12-15', '1040010823', 0, 0, '2014-12-15', 1, 1),
(103, 14, 1, 1, 15, 10, 0, 0, 6, 2, 0, 0, 0, '2014-12-15', '2014-12-15', '2014-12-16', '2014-12-17', '2014-12-16', 8, 8, 8, '2014-12-15', '1040010839', 0, 0, '2014-12-15', 1, 1),
(104, 8, 1, 1, 47, 10, 0, 0, 6, 2, 0, 0, 0, '2014-12-15', '2014-12-15', '2014-12-16', '2014-12-17', '2014-12-16', 8, 8, 8, '0000-00-00', '', 0, 0, '2014-12-15', 1, 1),
(105, 2, 1, 1, 45, 10, 0, 0, 6, 2, 0, 0, 0, '2014-12-16', '2014-12-16', '2014-12-18', '2014-12-22', '2014-12-18', 8, 8, 8, '2014-12-18', '1030009225', 0, 0, '2014-12-16', 1, 1),
(106, 16, 1, 1, 40, 10, 0, 0, 6, 2, 0, 0, 0, '2014-12-16', '2014-12-16', '2014-12-17', '2014-12-27', '2014-12-17', 8, 8, 8, '2014-12-16', '1040010893', 0, 0, '2014-12-16', 1, 1),
(107, 2, 1, 1, 53, 10, 0, 0, 6, 2, 0, 0, 0, '2014-12-16', '2014-12-16', '2014-12-18', '2014-12-22', '2014-12-18', 8, 8, 8, '2014-12-18', '1030009224', 0, 0, '2014-12-16', 1, 1),
(108, 3, 1, 1, 42, 8, 0, 0, 6, 2, 0, 0, 0, '2014-12-15', '2014-12-15', '2014-12-19', '2014-12-22', '2014-12-19', 8, 8, 8, '2014-12-15', '1070003003', 0, 0, '2014-12-15', 1, 1),
(109, 7, 1, 1, 52, 10, 0, 0, 6, 2, 0, 0, 0, '2014-12-15', '2014-12-15', '2014-12-16', '2014-12-17', '2014-12-16', 8, 8, 8, '0000-00-00', '', 0, 0, '2014-12-15', 1, 1),
(110, 7, 1, 1, 51, 10, 0, 0, 6, 2, 0, 0, 0, '2014-12-11', '2014-12-11', '2014-12-12', '2014-12-17', '2014-12-13', 8, 8, 8, '0000-00-00', '', 0, 0, '2014-12-11', 1, 1),
(111, 14, 1, 1, 15, 10, 0, 0, 6, 2, 0, 0, 0, '2014-12-17', '2014-12-17', '2014-12-18', '2014-12-18', '2014-12-18', 8, 8, 8, '2014-12-17', '1040010923', 0, 0, '2014-12-17', 1, 1),
(112, 17, 1, 1, 44, 10, 0, 0, 6, 2, 0, 0, 0, '2014-12-17', '2014-12-17', '2014-12-18', '2014-12-19', '2014-12-18', 8, 8, 8, '2014-12-17', '1040010927', 0, 0, '2014-12-17', 1, 1),
(113, 10, 1, 1, 22, 10, 0, 0, 6, 2, 0, 0, 0, '2014-12-17', '2014-12-17', '2014-12-18', '2014-12-18', '2014-12-18', 8, 8, 8, '2014-12-17', '1040010940', 0, 0, '2014-12-17', 1, 1),
(114, 11, 1, 1, 33, 10, 0, 0, 6, 2, 0, 0, 0, '2014-12-17', '2014-12-17', '2014-12-19', '2014-12-26', '2014-12-19', 8, 8, 8, '2014-12-19', '1110001474', 0, 0, '2014-12-17', 1, 1),
(115, 8, 1, 1, 36, 10, 0, 0, 6, 2, 0, 0, 0, '2014-12-17', '2014-12-17', '2014-12-18', '2014-12-22', '2014-12-18', 8, 8, 8, '0000-00-00', '', 0, 0, '2014-12-17', 1, 1),
(116, 8, 1, 1, 26, 10, 0, 0, 6, 2, 0, 0, 0, '2014-12-17', '2014-12-17', '0000-00-00', '0000-00-00', '0000-00-00', 8, 8, 8, '2014-12-17', '1040010922', 0, 0, '2014-12-17', 1, 1),
(117, 18, 2, 2, 54, 0, 0, 0, 5.5, 0, 0, 0, 0, '2014-12-17', '2014-12-17', '2014-12-20', '2014-12-20', '2014-12-20', 8, 8, 8, '2014-12-20', '1040011117', 0, 0, '2014-12-17', 1, 1),
(118, 9, 1, 1, 38, 10, 0, 0, 6, 2, 0, 0, 0, '2014-12-17', '2014-12-17', '2014-12-22', '2014-12-22', '2014-12-22', 8, 8, 8, '2014-12-22', '1040011138', 0, 0, '2014-12-17', 1, 1),
(119, 3, 1, 1, 10, 8, 0, 0, 6, 2, 0, 0, 0, '2014-12-18', '2014-12-18', '2014-12-22', '2014-12-26', '2014-12-22', 8, 8, 8, '2014-12-18', '1070003068', 0, 0, '2014-12-18', 1, 1),
(120, 3, 1, 1, 6, 8, 0, 0, 6, 2, 0, 0, 0, '2014-12-18', '2014-12-18', '2014-12-19', '2014-12-22', '2014-12-19', 8, 8, 8, '2014-12-18', '1040011007', 0, 0, '2014-12-18', 1, 1),
(121, 1, 1, 1, 1, 10, 0, 0, 6, 2, 0, 0, 0, '2014-12-18', '2014-12-18', '2014-12-22', '2014-12-22', '2014-12-22', 8, 8, 8, '2014-12-22', '1040011161', 0, 0, '2014-12-18', 1, 1),
(122, 1, 1, 1, 3, 10, 0, 0, 6, 2, 0, 0, 0, '2014-12-18', '2014-12-18', '2014-12-22', '2014-12-22', '2014-12-22', 8, 8, 8, '2014-12-22', '1040011159', 0, 0, '2014-12-18', 1, 1),
(123, 1, 1, 1, 12, 10, 0, 0, 6, 2, 0, 0, 0, '2014-12-19', '2014-12-19', '2014-12-23', '2014-12-23', '2014-12-23', 8, 8, 8, '2014-12-23', '1040011217', 0, 0, '2014-12-19', 1, 1),
(124, 2, 1, 1, 19, 10, 0, 0, 6, 2, 0, 0, 0, '2014-12-19', '2014-12-19', '2014-12-22', '2014-12-22', '2014-12-22', 8, 8, 8, '2014-12-22', '1040011158', 0, 0, '2014-12-19', 1, 1),
(125, 4, 1, 1, 14, 10, 0, 0, 6, 2, 0, 0, 0, '2014-12-19', '2014-12-19', '2014-12-22', '2014-12-22', '2014-12-22', 8, 8, 8, '2014-12-22', '1040011162', 0, 0, '2014-12-19', 1, 1),
(126, 4, 1, 1, 24, 10, 0, 0, 6, 2, 0, 0, 0, '2014-12-19', '2014-12-19', '2014-12-22', '2014-12-22', '2014-12-22', 8, 8, 8, '2014-12-22', '1040011160', 0, 0, '2014-12-19', 1, 1),
(127, 5, 1, 1, 11, 10, 0, 0, 6, 2, 0, 0, 0, '2014-12-19', '2014-12-19', '2014-12-23', '2014-12-23', '2014-12-23', 8, 8, 8, '2014-12-23', '1040011215', 0, 0, '2014-12-19', 1, 1),
(128, 14, 1, 1, 15, 10, 0, 0, 6, 2, 0, 0, 0, '2014-12-19', '2014-12-19', '2014-12-20', '2014-12-23', '2004-12-20', 8, 8, 8, '2014-12-19', '1040011048', 0, 0, '2014-12-19', 1, 1),
(129, 17, 1, 1, 44, 10, 0, 0, 6, 2, 0, 0, 0, '2014-12-19', '2014-12-19', '2014-12-20', '2014-12-22', '2014-12-20', 8, 8, 8, '2014-12-19', '1040011064', 0, 0, '2014-12-19', 1, 1),
(130, 12, 1, 1, 31, 10, 0, 0, 6, 2, 0, 0, 0, '2014-12-20', '2014-12-20', '2014-12-24', '2014-12-24', '2014-12-24', 8, 8, 8, '2014-12-24', '1040011288', 0, 0, '2014-12-20', 1, 1),
(131, 1, 1, 1, 2, 10, 0, 0, 6, 2, 0, 0, 0, '2014-12-20', '2014-12-20', '2014-12-23', '2014-12-23', '2014-12-23', 8, 8, 8, '2014-12-23', '1040011216', 0, 0, '2014-12-20', 1, 1),
(132, 1, 1, 1, 9, 10, 0, 0, 6, 2, 0, 0, 0, '2014-12-20', '2014-12-20', '2014-12-23', '2014-12-23', '2014-12-23', 8, 8, 8, '2014-12-23', '1040011214', 0, 0, '2014-12-20', 1, 1),
(133, 8, 1, 1, 23, 10, 0, 0, 6, 2, 0, 0, 0, '2014-12-20', '2014-12-20', '2014-12-24', '2014-12-27', '2014-12-24', 8, 8, 8, '2014-12-20', '1070003109', 0, 0, '2014-12-20', 1, 1),
(134, 2, 1, 1, 43, 10, 0, 0, 6, 2, 0, 0, 0, '2014-12-20', '2014-12-20', '2014-12-22', '2015-02-02', '2014-12-22', 8, 8, 8, '2014-12-22', '1030009415', 0, 0, '2014-12-20', 1, 1),
(135, 18, 1, 1, 55, 7, 0, 0, 6, 2, 0, 0, 0, '2014-12-20', '2014-12-20', '2014-12-24', '2014-12-24', '2014-12-24', 8, 8, 8, '2014-12-24', '1040011287', 0, 0, '2014-12-20', 1, 1),
(136, 8, 1, 1, 47, 10, 0, 0, 6, 2, 0, 0, 0, '2014-12-22', '2014-12-22', '2014-12-26', '2014-12-26', '2014-12-26', 8, 8, 8, '2014-12-26', '1040011368', 0, 0, '2014-12-22', 1, 1),
(137, 3, 1, 1, 42, 8, 0, 0, 6, 2, 0, 0, 0, '2014-12-22', '2014-12-22', '2014-12-27', '2014-12-29', '2014-12-27', 8, 8, 8, '2014-12-22', '1070003131', 0, 0, '2014-12-22', 1, 1),
(138, 3, 1, 1, 6, 8, 0, 0, 6, 2, 0, 0, 0, '2014-12-22', '2014-12-22', '2014-12-26', '2014-12-29', '2014-12-26', 8, 8, 8, '2014-12-22', '1070003133', 0, 0, '2014-12-22', 1, 1),
(139, 3, 1, 1, 16, 8, 0, 0, 6, 2, 0, 0, 0, '2014-12-22', '2014-12-22', '2014-12-26', '2014-12-29', '2014-12-26', 8, 8, 8, '2014-12-22', '1070003132', 0, 0, '2014-12-22', 1, 1),
(140, 10, 1, 1, 22, 10, 0, 0, 6, 2, 0, 0, 0, '2014-12-22', '2014-12-22', '2014-12-23', '2014-12-23', '2014-12-23', 8, 8, 8, '2014-12-22', '1040011183', 0, 0, '2014-12-22', 1, 1),
(141, 9, 1, 1, 38, 10, 0, 0, 6, 2, 0, 0, 0, '2014-12-22', '2014-12-22', '2014-12-22', '2014-12-26', '2014-12-23', 8, 8, 8, '2014-12-22', '', 0, 0, '2014-12-22', 1, 1),
(142, 11, 1, 1, 56, 10, 0, 0, 6, 2, 0, 0, 0, '2014-12-22', '2014-12-22', '2014-12-23', '2014-12-23', '2014-12-23', 8, 8, 8, '2014-12-22', '1040011152', 0, 0, '2014-12-22', 1, 1),
(143, 17, 1, 1, 44, 10, 0, 0, 6, 2, 0, 0, 0, '2014-12-22', '2014-12-22', '2014-12-23', '2014-12-26', '2014-12-23', 8, 8, 8, '2014-12-22', '1040011153', 0, 0, '2014-12-22', 1, 1),
(144, 14, 1, 1, 15, 10, 0, 0, 6, 2, 0, 0, 0, '2014-12-23', '2014-12-23', '2014-12-24', '2014-12-30', '2014-12-24', 8, 8, 8, '2014-12-23', '1040011199', 0, 0, '2014-12-23', 1, 1),
(145, 2, 1, 1, 30, 10, 0, 0, 6, 2, 0, 0, 0, '2014-12-23', '2014-12-23', '2014-12-26', '2014-12-26', '2014-12-26', 8, 8, 8, '2014-12-26', '1040011378', 0, 0, '2014-12-23', 1, 1),
(146, 18, 1, 1, 54, 7, 0, 0, 6, 2, 0, 0, 0, '2014-12-23', '2014-12-23', '2014-12-26', '2014-12-26', '2014-12-26', 8, 8, 8, '2014-12-26', '1040011369', 0, 0, '2014-12-23', 1, 1),
(147, 11, 1, 1, 33, 10, 0, 0, 6, 2, 0, 0, 0, '2014-12-22', '2014-12-22', '2014-12-23', '2014-12-26', '2014-12-23', 8, 8, 8, '2014-12-24', '1110001513', 0, 0, '2014-12-22', 1, 1),
(148, 2, 1, 1, 20, 10, 0, 0, 6, 2, 0, 0, 0, '2014-12-29', '2014-12-29', '2015-01-01', '2015-01-01', '2015-01-01', 8, 8, 8, '2015-01-01', '1040011753', 0, 0, '2014-12-29', 1, 1),
(149, 8, 1, 1, 47, 10, 0, 0, 6, 2, 0, 0, 0, '2014-12-26', '2014-12-26', '2014-12-27', '2014-12-30', '2014-12-27', 8, 8, 8, '0000-00-00', '', 0, 0, '2014-12-26', 1, 1),
(150, 1, 2, 2, 1, 10, 0, 0, 5.5, 0, 0, 0, 0, '2014-12-27', '2014-12-27', '2014-12-30', '2014-12-30', '2014-12-30', 8, 8, 8, '2014-12-30', '1740000681', 0, 0, '2014-12-27', 1, 1),
(151, 1, 2, 2, 2, 10, 0, 0, 5.5, 0, 0, 0, 0, '2014-12-27', '2014-12-27', '2014-12-30', '2014-12-30', '2014-12-30', 8, 8, 8, '2014-12-30', '1740000682', 0, 0, '2014-12-27', 1, 1),
(152, 13, 1, 1, 32, 10, 0, 0, 6, 2, 0, 0, 0, '2014-12-29', '2014-12-29', '2014-12-30', '2015-01-01', '2014-12-30', 8, 8, 8, '2014-12-30', '1030009835', 0, 0, '2014-12-29', 1, 1),
(153, 1, 1, 1, 7, 10, 0, 0, 6, 2, 0, 0, 0, '2014-12-29', '2014-12-29', '2015-01-01', '2015-01-01', '2015-01-01', 8, 8, 8, '2015-01-01', '1040011754', 0, 0, '2014-12-29', 1, 1),
(154, 3, 1, 1, 10, 8, 0, 0, 6, 2, 0, 0, 0, '2014-12-30', '2014-12-30', '2015-01-03', '2015-01-03', '2015-01-03', 8, 8, 8, '2015-01-03', '1040011972', 0, 0, '2014-12-30', 1, 1),
(158, 2, 1, 1, 39, 10, 0, 0, 6, 2, 0, 0, 0, '2014-12-31', '2014-12-31', '2015-01-02', '2015-01-07', '2015-01-02', 8, 8, 8, '2015-01-02', '1030009954', 0, 0, '2014-12-31', 1, 1),
(159, 2, 1, 1, 45, 10, 0, 0, 6, 2, 0, 0, 0, '2014-12-31', '2014-12-31', '2015-01-02', '2015-01-07', '2015-01-02', 8, 8, 8, '2015-01-02', '1030009963', 0, 0, '2014-12-31', 1, 1),
(160, 1, 1, 1, 3, 10, 0, 0, 6, 2, 0, 0, 0, '2014-12-31', '2014-12-31', '2015-01-03', '2015-01-03', '2015-01-03', 8, 8, 8, '2015-01-03', '1040011971', 0, 0, '2014-12-31', 1, 1),
(161, 11, 1, 1, 33, 10, 0, 0, 6, 2, 0, 0, 0, '2014-12-31', '2014-12-31', '2015-01-01', '2015-01-05', '2015-01-01', 8, 8, 8, '2015-01-01', '1110001550', 0, 0, '2014-12-31', 1, 1),
(162, 11, 1, 1, 67, 10, 0, 0, 6, 2, 0, 0, 0, '2014-12-31', '2014-12-31', '2015-01-01', '2015-01-05', '2015-01-01', 8, 8, 8, '2015-01-01', '1110001549', 0, 0, '2014-12-31', 1, 1),
(163, 14, 1, 1, 15, 10, 0, 0, 6, 2, 0, 0, 0, '2014-11-17', '2014-11-17', '2014-11-18', '2014-12-30', '2014-11-18', 8, 8, 8, '0000-00-00', '', 0, 0, '2014-11-17', 1, 1),
(164, 14, 1, 1, 15, 10, 0, 0, 6, 2, 0, 0, 0, '2014-11-19', '2014-11-19', '2014-11-20', '2014-12-30', '2014-11-20', 8, 8, 8, '0000-00-00', '', 0, 0, '2014-11-19', 1, 1),
(165, 14, 1, 1, 15, 10, 0, 0, 6, 2, 0, 0, 0, '2014-11-24', '2014-11-24', '2014-11-25', '2014-12-30', '2014-11-25', 8, 8, 8, '0000-00-00', '', 0, 0, '2014-11-24', 1, 1),
(166, 20, 1, 1, 68, 10, 0, 0, 6, 2, 0, 0, 0, '2014-11-19', '2014-11-19', '2014-11-20', '2014-12-30', '2014-11-20', 8, 8, 8, '0000-00-00', '', 0, 0, '2014-11-19', 1, 1),
(167, 14, 2, 2, 15, 10, 0, 0, 5.5, 0, 0, 0, 0, '2014-11-01', '2014-11-01', '2014-11-01', '2014-12-30', '2014-11-01', 8, 8, 8, '0000-00-00', '', 0, 0, '2014-11-01', 1, 1),
(168, 14, 2, 2, 15, 10, 0, 0, 5.5, 0, 0, 0, 0, '2014-11-02', '2014-11-02', '2014-11-02', '2014-12-30', '2014-11-02', 8, 8, 8, '0000-00-00', '', 0, 0, '2014-11-02', 1, 1),
(169, 14, 2, 2, 15, 10, 0, 0, 5.5, 0, 0, 0, 0, '2014-11-05', '2014-11-05', '2014-11-06', '2014-12-30', '2014-11-06', 8, 8, 8, '0000-00-00', '', 0, 0, '2014-11-05', 1, 1),
(170, 14, 2, 2, 15, 10, 0, 0, 5.5, 0, 0, 0, 0, '2014-11-07', '2014-11-07', '2014-11-08', '2014-12-30', '2014-11-08', 8, 8, 8, '0000-00-00', '', 0, 0, '2014-11-07', 1, 1),
(171, 14, 2, 2, 15, 10, 0, 0, 5.5, 0, 0, 0, 0, '2014-11-10', '2014-11-10', '2014-11-11', '2014-12-30', '2014-11-11', 8, 8, 8, '0000-00-00', '', 0, 0, '2014-11-10', 1, 1),
(172, 14, 2, 2, 15, 10, 0, 0, 5.5, 0, 0, 0, 0, '2014-11-12', '2014-11-12', '2014-11-13', '2014-12-30', '2014-11-13', 8, 8, 8, '0000-00-00', '', 0, 0, '2014-11-12', 1, 1),
(173, 14, 2, 2, 15, 10, 0, 0, 5.5, 0, 0, 0, 0, '2014-11-14', '2014-11-14', '2014-11-15', '2014-12-30', '2014-11-15', 8, 8, 8, '0000-00-00', '', 0, 0, '2014-11-14', 1, 1),
(174, 11, 2, 2, 69, 10, 0, 0, 5.5, 0, 0, 0, 0, '2014-11-05', '2014-11-05', '2014-11-06', '2014-12-30', '2014-11-06', 8, 8, 8, '0000-00-00', '', 0, 0, '2014-11-05', 1, 1),
(175, 11, 2, 2, 69, 10, 0, 0, 5.5, 0, 0, 0, 0, '2014-11-11', '2014-11-11', '2014-11-12', '2014-12-30', '2014-11-12', 8, 8, 8, '0000-00-00', '', 0, 0, '2014-11-11', 1, 1),
(176, 11, 2, 2, 69, 10, 0, 0, 5.5, 0, 0, 0, 0, '2014-10-17', '2014-10-17', '2014-10-18', '2014-12-30', '2014-10-18', 8, 8, 8, '0000-00-00', '', 0, 0, '2014-10-17', 1, 1),
(177, 11, 2, 2, 69, 10, 0, 0, 5.5, 0, 0, 0, 0, '2014-10-22', '2014-10-22', '2014-10-22', '2014-12-30', '2014-10-22', 8, 8, 8, '0000-00-00', '', 0, 0, '2014-10-22', 1, 1),
(178, 11, 2, 2, 69, 10, 0, 0, 5.5, 0, 0, 0, 0, '2014-10-22', '2014-10-22', '2014-10-22', '2014-12-30', '2014-10-22', 8, 8, 8, '0000-00-00', '', 0, 0, '2014-10-22', 1, 1),
(179, 11, 2, 2, 69, 10, 0, 0, 5.5, 0, 0, 0, 0, '2014-10-27', '2014-10-27', '2014-10-28', '2014-12-30', '2014-10-28', 8, 8, 8, '0000-00-00', '', 0, 0, '2014-10-27', 1, 1),
(180, 11, 2, 2, 69, 10, 0, 0, 5.5, 0, 0, 0, 0, '2014-09-12', '2014-09-12', '2014-09-12', '2014-12-30', '2014-09-12', 8, 8, 8, '0000-00-00', '', 0, 0, '2014-09-12', 1, 1),
(181, 20, 2, 2, 70, 10, 0, 0, 5.5, 0, 0, 0, 0, '2014-10-11', '2014-10-11', '2014-10-16', '2015-01-01', '2014-10-16', 8, 8, 8, '2014-10-11', '1070001730', 0, 0, '2014-10-11', 1, 1),
(182, 14, 1, 1, 15, 10, 0, 0, 6, 2, 0, 0, 0, '2015-01-01', '2015-01-01', '2015-01-01', '2015-01-01', '2015-01-01', 8, 8, 8, '2015-01-01', '1040011633', 0, 0, '2015-01-01', 1, 1),
(183, 16, 1, 1, 40, 10, 0, 0, 6, 2, 0, 0, 0, '2015-01-01', '2015-01-01', '2015-01-02', '2015-01-08', '2015-01-02', 8, 8, 8, '2015-01-01', '1040011730', 0, 0, '2015-01-01', 1, 1),
(184, 8, 1, 1, 26, 10, 0, 0, 6, 2, 0, 0, 0, '2015-01-01', '2015-01-01', '2015-01-01', '2015-01-02', '2015-01-01', 8, 8, 8, '2015-01-01', '1040011638', 0, 0, '2015-01-01', 1, 1),
(185, 3, 1, 1, 6, 8, 0, 0, 6, 2, 0, 0, 0, '2015-01-01', '2015-01-01', '2015-01-05', '2015-01-06', '2015-01-05', 8, 8, 8, '2015-01-01', '1070003277', 0, 0, '2015-01-01', 1, 1),
(186, 10, 1, 1, 22, 10, 0, 0, 6, 2, 0, 0, 0, '2015-01-01', '2015-01-01', '2015-01-03', '2015-01-03', '2015-01-03', 8, 8, 8, '2015-01-01', '1040011784', 0, 0, '2015-01-01', 1, 1),
(187, 14, 1, 1, 15, 10, 0, 0, 6, 2, 0, 0, 0, '2015-01-01', '2015-01-01', '2015-01-02', '2015-01-05', '2015-01-02', 8, 8, 8, '2015-01-01', '1040011800', 0, 0, '2015-01-01', 1, 1),
(188, 17, 1, 1, 44, 10, 0, 0, 6, 2, 0, 0, 0, '2015-01-02', '2015-01-02', '2015-01-03', '2015-01-07', '2015-01-03', 8, 8, 8, '0000-00-00', '', 0, 0, '2015-01-02', 1, 1),
(189, 15, 1, 1, 71, 10, 0, 0, 6, 2, 0, 0, 0, '2015-01-02', '2015-01-02', '2015-01-03', '2015-02-03', '2015-01-03', 8, 8, 8, '0000-00-00', '', 0, 0, '2015-01-02', 1, 1),
(190, 3, 1, 1, 37, 8, 0, 0, 6, 2, 0, 0, 0, '2015-01-03', '2015-01-03', '2015-01-03', '2015-01-06', '2015-01-03', 8, 8, 8, '2015-01-03', '1040012035', 0, 0, '2015-01-03', 1, 1),
(191, 2, 1, 1, 19, 10, 0, 0, 6, 2, 0, 0, 0, '2015-01-03', '2015-01-03', '2015-01-06', '2015-01-06', '2015-01-06', 8, 8, 8, '2015-01-06', '1040012217', 0, 0, '2015-01-03', 1, 1),
(193, 6, 1, 1, 29, 7, 0, 0, 6, 2, 0, 0, 0, '2015-01-05', '2015-01-05', '2015-01-06', '2015-01-08', '2015-01-06', 8, 8, 8, '2015-01-05', '1040012104', 0, 0, '2015-01-05', 1, 1),
(194, 14, 1, 1, 15, 10, 0, 0, 6, 2, 0, 0, 0, '2015-01-05', '2015-01-05', '2015-01-06', '2015-01-08', '2015-01-06', 8, 8, 8, '2015-01-05', '1040012099', 0, 0, '2015-01-05', 1, 1),
(195, 10, 1, 1, 13, 10, 0, 0, 6, 2, 0, 0, 0, '2015-01-05', '2015-01-05', '2015-01-06', '2015-01-13', '2015-01-06', 8, 8, 8, '2015-01-06', '1030010225', 0, 0, '2015-01-05', 1, 1),
(196, 1, 1, 1, 2, 10, 0, 0, 6, 2, 0, 0, 0, '2015-01-05', '2015-01-05', '2015-01-08', '2015-01-08', '2015-01-08', 8, 8, 8, '2015-01-08', '1040012372', 0, 0, '2015-01-05', 1, 1),
(197, 13, 1, 1, 32, 10, 0, 0, 6, 2, 0, 0, 0, '2015-01-06', '2015-01-06', '2015-01-07', '2015-01-08', '2015-01-07', 8, 8, 8, '2015-01-07', '1030010290', 0, 0, '2015-01-06', 1, 1),
(198, 1, 1, 1, 1, 10, 0, 0, 6, 2, 0, 0, 0, '2015-01-06', '2015-01-06', '2015-01-09', '2015-01-09', '2015-01-09', 8, 8, 8, '2015-01-06', '1070003386', 0, 0, '2015-01-06', 1, 1),
(199, 3, 1, 1, 16, 8, 0, 0, 6, 2, 0, 0, 0, '2015-01-06', '2015-01-06', '2015-01-10', '2015-01-13', '2015-01-10', 8, 8, 8, '2015-01-06', '1070003390', 0, 0, '2015-01-06', 1, 1),
(200, 4, 1, 1, 14, 10, 0, 0, 6, 2, 0, 0, 0, '2015-01-06', '2015-01-06', '2015-01-09', '2015-01-09', '2015-01-09', 8, 8, 8, '2015-01-09', '1040012468', 0, 0, '2015-01-06', 1, 1),
(201, 3, 1, 1, 37, 8, 0, 0, 6, 2, 0, 0, 0, '2015-01-06', '2015-01-06', '2015-01-08', '2015-01-09', '2015-01-08', 8, 8, 8, '2015-01-08', '1030010377', 0, 0, '2015-01-06', 1, 1),
(202, 2, 1, 1, 19, 10, 0, 0, 6, 2, 0, 0, 0, '2015-01-06', '2015-01-06', '2015-01-07', '2015-01-08', '2015-01-07', 8, 8, 8, '0000-00-00', '', 0, 0, '2015-01-06', 1, 1),
(203, 17, 1, 1, 44, 10, 0, 0, 6, 2, 0, 0, 0, '2015-01-06', '2015-01-06', '2015-01-07', '2015-01-12', '2015-01-07', 8, 8, 8, '2015-01-06', '1040012199', 0, 0, '2015-01-06', 1, 1),
(204, 3, 1, 1, 42, 8, 0, 0, 6, 2, 0, 0, 0, '2015-01-07', '2015-01-07', '2015-01-10', '2015-01-13', '2015-01-10', 8, 8, 8, '2015-01-07', '1070003415', 0, 0, '2015-01-07', 1, 1),
(205, 8, 1, 1, 26, 10, 0, 0, 6, 2, 0, 0, 0, '2015-01-08', '2015-01-08', '2015-01-09', '2015-01-12', '2015-01-09', 8, 8, 8, '2015-01-08', '1040012416', 0, 0, '2015-01-08', 1, 1),
(206, 1, 1, 1, 9, 10, 0, 0, 6, 2, 0, 0, 0, '2015-01-08', '2015-01-09', '2015-01-12', '2015-01-12', '2015-01-12', 8, 8, 8, '2015-01-09', '1830000023', 0, 0, '2015-01-09', 1, 1),
(207, 3, 1, 1, 10, 8, 0, 0, 6, 2, 0, 0, 0, '2015-01-08', '2015-01-09', '2015-01-13', '2015-01-15', '2015-01-13', 8, 8, 8, '2015-01-09', '1830000021', 0, 0, '2015-01-09', 1, 1),
(208, 2, 1, 1, 30, 10, 0, 0, 6, 2, 0, 0, 0, '2015-01-08', '2015-01-09', '2015-01-12', '2015-01-12', '2015-01-12', 8, 8, 8, '2015-01-12', '1040012683', 0, 0, '2015-01-09', 1, 1),
(209, 1, 1, 1, 12, 10, 0, 0, 6, 2, 0, 0, 0, '2015-01-08', '2015-01-09', '2015-01-12', '2015-01-12', '2015-01-12', 8, 8, 8, '2015-01-12', '1040012681', 0, 0, '2015-01-09', 1, 1),
(210, 1, 1, 1, 7, 10, 0, 0, 6, 2, 0, 0, 0, '2015-01-08', '2015-01-09', '2015-01-12', '2015-01-12', '2015-01-12', 8, 8, 8, '2015-01-12', '1040012684', 0, 0, '2015-01-09', 1, 1),
(211, 2, 1, 1, 20, 10, 0, 0, 6, 2, 0, 0, 0, '2015-01-08', '2015-01-09', '2015-01-12', '2015-01-12', '2015-01-12', 8, 8, 8, '2015-01-12', '1040012682', 0, 0, '2015-01-09', 1, 1),
(212, 14, 1, 1, 15, 10, 0, 0, 6, 2, 0, 0, 0, '2015-01-09', '2015-01-09', '2015-01-10', '2015-01-12', '2015-01-10', 8, 8, 8, '2015-01-09', '1040012455', 0, 0, '2015-01-09', 1, 1),
(213, 10, 1, 1, 22, 10, 0, 0, 6, 2, 0, 0, 0, '2015-01-10', '2015-01-10', '2015-01-12', '2015-01-12', '2015-01-12', 8, 8, 8, '2015-01-10', '1040012573', 0, 0, '2015-01-10', 1, 1),
(214, 4, 1, 1, 24, 10, 0, 0, 6, 2, 0, 0, 0, '2015-01-10', '2015-01-11', '2015-01-13', '2015-01-13', '2015-01-13', 8, 8, 8, '2015-01-13', '1040012808', 0, 0, '2015-01-10', 1, 1),
(216, 17, 1, 1, 44, 10, 0, 0, 6, 2, 0, 0, 0, '2015-01-09', '2015-01-09', '2015-01-09', '2015-01-09', '2015-01-10', 8, 8, 8, '2015-01-09', '1040012545', 0, 0, '2015-01-09', 1, 1),
(217, 3, 1, 1, 6, 8, 0, 0, 6, 2, 0, 0, 0, '2015-01-10', '2015-01-12', '2015-01-15', '2015-01-16', '2015-01-15', 8, 8, 8, '2015-01-12', '1830000027', 0, 0, '2015-01-12', 1, 1),
(218, 1, 1, 1, 3, 10, 0, 0, 6, 2, 0, 0, 0, '2015-01-10', '2015-01-12', '2015-01-14', '2015-01-14', '2015-01-14', 8, 8, 8, '2015-01-14', '1040012876', 0, 0, '2015-01-12', 1, 1),
(219, 15, 1, 1, 78, 10, 0, 0, 6, 2, 0, 0, 0, '2015-01-10', '2015-01-12', '2015-01-15', '2015-01-15', '2015-01-15', 8, 8, 8, '2015-01-15', '1040012953', 0, 0, '2015-01-12', 1, 1),
(220, 8, 1, 1, 26, 10, 0, 0, 6, 2, 0, 0, 0, '2015-01-12', '2015-01-12', '2015-01-13', '2015-01-14', '2015-01-13', 8, 8, 8, '2015-01-12', '1040012754', 0, 0, '2015-01-12', 1, 1),
(221, 2, 1, 1, 17, 10, 0, 0, 6, 2, 0, 0, 0, '2015-01-12', '2015-01-12', '2015-01-13', '2015-01-16', '2015-01-13', 8, 8, 8, '2015-01-13', '1030010663', 0, 0, '2015-01-12', 1, 1),
(222, 1, 1, 1, 1, 10, 0, 0, 6, 2, 0, 0, 0, '2015-01-12', '2015-01-12', '2015-01-14', '2015-01-14', '2015-01-14', 8, 8, 8, '2015-01-14', '1040012898', 0, 0, '2015-01-12', 1, 1),
(223, 1, 1, 1, 2, 10, 0, 0, 6, 2, 0, 0, 0, '2015-01-12', '2015-01-12', '2015-01-14', '2015-01-14', '2015-01-14', 8, 8, 8, '2015-01-14', '1040012897', 0, 0, '2015-01-12', 1, 1),
(224, 4, 1, 1, 14, 10, 0, 0, 6, 2, 0, 0, 0, '2015-01-12', '2015-01-12', '2015-01-15', '2015-01-15', '2015-01-15', 8, 8, 8, '2015-01-15', '1040012955', 0, 0, '2015-01-12', 1, 1),
(225, 2, 1, 1, 19, 10, 0, 0, 6, 2, 0, 0, 0, '2015-01-12', '2015-01-13', '2015-01-15', '2015-01-15', '2015-01-15', 8, 8, 8, '2015-01-15', '1040012994', 0, 0, '2015-01-13', 1, 1),
(226, 2, 1, 1, 43, 10, 0, 0, 6, 2, 0, 0, 0, '2015-01-12', '2015-01-13', '2015-01-15', '2015-01-15', '2015-01-15', 8, 8, 8, '2015-01-15', '1040012993', 0, 0, '2015-01-13', 1, 1),
(227, 17, 1, 1, 44, 10, 0, 0, 6, 2, 0, 0, 0, '2015-01-13', '2015-01-13', '2015-01-14', '2015-01-16', '2015-01-14', 8, 8, 8, '2015-01-13', '1040012821', 0, 0, '2015-01-13', 1, 1),
(228, 10, 1, 1, 22, 10, 0, 0, 6, 2, 0, 0, 0, '2015-01-13', '2015-01-13', '2015-01-14', '2015-01-14', '2015-01-14', 8, 8, 8, '2015-01-13', '1040012837', 0, 0, '2015-01-13', 1, 1),
(229, 13, 1, 1, 32, 10, 0, 0, 6, 2, 0, 0, 0, '2015-01-13', '2015-01-13', '2015-01-14', '2015-01-15', '2015-01-14', 8, 8, 8, '2015-01-14', '1030010769', 0, 0, '2015-01-13', 1, 1),
(230, 8, 1, 1, 26, 10, 0, 0, 6, 2, 0, 0, 0, '2015-01-14', '2015-01-14', '2015-01-15', '2015-01-16', '2015-01-15', 8, 8, 8, '2015-01-14', '1040012889', 0, 0, '2015-01-14', 1, 1),
(231, 7, 1, 1, 46, 10, 0, 0, 6, 2, 0, 0, 0, '2015-01-14', '2015-01-14', '2015-01-15', '2015-01-24', '2015-01-15', 8, 8, 8, '2015-01-14', '1040012908', 0, 0, '2015-01-14', 1, 1),
(232, 20, 1, 1, 85, 10, 0, 0, 6, 2, 0, 0, 0, '2015-01-13', '2015-01-14', '2015-01-19', '2015-01-19', '2015-01-19', 8, 8, 8, '2015-01-19', '1040013262', 0, 0, '2015-01-14', 1, 1),
(233, 21, 1, 1, 81, 10, 0, 0, 6, 2, 0, 0, 0, '2015-01-13', '2015-01-14', '2015-01-18', '2015-01-19', '2015-01-18', 8, 8, 8, '2015-01-18', '1040013159', 0, 0, '2015-01-14', 1, 1),
(234, 21, 2, 3, 90, 10, 0, 0, 0, 2.5, 0, 0, 0, '2015-01-13', '2015-01-14', '2015-01-17', '2015-01-20', '2015-01-17', 8, 8, 8, '2015-01-20', '1740000794', 0, 0, '2015-01-14', 1, 1),
(235, 1, 1, 1, 7, 10, 0, 0, 6, 2, 0, 0, 0, '2015-01-14', '2015-01-14', '2015-01-17', '2015-01-17', '2015-01-17', 8, 8, 8, '2015-01-17', '1040013106', 0, 0, '2015-01-14', 1, 1),
(236, 1, 1, 1, 12, 10, 0, 0, 6, 2, 0, 0, 0, '2015-01-14', '2015-01-14', '2015-01-17', '2015-01-17', '2015-01-17', 8, 8, 8, '2015-01-17', '1040013108', 0, 0, '2015-01-14', 1, 1),
(237, 1, 1, 1, 9, 10, 0, 0, 6, 2, 0, 0, 0, '2015-01-14', '2015-01-14', '2015-01-17', '2015-01-17', '2015-01-17', 8, 8, 8, '2015-01-17', '1040013107', 0, 0, '2015-01-14', 1, 1),
(238, 3, 1, 1, 16, 8, 0, 0, 6, 2, 0, 0, 0, '2015-01-14', '2015-01-14', '2015-01-17', '2015-01-17', '2015-01-17', 8, 8, 8, '2015-01-17', '1040013109', 0, 0, '2015-01-14', 1, 1),
(239, 21, 1, 1, 92, 10, 0, 0, 6, 2, 0, 0, 0, '2015-01-13', '2015-01-15', '2015-01-19', '2015-01-19', '2015-01-19', 8, 8, 8, '2015-01-19', '1040013210', 0, 0, '2015-01-15', 1, 1),
(240, 9, 1, 1, 38, 10, 0, 0, 6, 2, 0, 0, 0, '2015-01-13', '2015-01-15', '2015-01-18', '2015-01-23', '2015-01-18', 8, 8, 8, '0000-00-00', '', 0, 0, '2015-01-15', 1, 1),
(241, 5, 1, 1, 11, 10, 0, 0, 6, 2, 0, 0, 0, '2015-01-14', '2015-01-15', '2015-01-18', '2015-01-19', '2015-01-18', 8, 8, 8, '2015-01-18', '1040013160', 0, 0, '2015-01-15', 1, 1),
(242, 14, 1, 1, 15, 10, 0, 0, 6, 2, 0, 0, 0, '2015-01-15', '2015-01-15', '2015-01-16', '2015-01-17', '2015-01-16', 8, 8, 8, '2015-01-15', '1040012984', 0, 0, '2015-01-15', 1, 1),
(243, 3, 1, 1, 42, 8, 0, 0, 6, 2, 0, 0, 0, '2015-01-15', '2015-01-15', '2015-01-19', '2015-01-19', '2015-01-19', 8, 8, 8, '2015-01-19', '1040013208', 0, 0, '2015-01-15', 1, 1),
(244, 20, 1, 1, 87, 10, 0, 0, 6, 2, 0, 0, 0, '2015-01-13', '2015-01-15', '2015-01-19', '2015-01-19', '2015-01-19', 8, 8, 8, '2015-01-19', '1040013261', 0, 0, '2015-01-15', 1, 1),
(245, 20, 1, 1, 93, 10, 0, 0, 6, 2, 0, 0, 0, '2015-01-13', '2015-01-15', '2015-01-19', '2015-01-19', '2015-01-19', 8, 8, 8, '2015-01-19', '1040013263', 0, 0, '2015-01-15', 1, 1),
(246, 20, 1, 1, 82, 10, 0, 0, 6, 2, 0, 0, 0, '2015-01-13', '2015-01-15', '2015-01-19', '2015-01-19', '2015-01-19', 8, 8, 8, '2015-01-19', '1040013264', 0, 0, '2015-01-15', 1, 1),
(247, 22, 1, 1, 94, 10, 0, 0, 6, 2, 0, 0, 0, '2015-01-13', '2015-01-16', '2015-01-19', '2015-01-19', '2015-01-19', 8, 8, 8, '2015-01-19', '1040013209', 0, 0, '2015-01-16', 1, 1),
(248, 17, 1, 1, 44, 10, 0, 0, 6, 2, 0, 0, 0, '2015-01-16', '2015-01-16', '2015-01-17', '2015-01-20', '2015-01-17', 8, 8, 8, '2015-01-16', '1040013029', 0, 0, '2015-01-16', 1, 1),
(249, 1, 1, 1, 3, 10, 0, 0, 6, 2, 0, 0, 0, '2015-01-16', '2015-01-16', '2015-01-19', '2015-01-19', '2015-01-19', 8, 8, 8, '2015-01-19', '1040013201', 0, 0, '2015-01-16', 1, 1),
(250, 1, 1, 1, 4, 10, 0, 0, 6, 2, 0, 0, 0, '2015-01-16', '2015-01-16', '2015-01-19', '2015-01-19', '2015-01-19', 8, 8, 8, '2015-01-19', '1040013199', 0, 0, '2015-01-16', 1, 1),
(251, 1, 1, 1, 2, 10, 0, 0, 6, 2, 0, 0, 0, '2015-01-16', '2015-01-16', '2015-01-19', '2015-01-19', '2015-01-19', 8, 8, 8, '2015-01-19', '1040013202', 0, 0, '2015-01-16', 1, 1),
(252, 1, 1, 1, 1, 10, 0, 0, 6, 2, 0, 0, 0, '2015-01-16', '2015-01-16', '2015-01-19', '2015-01-19', '2015-01-19', 8, 8, 8, '2015-01-19', '1040013200', 0, 0, '2015-01-16', 1, 1),
(253, 4, 1, 1, 24, 10, 0, 0, 6, 2, 0, 0, 0, '2015-01-15', '2015-01-16', '2015-01-19', '2015-01-19', '2015-01-19', 8, 8, 8, '2015-01-19', '1040013211', 0, 0, '2015-01-16', 1, 1),
(254, 2, 1, 1, 20, 10, 0, 0, 6, 2, 0, 0, 0, '2015-01-15', '2015-01-16', '2015-01-19', '2015-01-19', '2015-01-19', 8, 8, 8, '2015-01-19', '1040013203', 0, 0, '2015-01-16', 1, 1),
(255, 2, 1, 1, 30, 10, 0, 0, 6, 2, 0, 0, 0, '2015-01-15', '2015-01-17', '2015-01-20', '2015-01-20', '2015-01-20', 8, 8, 8, '2015-01-20', '1040013322', 0, 0, '2015-01-17', 1, 1),
(256, 2, 1, 1, 45, 10, 0, 0, 6, 2, 0, 0, 0, '2015-01-15', '2015-01-17', '2015-01-21', '2015-01-21', '2015-01-21', 8, 8, 8, '2015-01-21', '1040013400', 0, 0, '2015-01-17', 1, 1),
(257, 2, 1, 1, 39, 10, 0, 0, 6, 2, 0, 0, 0, '2015-01-15', '2015-01-17', '2015-01-21', '2015-01-21', '2015-01-21', 8, 8, 8, '2015-01-21', '1040013399', 0, 0, '2015-01-17', 1, 1),
(258, 20, 1, 1, 80, 10, 0, 0, 6, 2, 0, 0, 0, '2015-01-13', '2015-01-17', '2015-01-22', '2015-01-22', '2015-01-22', 8, 8, 8, '2015-01-22', '1040013470', 0, 0, '2015-01-17', 1, 1),
(259, 9, 1, 1, 25, 10, 0, 0, 6, 2, 0, 0, 0, '2015-01-15', '2015-01-17', '2015-01-20', '2015-01-20', '2015-01-20', 8, 8, 8, '2015-01-20', '1040013321', 0, 0, '2015-01-17', 1, 1),
(260, 1, 1, 1, 7, 10, 0, 0, 6, 2, 0, 0, 0, '2015-01-19', '2015-01-19', '2015-01-22', '2015-01-22', '2015-01-22', 8, 8, 8, '2015-01-22', '', 0, 0, '2015-01-19', 1, 1),
(261, 1, 1, 1, 12, 10, 0, 0, 6, 2, 0, 0, 0, '2015-01-19', '2015-01-19', '2015-01-22', '2015-01-22', '2015-01-22', 8, 8, 8, '2015-01-22', '', 0, 0, '2015-01-19', 1, 1),
(262, 8, 1, 1, 23, 10, 0, 0, 6, 2, 0, 0, 0, '2015-01-17', '2015-01-20', '0215-01-22', '2015-01-24', '2015-01-22', 8, 8, 8, '2015-01-20', '1830000051', 0, 0, '2015-01-20', 1, 1),
(263, 8, 1, 1, 36, 10, 0, 0, 6, 2, 0, 0, 0, '2015-01-17', '2015-01-20', '2015-01-23', '2015-01-26', '2015-01-23', 8, 8, 8, '2015-01-20', '1830000050', 0, 0, '2015-01-20', 1, 1),
(264, 20, 1, 1, 68, 10, 0, 0, 6, 2, 0, 0, 0, '2015-01-12', '2015-01-21', '2015-01-27', '2015-01-27', '2015-01-27', 8, 8, 8, '2015-01-27', '1040013811', 0, 0, '2015-01-21', 1, 1),
(265, 20, 1, 1, 88, 10, 0, 0, 6, 2, 0, 0, 0, '2015-01-13', '2015-01-17', '2015-01-23', '2015-01-23', '2015-01-23', 8, 8, 8, '2015-01-23', '1040013550', 0, 0, '2015-01-17', 1, 1),
(266, 17, 1, 1, 44, 10, 0, 0, 6, 2, 0, 0, 0, '2015-01-20', '2015-01-20', '2015-01-21', '2015-01-23', '2015-01-21', 8, 8, 8, '2015-01-20', '1040013342', 0, 0, '2015-01-20', 1, 1),
(267, 3, 1, 1, 10, 8, 0, 0, 6, 2, 0, 0, 0, '2015-01-20', '2015-01-20', '2015-01-23', '2015-01-23', '2015-01-23', 8, 8, 8, '2015-01-23', '1040013549', 0, 0, '2015-01-20', 1, 1),
(268, 20, 1, 1, 89, 10, 0, 0, 6, 2, 0, 0, 0, '2015-01-12', '2015-01-19', '2015-01-24', '2015-01-24', '2015-01-24', 8, 8, 8, '2015-01-24', '1040013628', 0, 0, '2015-01-19', 1, 1),
(269, 1, 1, 1, 9, 10, 0, 0, 6, 2, 0, 0, 0, '2015-01-19', '2015-01-21', '2015-01-24', '2015-01-24', '2015-01-24', 8, 8, 8, '2015-01-21', '1830000055', 0, 0, '2015-01-21', 1, 1),
(270, 1, 1, 1, 2, 10, 0, 0, 6, 2, 0, 0, 0, '2015-01-22', '2015-01-22', '2015-01-25', '2015-01-26', '2015-01-25', 8, 8, 8, '2015-01-22', '1070003752', 0, 0, '2015-01-22', 1, 1),
(271, 9, 1, 1, 25, 10, 0, 0, 6, 2, 0, 0, 0, '2015-01-06', '2015-01-06', '2015-01-07', '2015-01-23', '2015-01-07', 8, 8, 8, '0000-00-00', '', 0, 0, '2015-01-06', 1, 1),
(272, 1, 1, 1, 1, 10, 0, 0, 6, 2, 0, 0, 0, '2015-01-23', '2015-01-23', '2015-01-26', '2015-01-26', '2015-01-26', 8, 8, 8, '2015-01-23', '1070003780', 0, 0, '2015-01-23', 1, 1),
(273, 17, 1, 1, 44, 10, 0, 0, 6, 2, 0, 0, 0, '2015-01-23', '2015-01-23', '2015-01-24', '2015-01-27', '2015-01-24', 8, 8, 8, '2015-01-23', '1040013571', 0, 0, '2015-01-23', 1, 1),
(274, 1, 1, 1, 12, 10, 0, 0, 6, 2, 0, 0, 0, '2015-01-24', '2015-01-24', '2015-01-27', '2015-01-27', '2015-01-27', 8, 8, 8, '2015-01-24', '1070003801', 0, 0, '2015-01-24', 1, 1),
(275, 2, 2, 4, 43, 10, 0, 0, 8, 0, 0, 0, 0, '2015-01-23', '2015-01-24', '2015-01-27', '2015-01-27', '2015-01-27', 8, 8, 8, '0000-00-00', '', 0, 0, '2015-01-24', 1, 1),
(276, 2, 2, 4, 19, 10, 0, 0, 8, 0, 0, 0, 0, '2015-01-23', '2015-01-25', '2015-01-27', '2015-01-27', '2015-01-27', 8, 8, 8, '0000-00-00', '', 0, 0, '2015-01-25', 1, 1),
(277, 1, 2, 4, 3, 10, 0, 0, 8, 0, 0, 0, 0, '2015-01-23', '2015-01-25', '2015-01-27', '2015-01-27', '2015-01-27', 8, 8, 8, '0000-00-00', '', 0, 0, '2015-01-25', 1, 1),
(278, 9, 2, 3, 25, 0, 0, 0, 4.5, 0, 0, 0, 0, '2015-01-23', '2015-01-23', '2015-01-24', '2015-01-26', '2015-01-24', 8, 8, 8, '2015-01-23', '1040013592', 0, 0, '2015-01-23', 1, 0),
(279, 9, 2, 3, 25, 0, 0, 0, 4.5, 0, 0, 0, 0, '2015-01-23', '2015-01-23', '2015-01-24', '2015-01-26', '2015-01-24', 8, 8, 8, '0000-00-00', '', 0, 0, '2015-01-23', 1, 0),
(280, 1, 1, 1, 7, 10, 0, 0, 6, 2, 0, 0, 0, '2015-01-26', '2015-01-26', '2015-01-29', '2015-01-29', '2015-01-29', 8, 8, 8, '2015-01-29', '1740000924', 0, 0, '2015-01-26', 1, 1),
(281, 17, 1, 1, 44, 10, 0, 0, 6, 2, 0, 0, 0, '2015-01-26', '2015-01-26', '2015-01-27', '2015-01-31', '2015-01-27', 8, 8, 8, '2015-01-26', '1040013760', 0, 0, '2015-01-26', 1, 1),
(282, 9, 1, 1, 25, 10, 0, 0, 6, 2, 0, 0, 0, '2015-01-26', '2015-01-26', '0000-00-00', '0000-00-00', '0000-00-00', 8, 8, 8, '0000-00-00', '', 0, 0, '2015-01-26', 1, 0),
(283, 1, 1, 1, 4, 10, 0, 0, 6, 2, 0, 0, 0, '2015-01-27', '2015-01-27', '2015-01-30', '2015-01-30', '2015-01-30', 8, 8, 8, '2015-01-30', '1040013923', 0, 0, '2015-01-27', 1, 1),
(284, 1, 1, 1, 9, 10, 0, 0, 6, 2, 0, 0, 0, '2015-01-28', '2015-01-28', '2015-02-01', '2015-02-01', '2015-02-01', 8, 8, 8, '0000-00-00', '', 0, 0, '2015-01-28', 1, 1),
(285, 3, 1, 1, 42, 8, 0, 0, 6, 2, 0, 0, 0, '2015-01-28', '2015-01-28', '2015-02-01', '2015-02-01', '2015-02-01', 8, 8, 8, '0000-00-00', '', 0, 0, '2015-01-28', 1, 1),
(286, 15, 1, 1, 41, 10, 0, 0, 6, 2, 0, 0, 0, '2015-01-28', '2015-01-28', '2015-02-03', '2015-02-03', '2015-02-03', 8, 8, 8, '2015-02-03', '1740001019', 0, 0, '2015-01-28', 1, 1),
(287, 2, 1, 1, 30, 10, 0, 0, 6, 2, 0, 0, 0, '2015-01-28', '2015-01-28', '2015-02-02', '2015-02-02', '2015-02-02', 8, 8, 8, '2015-02-02', '1740000990', 0, 0, '2015-01-28', 1, 1),
(288, 4, 1, 1, 14, 10, 0, 0, 6, 2, 0, 0, 0, '2015-01-29', '2015-01-29', '2015-02-03', '2015-02-03', '2015-02-03', 8, 8, 8, '2015-02-03', '1740001017', 0, 0, '2015-01-29', 1, 1),
(289, 15, 1, 1, 78, 10, 0, 0, 6, 2, 0, 0, 0, '2015-01-29', '2015-01-29', '2015-02-04', '2015-02-04', '2015-02-04', 8, 8, 8, '2015-02-04', '1740001028', 0, 0, '2015-01-29', 1, 1);
INSERT INTO `trips` (`id`, `customer_id`, `contractor_id`, `company_id`, `tanker_id`, `contractor_commission`, `contractor_commission_1`, `contractor_commission_2`, `company_commission_1`, `company_commission_2`, `company_commission_3`, `company_wht`, `other_taxes`, `email_date`, `filling_date`, `receiving_date`, `stn_receiving_date`, `decanding_date`, `driver_id_1`, `driver_id_2`, `driver_id_3`, `invoice_date`, `invoice_number`, `start_meter`, `end_meter`, `entryDate`, `type`, `active`) VALUES
(290, 1, 1, 1, 2, 10, 0, 0, 6, 2, 0, 0, 0, '2015-01-29', '2015-01-30', '2015-02-01', '2015-02-01', '2015-02-01', 8, 8, 8, '0000-00-00', '', 0, 0, '2015-01-30', 1, 1),
(291, 3, 1, 1, 10, 8, 0, 0, 6, 2, 0, 0, 0, '2015-01-30', '2015-01-30', '2015-02-03', '2015-02-03', '2015-02-03', 8, 8, 8, '2015-02-03', '1040014335', 0, 0, '2015-01-30', 1, 1),
(292, 18, 1, 1, 54, 7, 0, 0, 6, 2, 0, 0, 0, '2015-01-29', '2015-01-30', '0000-00-00', '0000-00-00', '0000-00-00', 8, 8, 8, '0000-00-00', '', 0, 0, '2015-01-30', 1, 1),
(293, 1, 1, 1, 1, 10, 0, 0, 6, 2, 0, 0, 0, '2015-01-31', '2015-01-31', '2015-02-02', '2015-02-02', '2015-02-02', 8, 8, 8, '0000-00-00', '', 0, 0, '2015-01-31', 1, 1),
(294, 1, 1, 1, 12, 10, 0, 0, 6, 2, 0, 0, 0, '2015-01-31', '2015-01-31', '2015-02-01', '2015-02-06', '2015-02-01', 8, 8, 8, '0000-00-00', '', 0, 0, '2015-01-31', 1, 1),
(295, 9, 1, 1, 25, 10, 0, 0, 6, 2, 0, 0, 0, '2015-02-01', '2015-02-01', '2015-02-02', '2015-02-06', '2015-02-02', 8, 8, 8, '2015-02-01', '1040014073', 0, 0, '2015-02-01', 1, 1),
(296, 16, 1, 1, 40, 10, 0, 0, 6, 2, 0, 0, 0, '2015-02-01', '2015-02-01', '2015-02-01', '2015-02-01', '2015-02-01', 8, 8, 8, '2015-02-01', '1040014066', 0, 0, '2015-02-01', 1, 1),
(297, 17, 1, 1, 44, 10, 0, 0, 6, 2, 0, 0, 0, '2015-02-01', '2015-02-01', '2015-02-01', '2015-02-01', '2015-02-01', 8, 8, 8, '2015-02-01', '1040014088', 0, 0, '2015-02-01', 1, 1),
(298, 14, 1, 1, 15, 10, 0, 0, 6, 2, 0, 0, 0, '2015-02-01', '2015-02-01', '2015-02-02', '2015-02-03', '2015-02-02', 8, 8, 8, '2015-02-01', '1040014010', 0, 0, '2015-02-01', 1, 1),
(299, 24, 1, 1, 100, 10, 0, 0, 6, 2, 0, 0, 0, '2015-02-01', '2015-02-01', '2015-02-02', '2015-02-02', '2015-02-02', 8, 8, 8, '0000-00-00', '', 0, 0, '2015-02-01', 1, 1),
(300, 24, 1, 1, 103, 10, 0, 0, 6, 2, 0, 0, 0, '2015-02-01', '2015-02-01', '2015-02-02', '2015-02-02', '2015-02-02', 8, 8, 8, '0000-00-00', '', 0, 0, '2015-02-01', 1, 1),
(301, 23, 1, 1, 99, 10, 0, 0, 6, 2, 0, 0, 0, '2015-02-01', '2015-02-01', '2015-02-01', '2015-02-01', '2015-02-01', 8, 8, 8, '0000-00-00', '', 0, 0, '2015-02-01', 2, 1),
(302, 24, 1, 1, 102, 10, 0, 0, 6, 2, 0, 0, 0, '2015-02-01', '2015-02-01', '2015-02-01', '2015-02-01', '2015-02-01', 8, 8, 8, '0000-00-00', '', 0, 0, '2015-02-01', 2, 1),
(303, 24, 1, 1, 102, 10, 0, 0, 6, 2, 0, 0, 0, '2015-02-01', '2015-02-01', '2015-02-01', '2015-02-01', '2015-02-01', 8, 8, 8, '0000-00-00', '', 0, 0, '2015-02-01', 2, 1),
(304, 24, 1, 1, 100, 10, 0, 0, 6, 2, 0, 0, 0, '2015-02-01', '2015-02-01', '2015-02-01', '2015-02-01', '2015-02-01', 8, 8, 8, '0000-00-00', '', 0, 0, '2015-02-01', 2, 1),
(305, 24, 1, 1, 100, 10, 0, 0, 6, 2, 0, 0, 0, '2015-02-01', '2015-02-01', '2015-02-01', '2015-02-01', '2015-02-01', 8, 8, 8, '0000-00-00', '', 0, 0, '2015-02-01', 2, 1),
(306, 24, 1, 1, 103, 10, 0, 0, 6, 2, 0, 0, 0, '2015-02-01', '2015-02-01', '2015-02-01', '2015-02-01', '2015-02-01', 8, 8, 8, '0000-00-00', '', 0, 0, '2015-02-01', 2, 1),
(307, 24, 1, 1, 104, 10, 0, 0, 6, 2, 0, 0, 0, '2015-02-01', '2015-02-01', '2015-02-01', '2015-02-01', '2015-02-01', 8, 8, 8, '0000-00-00', '', 0, 0, '2015-02-01', 2, 1),
(308, 24, 1, 1, 104, 10, 0, 0, 6, 2, 0, 0, 0, '2015-02-01', '2015-02-01', '2015-02-01', '2015-02-01', '2015-02-01', 8, 8, 8, '0000-00-00', '', 0, 0, '2015-02-01', 2, 1),
(309, 24, 1, 1, 104, 10, 0, 0, 6, 2, 0, 0, 0, '2015-02-01', '2015-02-01', '2015-02-01', '2015-02-01', '2015-02-01', 8, 8, 8, '0000-00-00', '', 0, 0, '2015-02-01', 2, 1),
(310, 3, 1, 1, 37, 8, 0, 0, 6, 2, 0, 0, 0, '2015-02-02', '2015-02-02', '2015-02-03', '2015-02-03', '2015-02-03', 8, 8, 8, '2015-02-03', '1040014217', 0, 0, '2015-02-02', 1, 1),
(311, 2, 1, 1, 45, 10, 0, 0, 6, 2, 0, 0, 0, '2015-02-02', '2015-02-02', '0000-00-00', '0000-00-00', '0000-00-00', 8, 8, 8, '0000-00-00', '', 0, 0, '2015-02-02', 1, 1),
(312, 24, 1, 1, 105, 10, 0, 0, 6, 2, 0, 0, 0, '2015-02-01', '2015-02-01', '2015-02-01', '2015-02-01', '2015-02-01', 8, 8, 8, '0000-00-00', '', 0, 0, '2015-02-01', 2, 1),
(313, 24, 1, 1, 105, 10, 0, 0, 6, 2, 0, 0, 0, '2015-02-01', '2015-02-01', '2015-02-01', '2015-02-01', '2015-02-01', 8, 8, 8, '0000-00-00', '', 0, 0, '2015-02-01', 2, 1),
(314, 3, 1, 1, 106, 8, 0, 0, 6, 2, 0, 0, 0, '2015-02-02', '2015-02-02', '2015-02-03', '2015-02-06', '2015-02-03', 8, 8, 8, '2015-02-02', '1040014284', 0, 0, '2015-02-02', 1, 1),
(315, 24, 1, 1, 103, 10, 0, 0, 6, 2, 0, 0, 0, '2015-02-01', '2015-02-01', '2015-02-01', '2015-02-01', '2015-02-01', 8, 8, 8, '0000-00-00', '', 0, 0, '2015-02-01', 2, 1),
(316, 14, 1, 1, 15, 10, 0, 0, 6, 2, 0, 0, 0, '2015-02-03', '2015-02-03', '2015-02-04', '2015-02-06', '2015-02-04', 8, 8, 8, '2015-02-03', '1040014322', 0, 0, '2015-02-03', 1, 1),
(317, 17, 1, 1, 44, 10, 0, 0, 6, 2, 0, 0, 0, '2015-02-03', '2015-02-03', '2015-02-04', '2015-02-04', '2015-02-04', 8, 8, 8, '2015-02-03', '1040014323', 0, 0, '2015-02-03', 1, 1),
(318, 2, 1, 1, 19, 10, 0, 0, 6, 2, 0, 0, 0, '2015-01-15', '2015-01-15', '2015-01-16', '2015-01-17', '2015-01-16', 8, 8, 8, '0000-00-00', '', 0, 0, '2015-01-15', 1, 1),
(319, 25, 1, 1, 107, 0, 0, 0, 6, 2, 0, 0, 0, '2015-02-06', '2015-02-06', '2015-02-06', '2015-02-09', '2015-02-06', 8, 8, 8, '0000-00-00', '', 0, 0, '2015-02-06', 1, 0),
(320, 24, 1, 1, 101, 10, 0, 0, 6, 2, 0, 0, 0, '2015-02-01', '2015-02-01', '2015-02-01', '2015-02-01', '2015-02-01', 8, 8, 8, '0000-00-00', '', 0, 0, '2015-02-01', 2, 1),
(321, 24, 1, 1, 101, 10, 0, 0, 6, 2, 0, 0, 0, '2015-02-01', '2015-02-01', '2015-02-01', '2015-02-01', '2015-02-01', 8, 8, 8, '0000-00-00', '', 0, 0, '2015-02-01', 2, 1),
(322, 4, 1, 1, 14, 10, 0, 0, 6, 2, 0, 0, 0, '2015-02-03', '2015-02-03', '0000-00-00', '0000-00-00', '0000-00-00', 8, 8, 8, '0000-00-00', '', 0, 0, '2015-02-03', 2, 1),
(323, 15, 1, 1, 41, 10, 0, 0, 6, 2, 0, 0, 0, '2015-02-03', '2015-02-03', '2015-02-03', '2015-02-05', '2015-02-03', 8, 8, 8, '0000-00-00', '', 0, 0, '2015-02-03', 2, 1),
(324, 2, 1, 1, 19, 10, 0, 0, 6, 2, 0, 0, 0, '2015-02-03', '2015-02-03', '2015-02-06', '2015-02-06', '2015-02-06', 8, 8, 8, '2015-02-06', '1740001036', 0, 0, '2015-02-03', 1, 1),
(325, 1, 1, 1, 3, 10, 0, 0, 6, 2, 0, 0, 0, '2015-02-04', '2015-02-04', '2015-02-07', '2015-02-07', '2015-02-07', 8, 8, 8, '2015-02-04', '1070004018', 0, 0, '2015-02-04', 1, 1),
(326, 16, 1, 1, 40, 10, 0, 0, 6, 2, 0, 0, 0, '2015-02-04', '2015-02-04', '2015-02-05', '2015-02-07', '2015-02-05', 8, 8, 8, '2015-02-04', '1040014442', 0, 0, '2015-02-04', 1, 1),
(327, 2, 1, 1, 17, 10, 0, 0, 6, 2, 0, 0, 0, '2015-02-04', '2015-02-04', '2015-02-06', '2015-02-10', '2015-02-06', 8, 8, 8, '2015-02-06', '1030012255', 0, 0, '2015-02-04', 1, 1),
(328, 3, 1, 1, 37, 8, 0, 0, 6, 2, 0, 0, 0, '2015-02-04', '2015-02-04', '2015-02-06', '2015-02-09', '2015-02-06', 8, 8, 8, '2015-02-06', '1030012254', 0, 0, '2015-02-04', 1, 1),
(329, 15, 1, 1, 78, 10, 0, 0, 6, 2, 0, 0, 0, '2015-02-04', '2015-02-04', '2015-02-04', '2015-02-05', '2015-02-04', 8, 8, 8, '0000-00-00', '', 0, 0, '2015-02-04', 2, 1),
(330, 20, 1, 1, 87, 10, 0, 0, 6, 2, 0, 0, 0, '2015-02-05', '2015-02-05', '0000-00-00', '0000-00-00', '0000-00-00', 8, 8, 8, '0000-00-00', '', 0, 0, '2015-02-05', 1, 1),
(331, 1, 1, 1, 12, 10, 0, 0, 6, 2, 0, 0, 0, '2015-02-02', '2015-02-02', '2015-02-02', '2015-02-02', '2015-02-02', 8, 8, 8, '0000-00-00', '', 0, 0, '2015-02-02', 1, 1),
(332, 2, 1, 1, 39, 10, 0, 0, 6, 2, 0, 0, 0, '2015-02-06', '2015-02-06', '2015-02-07', '2015-02-11', '2015-02-07', 8, 8, 8, '2015-02-09', '1030012432', 0, 0, '2015-02-06', 1, 1),
(333, 17, 1, 1, 44, 10, 0, 0, 6, 2, 0, 0, 0, '2015-02-06', '2015-02-06', '2015-02-07', '2015-02-09', '2015-02-07', 8, 8, 8, '2015-02-06', '1040014537', 0, 0, '2015-02-06', 1, 1),
(334, 14, 1, 1, 15, 10, 0, 0, 6, 2, 0, 0, 0, '2015-02-06', '2015-02-06', '0000-00-00', '0000-00-00', '0000-00-00', 8, 8, 8, '0000-00-00', '', 0, 0, '2015-02-06', 1, 1),
(335, 18, 1, 1, 55, 7, 0, 0, 6, 2, 0, 0, 0, '2015-02-06', '2015-02-07', '0000-00-00', '0000-00-00', '0000-00-00', 8, 8, 8, '0000-00-00', '', 0, 0, '2015-02-07', 1, 1),
(336, 1, 1, 1, 2, 10, 0, 0, 6, 2, 0, 0, 0, '2015-02-07', '2015-02-07', '2015-02-10', '2015-02-10', '2015-02-10', 8, 8, 8, '2015-02-10', '1040014777', 0, 0, '2015-02-07', 1, 1),
(337, 3, 1, 1, 10, 8, 0, 0, 6, 2, 0, 0, 0, '2015-02-08', '2015-02-08', '0000-00-00', '0000-00-00', '0000-00-00', 8, 8, 8, '0000-00-00', '', 0, 0, '2015-02-08', 1, 1),
(338, 2, 1, 1, 108, 10, 0, 0, 6, 2, 0, 0, 0, '2015-02-07', '2015-02-07', '0000-00-00', '0000-00-00', '0000-00-00', 8, 8, 8, '0000-00-00', '', 0, 0, '2015-02-07', 1, 1),
(339, 25, 1, 1, 107, 0, 0, 0, 6, 2, 0, 0, 0, '2015-02-06', '2015-02-06', '2015-02-06', '2015-02-09', '2015-02-06', 8, 8, 8, '0000-00-00', '', 0, 0, '2015-02-06', 1, 0),
(340, 25, 1, 1, 107, 10, 0, 0, 6, 2, 0, 0, 0, '2015-02-06', '2015-02-06', '2015-02-06', '2015-02-09', '2015-02-06', 8, 8, 8, '0000-00-00', '', 0, 0, '2015-02-06', 2, 1),
(341, 25, 1, 1, 107, 10, 0, 0, 6, 2, 0, 0, 0, '2015-02-06', '2015-02-06', '2015-02-06', '2015-02-09', '2015-02-06', 8, 8, 8, '0000-00-00', '', 0, 0, '2015-02-06', 2, 1),
(342, 25, 1, 1, 107, 10, 0, 0, 6, 2, 0, 0, 0, '2015-02-06', '2015-02-06', '2015-02-06', '2015-02-09', '2015-02-06', 8, 8, 8, '0000-00-00', '', 0, 0, '2015-02-06', 2, 1),
(343, 25, 1, 1, 107, 10, 0, 0, 6, 2, 0, 0, 0, '2015-02-03', '2015-02-03', '0000-00-00', '0000-00-00', '0000-00-00', 8, 8, 8, '0000-00-00', '', 0, 0, '2015-02-03', 1, 1),
(344, 3, 1, 1, 106, 8, 0, 0, 6, 2, 0, 0, 0, '2015-02-09', '2015-02-09', '2015-02-10', '2015-02-11', '2015-02-10', 8, 8, 8, '2015-02-09', '1040014763', 0, 0, '2015-02-09', 1, 1),
(345, 4, 1, 1, 24, 10, 0, 0, 6, 2, 0, 0, 0, '2015-02-08', '2015-02-09', '0000-00-00', '0000-00-00', '0000-00-00', 8, 8, 8, '0000-00-00', '', 0, 0, '2015-02-09', 1, 1),
(346, 17, 1, 1, 44, 10, 0, 0, 6, 2, 0, 0, 0, '2015-02-09', '2015-02-09', '0000-00-00', '0000-00-00', '0000-00-00', 8, 8, 8, '0000-00-00', '', 0, 0, '2015-02-09', 1, 1),
(347, 3, 1, 1, 37, 8, 0, 0, 6, 2, 0, 0, 0, '2015-02-09', '2015-02-09', '0000-00-00', '0000-00-00', '0000-00-00', 8, 8, 8, '0000-00-00', '', 0, 0, '2015-02-09', 1, 1),
(348, 9, 1, 1, 38, 10, 0, 0, 6, 2, 0, 0, 0, '2015-02-09', '2015-02-09', '0000-00-00', '0000-00-00', '0000-00-00', 8, 8, 8, '0000-00-00', '', 0, 0, '2015-02-09', 1, 1),
(349, 25, 1, 1, 109, 10, 0, 0, 6, 2, 0, 0, 0, '2015-02-09', '2015-02-09', '0000-00-00', '0000-00-00', '0000-00-00', 8, 8, 8, '0000-00-00', '', 0, 0, '2015-02-09', 1, 1),
(350, 2, 1, 1, 20, 10, 0, 0, 6, 2, 0, 0, 0, '2015-02-08', '2015-02-09', '0000-00-00', '0000-00-00', '0000-00-00', 8, 8, 8, '0000-00-00', '', 0, 0, '2015-02-09', 1, 1),
(351, 24, 1, 1, 101, 10, 0, 0, 6, 2, 0, 0, 0, '2015-02-09', '2015-02-09', '0000-00-00', '0000-00-00', '0000-00-00', 8, 8, 8, '0000-00-00', '', 0, 0, '2015-02-09', 2, 0),
(352, 10, 1, 1, 112, 10, 0, 0, 6, 2, 0, 0, 0, '2015-02-09', '2015-02-09', '0000-00-00', '0000-00-00', '0000-00-00', 8, 8, 8, '0000-00-00', '', 0, 0, '2015-02-09', 2, 1),
(353, 16, 1, 1, 40, 10, 0, 0, 6, 2, 0, 0, 0, '2015-02-10', '2015-02-10', '0000-00-00', '0000-00-00', '0000-00-00', 8, 8, 8, '0000-00-00', '', 0, 0, '2015-02-10', 1, 1),
(354, 2, 1, 1, 43, 10, 0, 0, 6, 2, 0, 0, 0, '2015-02-10', '2015-02-10', '0000-00-00', '0000-00-00', '0000-00-00', 8, 8, 8, '0000-00-00', '', 0, 0, '2015-02-10', 1, 1),
(355, 26, 1, 1, 113, 10, 0, 0, 6, 2, 0, 0, 0, '2015-02-09', '2015-02-09', '2015-02-09', '2015-02-10', '2015-02-09', 8, 8, 8, '0000-00-00', '', 0, 0, '2015-02-09', 2, 1),
(356, 24, 1, 1, 102, 10, 0, 0, 6, 2, 0, 0, 0, '2015-02-10', '2015-02-10', '0000-00-00', '0000-00-00', '0000-00-00', 8, 8, 8, '0000-00-00', '', 0, 0, '2015-02-10', 2, 0),
(357, 1, 1, 1, 9, 10, 0, 0, 6, 2, 0, 0, 0, '2015-02-10', '2015-02-10', '0000-00-00', '0000-00-00', '0000-00-00', 8, 8, 8, '0000-00-00', '', 0, 0, '2015-02-10', 1, 0),
(358, 1, 1, 1, 7, 10, 0, 0, 6, 2, 0, 0, 0, '2015-02-10', '2015-02-10', '0000-00-00', '0000-00-00', '0000-00-00', 8, 8, 8, '0000-00-00', '', 0, 0, '2015-02-10', 1, 0),
(359, 3, 1, 1, 42, 8, 0, 0, 6, 2, 0, 0, 0, '2015-02-08', '2015-02-10', '0000-00-00', '0000-00-00', '0000-00-00', 8, 8, 8, '0000-00-00', '', 0, 0, '2015-02-10', 1, 1),
(360, 8, 1, 1, 36, 10, 0, 0, 6, 2, 0, 0, 0, '2015-02-08', '2015-02-10', '0000-00-00', '0000-00-00', '0000-00-00', 8, 8, 8, '0000-00-00', '', 0, 0, '2015-02-10', 1, 1),
(361, 1, 1, 1, 1, 10, 0, 0, 6, 2, 0, 0, 0, '2015-02-11', '2015-02-11', '0000-00-00', '0000-00-00', '0000-00-00', 8, 8, 8, '0000-00-00', '', 0, 0, '2015-02-11', 4, 0),
(362, 11, 1, 1, 33, 10, 0, 0, 6, 2, 0, 0, 0, '2015-02-10', '2015-02-10', '0000-00-00', '0000-00-00', '0000-00-00', 8, 8, 8, '0000-00-00', '', 0, 0, '2015-02-10', 3, 1),
(363, 1, 1, 1, 7, 10, 0, 0, 6, 2, 0, 0, 0, '2015-02-08', '2015-02-10', '0000-00-00', '0000-00-00', '0000-00-00', 8, 8, 8, '0000-00-00', '', 0, 0, '2015-02-10', 2, 0),
(364, 1, 1, 1, 9, 10, 0, 0, 6, 2, 0, 0, 0, '2015-02-08', '2015-02-10', '0000-00-00', '0000-00-00', '0000-00-00', 8, 8, 8, '0000-00-00', '', 0, 0, '2015-02-10', 2, 0),
(365, 2, 1, 1, 30, 10, 0, 0, 6, 2, 0, 0, 0, '2015-02-08', '2015-02-10', '0000-00-00', '0000-00-00', '0000-00-00', 8, 8, 8, '0000-00-00', '', 0, 0, '2015-02-10', 2, 0),
(366, 1, 1, 1, 1, 10, 0, 0, 6, 2, 0, 0, 0, '2015-02-11', '2015-02-11', '0000-00-00', '0000-00-00', '0000-00-00', 8, 8, 8, '0000-00-00', '', 0, 0, '2015-02-11', 4, 0),
(367, 26, 1, 1, 113, 10, 0, 0, 6, 2, 0, 0, 0, '2015-02-10', '2015-02-10', '0000-00-00', '0000-00-00', '0000-00-00', 8, 8, 8, '0000-00-00', '', 0, 0, '2015-02-10', 4, 1),
(368, 1, 1, 1, 9, 10, 0, 0, 6, 2, 0, 0, 0, '2015-02-08', '2015-02-10', '0000-00-00', '0000-00-00', '0000-00-00', 8, 8, 8, '0000-00-00', '', 0, 0, '2015-02-10', 1, 1),
(369, 1, 1, 1, 7, 10, 0, 0, 6, 2, 0, 0, 0, '2015-02-08', '2015-02-10', '0000-00-00', '0000-00-00', '0000-00-00', 8, 8, 8, '0000-00-00', '', 0, 0, '2015-02-10', 1, 1),
(370, 2, 1, 1, 30, 10, 0, 0, 6, 2, 0, 0, 0, '2015-02-08', '2015-02-10', '0000-00-00', '0000-00-00', '0000-00-00', 8, 8, 8, '0000-00-00', '', 0, 0, '2015-02-10', 1, 1),
(371, 1, 1, 1, 12, 10, 0, 0, 6, 2, 0, 0, 0, '2015-02-11', '2015-02-11', '0000-00-00', '0000-00-00', '0000-00-00', 8, 8, 8, '0000-00-00', '', 0, 0, '2015-02-11', 1, 1),
(372, 24, 1, 1, 101, 10, 0, 0, 6, 2, 0, 0, 0, '2015-02-09', '2015-02-09', '2015-02-09', '2015-02-11', '2015-02-09', 8, 8, 8, '0000-00-00', '', 0, 0, '2015-02-09', 4, 1),
(373, 24, 1, 1, 102, 10, 0, 0, 6, 2, 0, 0, 0, '2015-02-10', '2015-02-10', '2015-02-10', '2015-02-11', '2015-02-10', 8, 8, 8, '0000-00-00', '', 0, 0, '2015-02-10', 4, 1),
(374, 24, 1, 1, 101, 10, 0, 0, 6, 2, 0, 0, 0, '2015-02-11', '2015-02-11', '2015-02-11', '2015-02-12', '2015-02-11', 8, 8, 8, '0000-00-00', '', 0, 0, '2015-02-11', 4, 1),
(375, 24, 1, 1, 102, 10, 0, 0, 6, 2, 0, 0, 0, '2015-02-11', '2015-02-11', '2015-02-11', '2015-02-11', '2015-02-11', 8, 8, 8, '0000-00-00', '', 0, 0, '2015-02-11', 4, 1),
(376, 18, 1, 1, 54, 7, 0, 0, 6, 2, 0, 0, 0, '2015-02-11', '2015-02-11', '0000-00-00', '0000-00-00', '0000-00-00', 8, 8, 8, '0000-00-00', '', 0, 0, '2015-02-11', 1, 1);

-- --------------------------------------------------------

--
-- Table structure for table `trips_details`
--

CREATE TABLE IF NOT EXISTS `trips_details` (
  `id` bigint(20) NOT NULL AUTO_INCREMENT,
  `trip_id` bigint(20) NOT NULL,
  `source` int(11) NOT NULL,
  `destination` int(11) NOT NULL,
  `product` int(11) NOT NULL,
  `product_quantity` double NOT NULL,
  `qty_at_destination` double NOT NULL,
  `qty_after_decanding` double NOT NULL,
  `price_unit` float NOT NULL,
  `freight_unit` double(10,6) NOT NULL DEFAULT '0.000000',
  `company_freight_unit` double(15,6) NOT NULL DEFAULT '0.000000',
  `stn_number` varchar(100) NOT NULL,
  `shortage_voucher_dest` int(11) NOT NULL,
  `shortage_voucher_decnd` int(11) NOT NULL,
  PRIMARY KEY (`id`)
) ENGINE=InnoDB  DEFAULT CHARSET=latin1 AUTO_INCREMENT=412 ;

--
-- Dumping data for table `trips_details`
--

INSERT INTO `trips_details` (`id`, `trip_id`, `source`, `destination`, `product`, `product_quantity`, `qty_at_destination`, `qty_after_decanding`, `price_unit`, `freight_unit`, `company_freight_unit`, `stn_number`, `shortage_voucher_dest`, `shortage_voucher_decnd`) VALUES
(1, 1, 1, 2, 1, 60000, 59248, 59345, 81.9376, 5.416000, 5.416000, '1070017812', 0, 0),
(2, 2, 1, 2, 1, 60000, 59134, 59134, 81.9376, 5.416000, 5.416000, '1070017809', 0, 0),
(3, 3, 3, 2, 1, 50000, 50000, 50000, 0, 5.400000, 5.416000, '1070018080', 0, 0),
(4, 4, 1, 4, 1, 40000, 40000, 40000, 0, 6.030000, 6.038000, '1070018040', 0, 0),
(5, 5, 2, 4, 2, 10000, 10000, 10000, 0, 0.640000, 0.646000, '1070017755', 0, 0),
(6, 6, 2, 5, 2, 15000, 15000, 15000, 0, 1.410000, 1.427000, '1070018037', 0, 0),
(7, 7, 2, 5, 2, 25000, 25000, 25000, 0, 1.410000, 1.427000, '1070018042', 0, 0),
(8, 8, 2, 4, 2, 50000, 50000, 50000, 0, 0.646000, 0.646000, '1070018085', 0, 0),
(9, 9, 2, 4, 2, 10000, 10000, 10000, 0, 0.640000, 0.646000, '1070017951', 0, 0),
(10, 10, 2, 4, 2, 44000, 44000, 44000, 0, 0.640000, 0.646000, '1070018245', 0, 0),
(11, 11, 2, 4, 2, 40000, 40000, 40000, 0, 0.640000, 0.646000, '1070017811', 0, 0),
(12, 12, 1, 2, 1, 30000, 30000, 30000, 0, 5.410000, 5.416000, '1070018193', 0, 0),
(13, 13, 1, 2, 1, 50000, 50000, 50000, 0, 5.400000, 5.416000, '1070017857', 0, 0),
(14, 14, 2, 4, 2, 54000, 54000, 54000, 0, 0.644000, 0.646000, '1070018240', 0, 0),
(15, 15, 2, 4, 2, 40000, 40000, 40000, 0, 0.640000, 0.646000, '1070018236', 0, 0),
(16, 16, 2, 4, 1, 15000, 15000, 15000, 0, 0.640000, 0.646000, '1070017859', 0, 0),
(17, 17, 2, 4, 2, 30000, 30000, 30000, 0, 0.640000, 0.646000, '1070017850', 0, 0),
(18, 18, 1, 2, 1, 50000, 49180, 49600, 81.9376, 5.416000, 5.416000, '1070018324', 0, 0),
(19, 19, 1, 2, 1, 50000, 50000, 50000, 0, 5.410000, 5.416000, '1070018335', 0, 0),
(20, 20, 2, 5, 2, 24000, 24000, 24000, 0, 1.400000, 1.427000, '1070018322', 0, 0),
(21, 21, 2, 4, 2, 40000, 40000, 40000, 0, 0.640000, 0.646000, '1070018364', 0, 0),
(22, 22, 2, 4, 2, 10000, 10000, 10000, 0, 0.640000, 0.646000, '1070018130', 0, 0),
(23, 23, 2, 4, 2, 10000, 10000, 10000, 0, 0.640000, 0.646000, '1070018423', 0, 0),
(24, 24, 2, 4, 2, 16000, 16000, 16000, 0, 0.644000, 0.646000, '1070018349', 0, 0),
(25, 25, 2, 4, 2, 16000, 16000, 16000, 0, 0.644000, 0.646000, '1070018365', 0, 0),
(26, 26, 2, 4, 2, 16000, 16000, 16000, 0, 0.644000, 0.646000, '1070018368', 0, 0),
(27, 27, 2, 4, 2, 25000, 25000, 25000, 0, 0.644000, 0.646000, '1070018361', 0, 0),
(28, 28, 1, 2, 1, 50000, 50000, 50000, 0, 5.410000, 5.416000, '1070017806', 0, 0),
(29, 29, 1, 2, 1, 60000, 59177, 59600, 81.9376, 5.416000, 5.416000, '1070018512', 0, 0),
(30, 30, 1, 2, 1, 60000, 59262, 59600, 81.9376, 5.416000, 5.416000, '1070018498', 0, 0),
(31, 31, 1, 2, 1, 50000, 49219, 49219, 81.9376, 5.416000, 5.416000, '1070018494', 0, 0),
(32, 32, 1, 2, 1, 50000, 50000, 50000, 0, 5.400000, 5.416000, '1070018724', 0, 0),
(33, 33, 2, 7, 2, 30000, 30000, 30000, 0, 2.089000, 2.091000, '1070018510', 0, 0),
(34, 34, 2, 4, 2, 40000, 40000, 40000, 0, 0.640000, 0.646000, '1070018550', 0, 0),
(35, 35, 2, 4, 1, 50000, 50000, 50000, 0, 0.640000, 0.646000, '1070018469', 0, 0),
(36, 36, 2, 4, 1, 50000, 50000, 50000, 0, 0.640000, 0.646000, '1070018477', 0, 0),
(37, 37, 2, 4, 2, 10000, 10000, 10000, 0, 0.640000, 0.646000, '1070018212', 0, 0),
(38, 38, 2, 4, 1, 20000, 20000, 20000, 0, 0.640000, 0.646000, '1070018213', 0, 0),
(39, 39, 2, 4, 2, 30000, 30000, 30000, 0, 0.640000, 0.646000, '1070018458', 0, 0),
(40, 40, 2, 4, 2, 27000, 27000, 27000, 0, 0.646000, 0.646000, '1070018444', 0, 0),
(41, 41, 1, 2, 1, 60000, 60000, 60000, 0, 5.410000, 5.416000, '1070018216', 0, 0),
(42, 42, 1, 2, 1, 50000, 50000, 50000, 0, 5.410000, 5.416000, '1070018200', 0, 0),
(43, 43, 2, 4, 2, 15000, 15000, 15000, 0, 0.646000, 0.646000, '1070018412', 0, 0),
(44, 44, 2, 4, 2, 15000, 15000, 15000, 0, 0.640000, 0.646000, '1070017750', 0, 0),
(45, 45, 2, 4, 1, 10000, 10000, 10000, 0, 0.640000, 0.646000, '1070018010', 0, 0),
(46, 46, 2, 4, 1, 5000, 5000, 5000, 0, 0.640000, 0.646000, '1070018011', 0, 0),
(47, 47, 1, 2, 1, 60000, 60000, 60000, 0, 5.410000, 5.416000, '1070018665', 0, 0),
(48, 48, 1, 2, 1, 40000, 40000, 40000, 0, 5.410000, 5.416000, '1070018666', 0, 0),
(49, 49, 2, 4, 2, 40000, 40000, 40000, 0, 0.640000, 0.646000, '1070018660', 0, 0),
(50, 50, 2, 4, 1, 50000, 50000, 50000, 0, 0.640000, 0.646000, '1070018587', 0, 0),
(51, 51, 2, 4, 1, 30000, 30000, 30000, 0, 0.640000, 0.646000, '1070018577', 0, 0),
(52, 52, 2, 4, 2, 15000, 15000, 15000, 0, 0.640000, 0.646000, '1070018650', 0, 0),
(53, 53, 1, 4, 1, 50000, 50000, 50000, 0, 6.030000, 6.038000, '1070018683', 0, 0),
(54, 54, 1, 4, 1, 50000, 50000, 50000, 0, 6.030000, 6.038000, '1070018791', 0, 0),
(55, 55, 1, 2, 1, 60000, 58806, 59320, 81.9376, 5.416000, 5.416000, '1070018766', 0, 0),
(56, 56, 1, 2, 1, 50000, 50000, 50000, 0, 5.410000, 5.416000, '1070018765', 0, 0),
(57, 57, 2, 5, 2, 24000, 24000, 24000, 0, 1.400000, 1.427000, '1070018745', 0, 0),
(58, 58, 2, 4, 2, 10000, 10000, 10000, 0, 0.640000, 0.646000, '1070018710', 0, 0),
(59, 59, 2, 4, 2, 25000, 25000, 25000, 0, 0.640000, 0.646000, '1070018742', 0, 0),
(60, 60, 2, 5, 2, 40000, 40000, 40000, 0, 1.418000, 1.427000, '1070018726', 0, 0),
(61, 61, 2, 5, 2, 40000, 40000, 40000, 0, 1.418000, 1.427000, '1070018727', 0, 0),
(62, 62, 2, 4, 2, 40000, 40000, 40000, 0, 0.640000, 0.646000, '1070018994', 0, 0),
(63, 63, 2, 4, 2, 30000, 30000, 30000, 0, 0.640000, 0.646000, '1070018992', 0, 0),
(64, 64, 2, 7, 2, 30000, 30000, 30000, 0, 2.089000, 2.091000, '1070018903', 0, 0),
(65, 65, 2, 4, 2, 15000, 15000, 15000, 0, 0.640000, 0.646000, '1070018939', 0, 0),
(66, 66, 1, 2, 1, 60000, 58876, 58876, 81.9376, 5.416000, 5.416000, '1070019010', 0, 0),
(67, 67, 1, 2, 1, 60000, 60000, 60000, 0, 5.410000, 5.416000, '1070019011', 0, 0),
(68, 68, 1, 4, 1, 40000, 40000, 40000, 0, 6.030000, 6.038000, '1070019114', 0, 0),
(69, 69, 1, 2, 1, 50000, 50000, 50000, 0, 5.410000, 5.416000, '1070019108', 0, 0),
(70, 70, 1, 2, 1, 50000, 50000, 50000, 0, 5.410000, 5.416000, '1070019106', 0, 0),
(71, 71, 2, 4, 2, 44000, 44000, 44000, 0, 0.640000, 0.646000, '1070019110', 0, 0),
(72, 72, 2, 4, 2, 27000, 27000, 27000, 0, 0.646000, 0.646000, '1070018704', 0, 0),
(73, 73, 1, 2, 1, 50000, 49063, 49415, 81.9376, 5.416000, 5.416000, '1070019198', 0, 0),
(74, 74, 1, 2, 1, 60000, 58893, 59330, 81.9376, 5.416000, 5.416000, '1070019208', 0, 0),
(75, 75, 1, 2, 1, 50000, 50000, 50000, 0, 5.400000, 5.416000, '1070019201', 0, 0),
(76, 76, 1, 2, 1, 50000, 50000, 50000, 0, 5.410000, 5.416000, '1070019245', 0, 0),
(77, 77, 2, 4, 1, 40000, 40000, 40000, 0, 0.640000, 0.646000, '1070019222', 0, 0),
(78, 78, 2, 7, 2, 40000, 40000, 40000, 0, 2.089000, 2.091000, '1070019260', 0, 0),
(79, 79, 1, 2, 1, 40000, 40000, 40000, 0, 5.410000, 5.416000, '1070019290', 0, 0),
(80, 80, 1, 2, 1, 50000, 50000, 50000, 0, 5.410000, 5.416000, '1070019279', 0, 0),
(81, 81, 1, 2, 1, 25000, 25000, 25000, 0, 5.410000, 5.416000, '1070019291', 0, 0),
(82, 82, 2, 4, 2, 20000, 20000, 20000, 0, 0.640000, 0.646000, '1070019263', 0, 0),
(83, 83, 2, 4, 1, 10000, 10000, 10000, 0, 0.640000, 0.646000, '1070018940', 0, 0),
(84, 84, 2, 4, 2, 25000, 25000, 25000, 0, 0.640000, 0.646000, '1070019312', 0, 0),
(85, 85, 2, 4, 2, 15000, 15000, 15000, 0, 0.640000, 0.646000, '1070019381', 0, 0),
(86, 86, 1, 2, 1, 60000, 58897, 59330, 81.9376, 5.416000, 5.416000, '1070019494', 0, 0),
(87, 87, 1, 2, 1, 50000, 49220, 49220, 81.9376, 5.416000, 5.416000, '1070019484', 0, 0),
(88, 88, 1, 2, 1, 60000, 58954, 59335, 81.9376, 5.416000, 5.416000, '1070019512', 0, 0),
(89, 89, 1, 2, 1, 60000, 60000, 60000, 0, 5.410000, 5.416000, '1070019499', 0, 0),
(90, 90, 2, 7, 2, 30000, 30000, 30000, 0, 2.089000, 2.091000, '1070019452', 0, 0),
(91, 91, 2, 4, 1, 50000, 50000, 50000, 0, 0.640000, 0.646000, '1070019434', 0, 0),
(92, 92, 2, 4, 2, 40000, 40000, 40000, 0, 0.640000, 0.646000, '1070019449', 0, 0),
(93, 93, 2, 4, 2, 10000, 10000, 10000, 0, 0.640000, 0.646000, '1070019493', 0, 0),
(94, 94, 1, 4, 1, 50000, 50000, 50000, 0, 6.030000, 6.038000, '1070019644', 0, 0),
(95, 95, 2, 5, 2, 40000, 40000, 40000, 0, 1.418000, 1.427000, '1070019602', 0, 0),
(96, 96, 2, 4, 2, 25000, 25000, 25000, 0, 0.640000, 0.646000, '1070019571', 0, 0),
(97, 97, 1, 2, 1, 60000, 58980, 59340, 81.9376, 5.416000, 5.416000, '1070019591', 0, 0),
(98, 98, 1, 2, 1, 50000, 49098, 49300, 81.9376, 5.416000, 5.416000, '1070019590', 0, 0),
(99, 99, 1, 2, 1, 60000, 58719, 58719, 81.9376, 5.416000, 5.416000, '1070019588', 0, 0),
(100, 100, 1, 2, 1, 60000, 60000, 60000, 0, 5.410000, 5.416000, '1070019623', 0, 0),
(101, 101, 2, 4, 2, 40000, 40000, 40000, 0, 0.640000, 0.646000, '1070019657', 0, 0),
(102, 102, 2, 4, 2, 15000, 15000, 15000, 0, 0.640000, 0.646000, '1070019609', 0, 0),
(103, 103, 2, 4, 2, 10000, 10000, 10000, 0, 0.640000, 0.646000, '1070019655', 0, 0),
(104, 104, 2, 4, 1, 50000, 50000, 50000, 0, 0.640000, 0.646000, '1070019603', 0, 0),
(105, 105, 2, 5, 2, 40000, 40000, 40000, 0, 1.418000, 1.427000, '1070019803', 0, 0),
(106, 106, 2, 4, 2, 15000, 15000, 15000, 0, 0.640000, 0.646000, '1070019801', 0, 0),
(107, 107, 2, 5, 2, 30000, 30000, 30000, 0, 1.418000, 1.427000, '1070019845', 0, 0),
(108, 108, 1, 4, 1, 50000, 50000, 50000, 0, 6.030000, 6.038000, '1070019645', 0, 0),
(109, 109, 2, 4, 1, 10000, 10000, 10000, 0, 0.640000, 0.646000, '1070019610', 0, 0),
(110, 110, 2, 4, 1, 20000, 20000, 20000, 0, 0.640000, 0.646000, '1070019264', 0, 0),
(111, 111, 2, 4, 2, 10000, 10000, 10000, 0, 0.640000, 0.646000, '1070019892', 0, 0),
(112, 112, 2, 4, 2, 25000, 25000, 25000, 0, 0.640000, 0.646000, '1070019928', 0, 0),
(113, 113, 2, 4, 2, 40000, 40000, 40000, 0, 0.640000, 0.646000, '1070019958', 0, 0),
(114, 114, 2, 7, 2, 30000, 30000, 30000, 0, 2.089000, 2.091000, '1070019960', 0, 0),
(115, 115, 2, 4, 1, 50000, 50000, 50000, 0, 0.640000, 0.646000, '1070019931', 0, 0),
(116, 116, 2, 4, 2, 15000, 15000, 15000, 0, 0.640000, 0.646000, '1070019889', 0, 0),
(117, 117, 1, 2, 1, 50000, 50000, 50000, 0, 5.410000, 5.416000, '1070019961', 0, 0),
(118, 118, 1, 2, 1, 50000, 50000, 50000, 0, 5.410000, 5.416000, '1070019978', 0, 0),
(119, 119, 1, 4, 1, 40000, 40000, 40000, 0, 6.030000, 6.038000, '1070020187', 0, 0),
(120, 120, 2, 4, 2, 50000, 50000, 50000, 0, 0.646000, 0.646000, '1070020165', 0, 0),
(121, 121, 1, 2, 1, 60000, 58877, 58177, 81.9376, 5.416000, 5.416000, '1070020188', 0, 0),
(122, 122, 1, 2, 1, 60000, 58655, 57805, 81.9376, 5.416000, 5.416000, '1070020185', 0, 0),
(123, 123, 1, 2, 1, 50000, 49124, 0, 81.9376, 5.416000, 5.416000, '1070020290', 0, 0),
(124, 124, 1, 2, 1, 60000, 60000, 60000, 0, 5.410000, 5.416000, '1070020291', 0, 0),
(125, 125, 1, 2, 1, 50000, 50000, 50000, 0, 5.400000, 5.416000, '1070020257', 0, 0),
(126, 126, 1, 2, 1, 50000, 50000, 50000, 0, 5.400000, 5.416000, '1070020261', 0, 0),
(127, 127, 1, 2, 1, 50000, 50000, 50000, 0, 5.400000, 5.416000, '1070020304', 0, 0),
(128, 128, 2, 4, 2, 10000, 10000, 10000, 0, 0.640000, 0.646000, '1070020244', 0, 0),
(129, 129, 2, 4, 2, 25000, 25000, 25000, 0, 0.640000, 0.646000, '1070020287', 0, 0),
(130, 130, 1, 2, 1, 40000, 40000, 40000, 0, 5.410000, 5.416000, '1070020397', 0, 0),
(131, 131, 1, 2, 1, 60000, 59024, 58359, 81.9376, 5.416000, 5.416000, '1070020415', 0, 0),
(132, 132, 1, 2, 1, 50000, 49109, 48509, 81.9376, 5.416000, 5.416000, '1070020429', 0, 0),
(133, 133, 1, 4, 1, 30000, 30000, 30000, 0, 6.035000, 6.038000, '1070020428', 0, 0),
(134, 134, 2, 5, 2, 40000, 40000, 40000, 0, 1.418000, 1.427000, '1070020395', 0, 0),
(135, 135, 1, 2, 1, 50000, 50000, 50000, 0, 5.410000, 5.416000, '1070020398', 0, 0),
(136, 136, 1, 2, 1, 50000, 50000, 50000, 0, 5.410000, 5.416000, '1070020534', 0, 0),
(137, 137, 1, 4, 1, 50000, 50000, 50000, 0, 6.030000, 6.038000, '1070020571', 0, 0),
(138, 138, 1, 4, 1, 50000, 50000, 50000, 0, 6.030000, 6.038000, '1070020572', 0, 0),
(139, 139, 1, 4, 1, 50000, 50000, 50000, 0, 6.030000, 6.038000, '1070020570', 0, 0),
(140, 140, 2, 4, 2, 40000, 40000, 40000, 0, 0.640000, 0.646000, '1070020577', 0, 0),
(141, 141, 2, 4, 1, 50000, 50000, 50000, 0, 0.640000, 0.646000, '1070020521', 0, 0),
(142, 142, 2, 4, 2, 15000, 15000, 15000, 0, 0.640000, 0.646000, '1070020544', 0, 0),
(143, 143, 2, 4, 1, 25000, 25000, 25000, 0, 0.640000, 0.646000, '1070020545', 0, 0),
(144, 144, 2, 4, 2, 10000, 10000, 10000, 0, 0.640000, 0.646000, '1070020630', 0, 0),
(145, 145, 1, 2, 1, 50000, 50000, 50000, 0, 5.410000, 5.416000, '1070020671', 0, 0),
(146, 146, 1, 2, 1, 50000, 50000, 50000, 0, 5.410000, 5.416000, '1070020676', 0, 0),
(147, 147, 2, 7, 2, 30000, 30000, 30000, 0, 2.089000, 2.091000, '1070020533', 0, 0),
(148, 148, 1, 2, 1, 60000, 60000, 60000, 0, 5.410000, 5.416000, '1070021091', 0, 0),
(149, 149, 2, 4, 1, 50000, 50000, 50000, 0, 0.640000, 0.646000, '1070020883', 0, 0),
(150, 150, 1, 2, 1, 60000, 59636, 59636, 84.53, 5.416000, 5.416000, '1070021028', 0, 0),
(151, 151, 1, 2, 1, 60000, 59743, 59743, 84.53, 5.416000, 5.416000, '1070021027', 0, 0),
(152, 152, 2, 5, 2, 24000, 24000, 24000, 0, 1.400000, 1.427000, '1070021080', 0, 0),
(153, 153, 1, 2, 1, 60000, 58875, 58875, 81.9376, 5.416000, 5.416000, '1070021090', 0, 0),
(154, 154, 1, 2, 1, 40000, 40000, 40000, 0, 5.410000, 5.416000, '1070021161', 0, 0),
(158, 158, 2, 5, 2, 40000, 40000, 40000, 0, 1.418000, 1.427000, '1070021301', 0, 0),
(159, 159, 2, 5, 2, 40000, 40000, 40000, 0, 1.418000, 1.427000, '1070021306', 0, 0),
(160, 160, 1, 2, 1, 60000, 59209, 58834, 81.9376, 5.416000, 5.416000, '1070021305', 0, 0),
(161, 161, 2, 7, 2, 30000, 30000, 30000, 0, 2.089000, 2.091000, '1070021298', 0, 0),
(162, 162, 2, 7, 2, 31000, 31000, 31000, 0, 2.089000, 2.091000, '1070021297', 0, 0),
(163, 163, 2, 4, 2, 10000, 10000, 10000, 0, 0.667900, 0.668000, '1070016163', 0, 0),
(164, 164, 2, 4, 2, 10000, 10000, 10000, 0, 0.667900, 0.668000, '1070016480', 0, 0),
(165, 165, 2, 4, 2, 10000, 10000, 10000, 0, 0.667900, 0.668000, '1070017070', 0, 0),
(166, 166, 2, 4, 1, 60000, 60000, 60000, 0, 0.667900, 0.668000, '1070016486', 0, 0),
(167, 167, 2, 4, 2, 10000, 10000, 10000, 0, 0.667900, 0.668000, '1070013965', 0, 0),
(168, 168, 2, 4, 2, 10000, 10000, 10000, 0, 0.667900, 0.668000, '1070014183', 0, 0),
(169, 169, 2, 4, 2, 10000, 10000, 10000, 0, 0.667900, 0.668000, '1070014335', 0, 0),
(170, 170, 2, 4, 2, 10000, 10000, 10000, 0, 0.667900, 0.668000, '1070014690', 0, 0),
(171, 171, 2, 4, 2, 10000, 10000, 10000, 0, 0.667900, 0.668000, '1070015195', 0, 0),
(172, 172, 2, 4, 2, 10000, 10000, 10000, 0, 0.667900, 0.668000, '1070015472', 0, 0),
(173, 173, 2, 4, 2, 10000, 10000, 10000, 0, 0.667900, 0.668000, '1070015882', 0, 0),
(174, 174, 2, 4, 2, 25000, 25000, 25000, 0, 0.667900, 0.668000, '1070014452', 0, 0),
(175, 175, 2, 4, 2, 25000, 25000, 25000, 0, 0.667900, 0.668000, '1070015307', 0, 0),
(176, 176, 2, 4, 2, 25000, 25000, 25000, 0, 0.671260, 0.671260, '1070012266', 0, 0),
(177, 177, 2, 4, 2, 20000, 20000, 20000, 0, 0.671260, 0.671260, '1070012859', 0, 0),
(178, 178, 2, 4, 1, 5000, 5000, 5000, 0, 0.671260, 0.671260, '1070012860', 0, 0),
(179, 179, 2, 4, 2, 25000, 25000, 25000, 0, 0.671260, 0.671260, '1070013488', 0, 0),
(180, 180, 2, 4, 2, 25000, 25000, 25000, 0, 0.674820, 0.674820, '1070008269', 0, 0),
(181, 181, 1, 4, 1, 60000, 60000, 60000, 0, 6.273600, 6.273600, '1070011569', 0, 0),
(182, 182, 2, 4, 2, 10000, 10000, 10000, 0, 0.646010, 0.620880, '1070021382', 0, 0),
(183, 183, 2, 4, 2, 15000, 15000, 15000, 0, 0.646010, 0.620880, '1070021466', 0, 0),
(184, 184, 2, 4, 2, 15000, 15000, 15000, 0, 0.646010, 0.620880, '1070021385', 0, 0),
(185, 185, 1, 4, 1, 50000, 50000, 50000, 0, 6.030000, 5.802600, '1070021506', 0, 0),
(186, 186, 2, 4, 2, 40000, 40000, 40000, 0, 0.646010, 0.620880, '1070021501', 0, 0),
(187, 187, 2, 4, 2, 10000, 10000, 10000, 0, 0.646010, 0.620880, '1070021513', 0, 0),
(188, 188, 2, 4, 2, 25000, 25000, 25000, 0, 0.620880, 0.620880, '1070021616', 0, 0),
(189, 189, 2, 4, 2, 15000, 15000, 15000, 0, 0.620880, 0.620880, '1070021678', 0, 0),
(190, 190, 2, 4, 2, 27000, 27000, 27000, 0, 0.646010, 0.620880, '1070021785', 0, 0),
(191, 191, 1, 2, 1, 60000, 60000, 60000, 0, 5.416450, 5.416450, '1070021769', 0, 0),
(193, 193, 2, 4, 2, 16000, 16000, 16000, 0, 0.628800, 0.620880, '1070021899', 0, 0),
(194, 194, 2, 4, 2, 10000, 10000, 10000, 0, 0.646010, 0.620880, '1070021897', 0, 0),
(195, 195, 2, 5, 2, 25000, 25000, 25000, 0, 1.340470, 1.340470, '1070021920', 0, 0),
(196, 196, 1, 2, 1, 60000, 58980, 58401, 75.7, 5.416450, 5.416450, '1070021906', 0, 0),
(197, 197, 2, 5, 2, 24000, 24000, 24000, 0, 1.340470, 1.340470, '1070021992', 0, 0),
(198, 198, 1, 4, 1, 60000, 58852, 58172, 75.7, 6.037530, 5.802600, '1070022055', 0, 0),
(199, 199, 1, 4, 1, 50000, 50000, 50000, 0, 6.037530, 5.802600, '1070022063', 0, 0),
(200, 200, 1, 2, 1, 50000, 50000, 50000, 0, 5.416450, 5.416450, '1070022065', 0, 0),
(201, 201, 2, 5, 2, 27000, 27000, 27000, 0, 1.340470, 1.340470, '1070022079', 0, 0),
(202, 202, 2, 4, 1, 60000, 60000, 60000, 0, 0.646010, 0.620880, '1070022043', 0, 0),
(203, 203, 2, 4, 2, 25000, 25000, 25000, 0, 0.620880, 0.620880, '1070021995', 0, 0),
(204, 204, 1, 4, 1, 50000, 50000, 50000, 0, 6.037530, 5.802600, '1070022241', 0, 0),
(205, 205, 2, 4, 2, 15000, 15000, 15000, 0, 0.646010, 0.620880, '1070022383', 0, 0),
(206, 206, 3, 4, 1, 50000, 49062, 48530, 75.7, 6.037530, 6.037530, '1070022477', 0, 0),
(207, 207, 3, 4, 1, 40000, 40000, 40000, 0, 6.037530, 6.037530, '1070022469', 0, 0),
(208, 208, 3, 2, 1, 50000, 50000, 50000, 0, 5.416450, 5.416450, '1070022490', 0, 0),
(209, 209, 3, 2, 1, 50000, 49077, 49077, 75.7, 5.416450, 5.416450, '1070022488', 0, 0),
(210, 210, 3, 2, 1, 60000, 58876, 58876, 75.7, 5.416450, 5.416450, '1070022486', 0, 0),
(211, 211, 3, 2, 1, 60000, 60000, 60000, 0, 5.416450, 5.416450, '1070022489', 0, 0),
(212, 212, 2, 4, 2, 10000, 10000, 10000, 0, 0.646010, 0.620880, '1070022427', 0, 0),
(213, 213, 2, 4, 2, 40000, 40000, 40000, 0, 0.620880, 0.620880, '1070022553', 0, 0),
(214, 214, 3, 2, 1, 50000, 50000, 50000, 0, 5.205690, 5.205690, '1070022671', 0, 0),
(216, 216, 2, 4, 2, 25000, 25000, 25000, 0, 0.620880, 0.620880, '1070022508', 0, 0),
(217, 217, 3, 4, 1, 50000, 50000, 50000, 0, 5.802600, 5.802600, '1070022698', 0, 0),
(218, 218, 3, 2, 1, 60000, 59017, 58485, 75.7, 5.205690, 5.205690, '1070022697', 0, 0),
(219, 219, 3, 2, 1, 60000, 60000, 60000, 0, 5.205690, 5.205690, '1070022696', 0, 0),
(220, 220, 2, 4, 2, 15000, 15000, 15000, 0, 0.620880, 0.620880, '1070022779', 0, 0),
(221, 221, 2, 5, 2, 15000, 15000, 15000, 0, 1.288330, 1.288330, '1070022769', 0, 0),
(222, 222, 3, 2, 1, 60000, 59112, 58580, 75.7, 5.205690, 5.205690, '1070022747', 0, 0),
(223, 223, 3, 2, 1, 60000, 59132, 58600, 75.7, 5.205690, 5.205690, '1070022759', 0, 0),
(224, 224, 3, 2, 1, 50000, 50000, 50000, 0, 5.205690, 5.205690, '1070022764', 0, 0),
(225, 225, 3, 2, 1, 60000, 60000, 60000, 0, 5.205690, 5.205690, '1070022787', 0, 0),
(226, 226, 3, 2, 1, 40000, 40000, 40000, 0, 5.205690, 5.205690, '1070022783', 0, 0),
(227, 227, 2, 4, 2, 25000, 25000, 25000, 0, 0.620880, 0.620880, '1070022851', 0, 0),
(228, 228, 2, 4, 2, 40000, 40000, 40000, 0, 0.620880, 0.620880, '1070022878', 0, 0),
(229, 229, 2, 5, 2, 24000, 24000, 24000, 0, 1.288330, 1.288330, '1070022870', 0, 0),
(230, 230, 2, 4, 2, 15000, 15000, 15000, 0, 0.620880, 0.620880, '1070023017', 0, 0),
(231, 231, 2, 4, 2, 25000, 25000, 25000, 0, 0.620880, 0.620880, '1070023034', 0, 0),
(232, 232, 3, 2, 1, 60000, 59492, 59492, 75.7, 5.205690, 5.205690, '1070023094', 0, 0),
(233, 233, 3, 2, 1, 66000, 66000, 66000, 0, 5.205690, 5.205690, '1070023119', 0, 0),
(234, 234, 3, 2, 1, 60000, 60000, 60000, 0, 5.205690, 5.460000, '1070023123', 336, 0),
(235, 235, 3, 2, 1, 60000, 59201, 59201, 75.7, 5.205690, 5.205690, '1070023111', 0, 0),
(236, 236, 3, 2, 1, 50000, 49383, 49383, 75.7, 5.205690, 5.205690, '1070023118', 0, 0),
(237, 237, 3, 2, 1, 50000, 49464, 48932, 75.7, 5.205690, 5.205690, '1070023110', 0, 0),
(238, 238, 3, 2, 1, 50000, 50000, 50000, 0, 5.205690, 5.205690, '1070023122', 0, 0),
(239, 239, 3, 2, 1, 60000, 60000, 60000, 0, 5.205690, 5.205690, '1070023148', 0, 0),
(240, 240, 3, 4, 1, 50000, 50000, 50000, 0, 5.802600, 5.802600, '1070023166', 0, 0),
(241, 241, 3, 2, 1, 50000, 50000, 50000, 0, 5.205690, 5.205690, '1070023165', 0, 0),
(242, 242, 2, 4, 2, 10000, 10000, 10000, 0, 0.620880, 0.620880, '1070023196', 0, 0),
(243, 243, 3, 2, 1, 50000, 50000, 50000, 0, 5.205690, 5.205690, '1070023233', 0, 0),
(244, 244, 3, 2, 1, 60000, 59524, 59524, 75.7, 5.205690, 5.205690, '1070023231', 0, 0),
(245, 245, 3, 2, 1, 60000, 59643, 59643, 75.7, 5.205690, 5.205690, '1070023235', 0, 0),
(246, 246, 3, 2, 1, 60000, 59338, 59338, 75.7, 5.205690, 5.205690, '1070023228', 0, 0),
(247, 247, 3, 2, 1, 50000, 50000, 50000, 0, 5.205690, 5.205690, '1070023280', 0, 0),
(248, 248, 2, 4, 2, 25000, 25000, 25000, 0, 0.620880, 0.620880, '3', 0, 0),
(249, 249, 1, 2, 1, 60000, 59182, 58483, 75.7, 5.205690, 5.205690, '1070023308', 0, 0),
(250, 250, 1, 2, 1, 40000, 39430, 38860, 75.7, 5.205690, 5.205690, '1070023307', 0, 0),
(251, 251, 1, 2, 1, 60000, 59260, 58561, 75.7, 5.205690, 5.205690, '1070023328', 0, 0),
(252, 252, 1, 2, 1, 60000, 59080, 58381, 75.7, 5.205690, 5.205690, '1070023310', 0, 0),
(253, 253, 3, 2, 1, 50000, 50000, 50000, 0, 5.205690, 5.205690, '1070023367', 0, 0),
(254, 254, 3, 2, 1, 60000, 60000, 60000, 0, 5.205690, 5.205690, '1070023366', 0, 0),
(255, 255, 3, 2, 1, 50000, 50000, 50000, 0, 5.205690, 5.205690, '1070023400', 0, 0),
(256, 256, 3, 2, 1, 40000, 40000, 40000, 0, 5.205690, 5.205690, '1070023396', 0, 0),
(257, 257, 3, 2, 1, 40000, 40000, 40000, 0, 5.205690, 5.205690, '1070023398', 0, 0),
(258, 258, 3, 2, 1, 60000, 59371, 59371, 75.7, 5.205690, 5.205690, '1070023405', 0, 0),
(259, 259, 3, 2, 1, 30000, 30000, 30000, 0, 5.205690, 5.205690, '1070023401', 0, 0),
(260, 260, 1, 2, 1, 60000, 59069, 59069, 75.7, 5.205690, 5.205690, '1070023587', 0, 0),
(261, 261, 1, 2, 1, 50000, 49243, 49243, 75.7, 5.205690, 5.205690, '1070023600', 0, 0),
(262, 262, 3, 4, 1, 30000, 30000, 30000, 0, 5.802600, 5.802600, '1070023716', 0, 0),
(263, 263, 3, 4, 1, 50000, 50000, 50000, 0, 5.802600, 5.802600, '1070023715', 0, 0),
(264, 264, 3, 2, 1, 60000, 58565, 58565, 75.7, 5.205690, 5.205690, '1070023828', 0, 0),
(265, 265, 3, 2, 1, 56000, 55215, 55215, 75.7, 5.205690, 5.205690, '1070023404', 0, 0),
(266, 266, 2, 4, 2, 25000, 25000, 25000, 0, 0.620880, 0.620880, '1070023732', 0, 0),
(267, 267, 3, 2, 1, 40000, 40000, 40000, 0, 5.205690, 5.205690, '1070023651', 0, 0),
(268, 268, 3, 2, 1, 60000, 59354, 59354, 75.7, 5.205690, 5.205690, '1070023534', 0, 0),
(269, 269, 3, 4, 1, 50000, 49508, 49211, 75.7, 5.802600, 5.802600, '1070023866', 0, 0),
(270, 270, 1, 4, 1, 60000, 59284, 58987, 75.7, 5.802600, 5.802600, '1070023986', 0, 0),
(271, 271, 2, 4, 2, 30000, 30000, 30000, 0, 0.620880, 0.620880, '1070022070', 0, 0),
(272, 272, 1, 4, 1, 60000, 59286, 58988, 75.7, 5.802600, 5.802600, '1070024136', 0, 0),
(273, 273, 2, 4, 2, 25000, 25000, 25000, 0, 0.620880, 0.620880, '1070024107', 0, 0),
(274, 274, 1, 4, 1, 50000, 49219, 49219, 75.7, 5.802600, 5.802600, '1070024253', 0, 0),
(275, 275, 8, 2, 1, 40000, 40000, 40000, 0, 5.205690, 5.205690, 'RI-51150999', 0, 0),
(276, 276, 8, 2, 1, 60000, 60000, 60000, 0, 5.205690, 5.205690, 'RI-51151057', 0, 0),
(277, 277, 8, 2, 1, 60000, 58966, 58966, 75.7, 5.205690, 5.205690, 'RI-51151056', 0, 337),
(278, 278, 2, 4, 2, 20000, 20000, 20000, 0, 0.620880, 0.620880, '1070024123', 0, 0),
(279, 279, 2, 4, 1, 10000, 10000, 10000, 0, 0.620880, 0.620880, '1070024124', 0, 0),
(280, 280, 1, 2, 1, 60000, 60000, 60000, 0, 5.205690, 5.205690, '1070024384', 328, 0),
(281, 281, 2, 4, 2, 25000, 25000, 25000, 0, 0.620880, 0.620880, '1070024446', 0, 0),
(282, 282, 2, 4, 2, 10000, 10000, 10000, 0, 0.620880, 0.620880, '', 0, 0),
(283, 282, 2, 4, 1, 20000, 20000, 20000, 0, 0.620880, 0.620880, '', 0, 0),
(284, 283, 1, 2, 1, 40000, 40000, 40000, 0, 5.205690, 5.205690, '1070024578', 313, 0),
(285, 284, 1, 2, 1, 50000, 50000, 50000, 0, 5.205690, 5.205690, '1070024680', 349, 453),
(286, 285, 1, 2, 1, 50000, 50000, 50000, 0, 5.205690, 5.205690, '1070024679', 0, 0),
(287, 286, 1, 2, 2, 50000, 50000, 50000, 0, 4.500000, 4.500000, '1070024664', 382, 0),
(288, 287, 1, 2, 2, 50000, 50000, 50000, 0, 4.500000, 4.500000, '1070024684', 374, 0),
(289, 288, 1, 2, 2, 50000, 50000, 50000, 0, 4.500000, 4.500000, '1070024742', 381, 0),
(290, 289, 1, 2, 2, 60000, 60000, 60000, 0, 4.500000, 4.500000, '1070024746', 394, 0),
(291, 290, 1, 2, 1, 60000, 60000, 60000, 0, 5.205690, 5.205690, '1070024841', 348, 454),
(292, 291, 1, 2, 1, 40000, 40000, 40000, 0, 5.205690, 5.205690, '1070024886', 0, 0),
(293, 292, 1, 9, 3, 48250, 48250, 48250, 0, 4.500000, 4.500000, '1680003387', 339, 0),
(294, 293, 1, 2, 1, 60000, 60000, 60000, 0, 5.205690, 5.205690, '1070024941', 347, 455),
(295, 294, 1, 10, 2, 20000, 20000, 20000, 0, 0.000000, 0.000000, '1070024926', 0, 0),
(296, 294, 1, 10, 1, 30000, 30000, 30000, 0, 1.000000, 1.000000, '1070024927', 0, 0),
(297, 295, 2, 4, 2, 30000, 30000, 30000, 0, 0.620880, 0.620880, '1070025021', 0, 0),
(298, 296, 2, 4, 2, 15000, 15000, 15000, 0, 0.620880, 0.620880, '1070025018', 0, 0),
(299, 297, 2, 4, 2, 25000, 25000, 25000, 0, 0.620880, 0.620880, '1070025033', 0, 0),
(300, 298, 2, 4, 2, 10000, 10000, 10000, 0, 0.620880, 0.620880, '1070024967', 0, 0),
(301, 299, 2, 4, 2, 20000, 20000, 20000, 0, 0.620880, 0.620880, '1070024994', 0, 0),
(302, 299, 2, 4, 1, 20000, 20000, 20000, 0, 0.620880, 0.620880, '1070024995', 0, 0),
(303, 300, 2, 4, 1, 20000, 20000, 20000, 0, 0.620880, 0.620880, '1070024962', 0, 0),
(304, 300, 2, 4, 2, 20000, 20000, 20000, 0, 0.620880, 0.620880, '1070024961', 0, 0),
(305, 301, 2, 14, 2, 5000, 5000, 5000, 0, 0.308800, 0.308800, '1040014054', 0, 0),
(306, 301, 2, 14, 1, 10000, 10000, 10000, 0, 0.308800, 0.308800, '1040014054', 0, 0),
(307, 302, 2, 13, 1, 8000, 8000, 8000, 0, 0.634875, 0.634875, '1040014041', 0, 0),
(308, 302, 2, 13, 2, 8000, 8000, 8000, 0, 0.634875, 0.634875, '1040014041', 0, 0),
(309, 303, 2, 15, 1, 16000, 16000, 16000, 0, 0.521290, 0.521290, '1040014040', 0, 0),
(310, 303, 2, 15, 2, 8000, 8000, 8000, 0, 0.521290, 0.521290, '1040014040', 0, 0),
(311, 304, 4, 12, 1, 10000, 10000, 10000, 0, 0.337100, 0.337100, '1040014031', 0, 0),
(312, 304, 4, 12, 2, 10000, 10000, 10000, 0, 0.337100, 0.337100, '1040014031', 0, 0),
(313, 305, 4, 11, 1, 10000, 10000, 10000, 0, 0.264200, 0.264200, '1040014030', 0, 0),
(314, 305, 4, 11, 2, 10000, 10000, 10000, 0, 0.264200, 0.264200, '1040014030', 0, 0),
(315, 306, 4, 19, 1, 10000, 10000, 10000, 0, 0.387200, 0.387200, '1040014006', 0, 0),
(316, 306, 4, 19, 2, 10000, 10000, 10000, 0, 0.387200, 0.387200, '1040014006', 0, 0),
(317, 307, 2, 16, 2, 10000, 10000, 10000, 0, 0.511300, 0.511300, '1040014045', 0, 0),
(318, 307, 2, 16, 1, 10000, 10000, 10000, 0, 0.511300, 0.511300, '1040014045', 0, 0),
(319, 308, 2, 17, 2, 10000, 10000, 10000, 0, 0.628000, 0.628000, '1040014044', 0, 0),
(320, 309, 2, 18, 1, 10000, 10000, 10000, 0, 0.501600, 0.501600, '1040014043', 0, 0),
(321, 309, 2, 18, 2, 10000, 10000, 10000, 0, 0.501600, 0.501600, '1040014043', 0, 0),
(322, 310, 2, 4, 2, 27000, 27000, 27000, 0, 0.620880, 0.620880, '1070025162', 0, 0),
(323, 311, 2, 5, 2, 40000, 40000, 40000, 0, 2.090790, 1.288330, '', 0, 0),
(324, 312, 2, 21, 2, 10000, 10000, 10000, 0, 0.626600, 0.626600, '1040014053', 338, 0),
(325, 312, 2, 21, 1, 10000, 10000, 10000, 0, 0.626600, 0.626600, '1040014053', 0, 0),
(326, 313, 2, 22, 1, 10000, 10000, 10000, 0, 0.596100, 0.596100, '1040014052', 0, 0),
(327, 313, 2, 22, 2, 10000, 10000, 10000, 0, 0.596100, 0.596100, '1040014052', 0, 0),
(328, 314, 2, 4, 2, 25000, 25000, 25000, 0, 0.620880, 0.620880, '1070025213', 0, 0),
(329, 315, 2, 20, 2, 10000, 10000, 10000, 0, 0.384400, 0.384400, '1040014005', 0, 0),
(330, 315, 2, 20, 1, 10000, 10000, 10000, 0, 0.384400, 0.384400, '1040014005', 0, 0),
(331, 316, 2, 4, 1, 10000, 10000, 10000, 0, 0.620880, 0.620880, '1070025289', 0, 0),
(332, 317, 2, 4, 2, 25000, 25000, 25000, 0, 0.620880, 0.620880, '1070025288', 0, 0),
(333, 318, 2, 4, 1, 60000, 60000, 60000, 0, 0.620880, 0.620880, '1070023204', 0, 0),
(334, 319, 26, 32, 1, 10000, 10000, 10000, 0, 0.232300, 0.232300, '1100006190', 0, 0),
(335, 320, 2, 24, 2, 8000, 8000, 8000, 0, 0.521250, 0.521250, '1040014102', 0, 0),
(336, 321, 2, 25, 1, 8000, 8000, 8000, 0, 0.610187, 0.610187, '1040014101', 383, 0),
(337, 321, 2, 25, 2, 8000, 8000, 8000, 0, 0.610187, 0.610187, '1040014101', 0, 0),
(338, 322, 2, 23, 2, 50000, 50000, 50000, 0, 1.000000, 1.039000, '', 0, 0),
(339, 323, 2, 23, 2, 50000, 50000, 50000, 0, 1.039000, 1.039000, '1040014388', 0, 0),
(340, 324, 1, 2, 1, 60000, 60000, 60000, 0, 5.400000, 5.400000, '1070025349', 398, 0),
(341, 325, 1, 4, 1, 60000, 60000, 60000, 0, 5.802600, 5.802600, '1070025453', 399, 0),
(342, 326, 2, 4, 2, 15000, 15000, 15000, 0, 0.620880, 0.620880, '1070025441', 0, 0),
(343, 327, 2, 5, 2, 15000, 15000, 15000, 0, 1.288330, 1.288330, '1070025412', 0, 0),
(344, 328, 2, 5, 2, 27000, 27000, 27000, 0, 1.288330, 1.288330, '1070025446', 0, 0),
(345, 329, 2, 27, 2, 60000, 60000, 60000, 0, 0.229700, 0.229700, '1040014437', 0, 0),
(346, 330, 1, 2, 3, 60000, 60000, 60000, 0, 4.000000, 4.000000, '', 0, 0),
(347, 331, 10, 28, 1, 30000, 30000, 30000, 0, 1.282300, 1.282300, '1300000608', 471, 0),
(348, 331, 10, 29, 2, 20000, 20000, 20000, 0, 1.301600, 1.301600, '1300000609', 458, 0),
(349, 332, 2, 5, 2, 40000, 40000, 40000, 0, 1.288330, 1.288330, '1070025570', 0, 0),
(350, 333, 2, 4, 2, 25000, 25000, 25000, 0, 0.620880, 0.620880, '1070025559', 0, 0),
(351, 334, 2, 4, 2, 10000, 10000, 10000, 0, 0.620880, 0.620880, '', 0, 0),
(352, 335, 30, 31, 3, 50000, 50000, 50000, 0, 4.000000, 4.000000, '', 0, 0),
(353, 336, 3, 2, 1, 60000, 60000, 60000, 0, 5.400000, 5.400000, '1070025747', 449, 0),
(354, 337, 3, 2, 1, 40000, 40000, 40000, 0, 5.400000, 5.400000, '', 0, 0),
(355, 338, 2, 5, 2, 15000, 15000, 15000, 0, 1.288330, 1.288330, '', 0, 0),
(356, 339, 26, 32, 1, 10000, 10000, 10000, 0, 0.232300, 0.232300, '1100006190', 0, 0),
(357, 340, 26, 32, 1, 10000, 10000, 10000, 0, 0.232300, 0.232300, '1100006190', 400, 0),
(358, 341, 26, 33, 1, 10000, 10000, 10000, 0, 0.213300, 0.213300, '1100006188', 401, 0),
(359, 342, 26, 34, 1, 10000, 10000, 10000, 0, 0.213300, 0.213300, '1100006189', 402, 0),
(360, 343, 1, 26, 1, 40000, 40000, 40000, 0, 4.200000, 4.200000, '', 0, 0),
(361, 344, 2, 4, 2, 25000, 25000, 25000, 0, 0.620880, 0.620880, '1070025904', 0, 0),
(362, 345, 3, 2, 1, 50000, 50000, 50000, 0, 5.400000, 5.400000, '', 0, 0),
(363, 346, 2, 4, 2, 25000, 25000, 25000, 0, 0.620880, 0.620880, '', 0, 0),
(364, 347, 2, 5, 2, 27000, 27000, 27000, 0, 1.288330, 1.288330, '', 0, 0),
(365, 348, 3, 2, 1, 50000, 50000, 50000, 0, 5.400000, 5.400000, '', 0, 0),
(366, 349, 3, 2, 1, 40000, 40000, 40000, 0, 5.400000, 5.400000, '', 0, 0),
(367, 350, 3, 2, 1, 60000, 60000, 60000, 0, 5.400000, 5.400000, '', 0, 0),
(368, 351, 2, 37, 1, 8000, 8000, 8000, 0, 0.400000, 0.400000, '', 0, 0),
(369, 351, 2, 36, 1, 8000, 8000, 8000, 0, 0.400000, 0.400000, '', 0, 0),
(370, 351, 2, 35, 1, 8000, 8000, 8000, 0, 0.400000, 0.400000, '', 0, 0),
(371, 352, 2, 41, 2, 10000, 10000, 10000, 0, 0.400000, 0.400000, '', 0, 0),
(372, 352, 2, 40, 2, 10000, 10000, 10000, 0, 0.400000, 0.400000, '', 0, 0),
(373, 352, 2, 39, 2, 10000, 10000, 10000, 0, 0.400000, 0.400000, '', 0, 0),
(374, 352, 2, 42, 2, 10000, 10000, 10000, 0, 0.400000, 0.400000, '', 0, 0),
(375, 353, 2, 4, 1, 5000, 5000, 5000, 0, 0.620880, 0.620880, '', 0, 0),
(376, 353, 2, 4, 2, 10000, 10000, 10000, 0, 0.620880, 0.620880, '', 0, 0),
(377, 354, 2, 5, 2, 40000, 40000, 40000, 0, 1.288330, 1.288330, '', 0, 0),
(378, 355, 2, 42, 1, 8000, 8000, 8000, 0, 0.521250, 0.521250, '1040014719', 450, 0),
(379, 355, 2, 38, 1, 8000, 8000, 8000, 0, 0.585500, 0.585500, '1040014718', 0, 0),
(380, 355, 2, 43, 1, 8000, 8000, 8000, 0, 0.657625, 0.657625, '1040014720', 451, 0),
(381, 356, 2, 45, 2, 8000, 8000, 8000, 0, 0.500000, 0.500000, '', 0, 0),
(382, 356, 2, 45, 1, 8000, 8000, 8000, 0, 0.500000, 0.500000, '', 0, 0),
(383, 356, 2, 44, 1, 24000, 24000, 24000, 0, 0.500000, 0.500000, '', 0, 0),
(384, 357, 3, 2, 1, 50000, 50000, 50000, 0, 5.400000, 5.400000, '', 0, 0),
(385, 358, 3, 2, 1, 60000, 60000, 60000, 0, 5.400000, 5.400000, '', 0, 0),
(386, 359, 3, 2, 1, 50000, 50000, 50000, 0, 5.400000, 5.400000, '', 0, 0),
(387, 360, 3, 2, 1, 50000, 50000, 50000, 0, 5.400000, 5.400000, '', 0, 0),
(388, 361, 0, 9, 1, 1200, 1200, 1200, 0, 2.300000, 2.300000, '', 0, 0),
(389, 362, 2, 7, 2, 30000, 30000, 30000, 0, 1.500000, 1.500000, '', 0, 0),
(390, 363, 3, 2, 1, 60000, 60000, 60000, 0, 5.400000, 5.400000, '', 0, 0),
(391, 364, 3, 2, 1, 50000, 50000, 50000, 0, 5.400000, 5.400000, '', 0, 0),
(392, 365, 3, 2, 1, 50000, 50000, 50000, 0, 5.400000, 5.400000, '', 0, 0),
(393, 366, 4, 12, 1, 12, 12, 12, 0, 0.337100, 0.337100, '', 0, 0),
(394, 367, 2, 4, 1, 24000, 24000, 24000, 0, 0.620000, 0.620000, '', 0, 0),
(395, 368, 3, 2, 1, 50000, 50000, 50000, 0, 5.400000, 5.400000, '', 0, 0),
(396, 369, 3, 2, 1, 60000, 60000, 60000, 0, 5.400000, 5.400000, '', 0, 0),
(397, 370, 3, 2, 1, 50000, 50000, 50000, 0, 5.400000, 5.400000, '', 0, 0),
(398, 371, 3, 2, 1, 50000, 50000, 50000, 0, 5.400000, 5.400000, '', 0, 0),
(399, 372, 2, 37, 1, 8000, 8000, 8000, 0, 0.288125, 0.288125, '1040014723', 0, 0),
(400, 372, 2, 36, 1, 8000, 8000, 8000, 0, 0.236125, 0.236125, '1040014722', 0, 0),
(401, 372, 2, 35, 1, 8000, 8000, 8000, 0, 0.462125, 0.462125, '1040014721', 0, 0),
(402, 373, 2, 45, 1, 8000, 8000, 8000, 0, 0.785125, 0.785125, '1040014784', 0, 0),
(403, 373, 2, 45, 2, 8000, 8000, 8000, 0, 0.785125, 0.785125, '1040014784', 0, 0),
(404, 373, 2, 44, 1, 24000, 24000, 24000, 0, 0.308600, 0.308600, '1040014783', 0, 0),
(405, 374, 2, 4, 2, 8000, 8000, 8000, 0, 0.620000, 0.620000, '', 0, 0),
(406, 374, 2, 4, 1, 16000, 16000, 16000, 0, 0.620000, 0.620000, '', 0, 0),
(407, 375, 2, 52, 1, 16000, 16000, 16000, 0, 0.400000, 0.400000, '', 0, 0),
(408, 375, 2, 52, 2, 8000, 8000, 8000, 0, 0.400000, 0.400000, '', 0, 0),
(409, 375, 2, 51, 1, 8000, 8000, 8000, 0, 0.400000, 0.400000, '', 0, 0),
(410, 375, 2, 51, 2, 8000, 8000, 8000, 0, 0.400000, 0.400000, '', 0, 0),
(411, 376, 3, 2, 1, 50000, 50000, 50000, 0, 5.400000, 5.400000, '', 0, 0);

-- --------------------------------------------------------

--
-- Table structure for table `trips_drivers_expenses`
--

CREATE TABLE IF NOT EXISTS `trips_drivers_expenses` (
  `id` int(11) NOT NULL AUTO_INCREMENT,
  `driver_id` int(11) NOT NULL,
  `trip_id` int(11) NOT NULL,
  `expense_date` date NOT NULL,
  `description` varchar(200) NOT NULL,
  `amount` float NOT NULL,
  `entryDate` datetime NOT NULL,
  PRIMARY KEY (`id`)
) ENGINE=InnoDB DEFAULT CHARSET=latin1 AUTO_INCREMENT=1 ;

-- --------------------------------------------------------

--
-- Table structure for table `trips_tankers_expenses`
--

CREATE TABLE IF NOT EXISTS `trips_tankers_expenses` (
  `id` int(11) NOT NULL AUTO_INCREMENT,
  `tanker_id` int(11) NOT NULL,
  `trip_id` int(11) NOT NULL,
  `expense_date` date NOT NULL,
  `description` varchar(200) NOT NULL,
  `amount` float NOT NULL,
  `entryDate` datetime NOT NULL,
  PRIMARY KEY (`id`)
) ENGINE=InnoDB  DEFAULT CHARSET=latin1 AUTO_INCREMENT=293 ;

--
-- Dumping data for table `trips_tankers_expenses`
--

INSERT INTO `trips_tankers_expenses` (`id`, `tanker_id`, `trip_id`, `expense_date`, `description`, `amount`, `entryDate`) VALUES
(1, 3, 1, '2014-12-01', 'Tool plaza', 9240, '2014-12-05 12:00:49'),
(2, 3, 1, '2014-12-05', 'service grees', 1500, '2014-12-05 12:01:42'),
(3, 3, 1, '2014-12-05', 'dipu exp', 1300, '2014-12-05 12:02:22'),
(4, 3, 1, '2014-12-05', 'oil chang sabin sootar', 400, '2014-12-05 12:03:10'),
(5, 3, 1, '2014-12-05', 'roti exp', 7000, '2014-12-05 12:03:42'),
(6, 3, 1, '2014-12-05', 'bistray', 2000, '2014-12-05 12:04:33'),
(7, 3, 1, '2014-12-05', 'pankchar', 400, '2014-12-05 12:05:03'),
(8, 3, 1, '2014-12-05', 'weel garees 22', 18650, '2014-12-05 12:05:50'),
(9, 3, 1, '2014-12-05', 'hsd 830 ltr', 84245, '2014-12-05 12:06:35'),
(10, 3, 1, '2014-12-05', 'mobil oil 14 ltr', 5334, '2014-12-05 12:07:26'),
(11, 7, 2, '2014-12-04', 'tool palaza', 9240, '2014-12-05 12:11:08'),
(12, 7, 2, '2014-12-04', 'service grees', 1500, '2014-12-05 12:11:42'),
(13, 7, 2, '2014-12-05', 'dipu exp', 1300, '2014-12-05 12:12:05'),
(14, 7, 2, '2014-12-05', 'oil chang sabin sootar', 400, '2014-12-05 12:12:30'),
(15, 7, 2, '2014-12-05', 'roti exp', 10000, '2014-12-05 12:13:32'),
(16, 7, 2, '2014-12-05', 'bistray', 2000, '2014-12-05 12:13:56'),
(17, 7, 2, '2014-12-05', 'tape exp', 500, '2014-12-05 12:14:30'),
(18, 7, 2, '2014-12-05', 'hsd 810 ltr', 82216, '2014-12-05 12:15:37'),
(19, 7, 2, '2014-12-05', 'mobil oil 14 ltr', 5334, '2014-12-05 12:16:04'),
(20, 12, 31, '2014-12-06', 'Tool plaza', 9240, '2014-12-08 11:45:12'),
(22, 12, 31, '2014-12-06', 'dipu exp', 1300, '2014-12-08 11:46:02'),
(23, 12, 31, '2014-12-06', 'service grees', 1500, '2014-12-08 11:46:28'),
(24, 12, 31, '2014-12-06', 'saban soutar', 400, '2014-12-08 11:47:01'),
(25, 12, 31, '2014-12-06', 'jali air kalinder', 1490, '2014-12-08 11:47:53'),
(26, 12, 31, '2014-12-06', 'roti exp', 6000, '2014-12-08 11:48:19'),
(27, 12, 31, '2014-12-06', 'hsd 733 ltr', 69195, '2014-12-08 11:49:02'),
(28, 12, 31, '2014-12-06', 'mobil oil 14 ltr', 5334, '2014-12-08 11:49:28'),
(29, 9, 18, '2014-12-06', 'Tool plaza', 9240, '2014-12-08 11:53:31'),
(30, 9, 18, '2014-12-06', 'dipu exp', 1300, '2014-12-08 11:54:11'),
(31, 9, 18, '2014-12-06', 'service grees', 1500, '2014-12-08 11:54:51'),
(32, 9, 18, '2014-12-06', 'saban soutar', 400, '2014-12-08 11:55:25'),
(33, 9, 18, '2014-12-06', 'roti exp', 7000, '2014-12-08 11:56:04'),
(34, 9, 18, '2014-12-06', 'tuob lengoder', 3000, '2014-12-08 11:57:43'),
(35, 9, 18, '2014-12-06', 'bill oil filter disel', 1350, '2014-12-08 11:58:40'),
(36, 9, 18, '2014-12-06', '1 addad tire', 150, '2014-12-08 12:00:27'),
(37, 9, 18, '2014-12-06', 'hsd 834 ltr', 78730, '2014-12-08 12:04:08'),
(38, 9, 18, '2014-12-06', 'mobil oil 14 ltr', 5334, '2014-12-08 12:04:48'),
(39, 1, 29, '2014-12-06', 'Tool plaza', 9240, '2014-12-08 19:44:36'),
(40, 1, 29, '2014-12-06', 'service grees', 1500, '2014-12-08 19:45:17'),
(41, 1, 29, '2014-12-06', 'dipu exp', 1300, '2014-12-08 19:45:51'),
(42, 1, 29, '2014-12-06', 'saban soutar', 400, '2014-12-08 19:46:26'),
(43, 1, 29, '2014-12-06', 'roti exp', 6000, '2014-12-08 19:46:59'),
(44, 1, 29, '2014-12-06', 'Tire banwai', 500, '2014-12-08 19:47:49'),
(45, 1, 29, '2014-12-06', 'hsd 767 ltr', 72404, '2014-12-08 19:48:55'),
(46, 1, 29, '2014-12-06', 'mobil oil 14 ltr', 5334, '2014-12-08 19:49:33'),
(47, 2, 30, '2014-12-06', 'Tool plaza', 9240, '2014-12-08 20:35:21'),
(48, 2, 30, '2014-12-06', 'service grees', 1500, '2014-12-08 20:36:07'),
(49, 2, 30, '2014-12-06', 'dipu exp', 1300, '2014-12-08 20:36:41'),
(50, 2, 30, '2014-12-06', 'saban soutar', 400, '2014-12-08 20:37:20'),
(51, 2, 30, '2014-12-06', 'roti exp', 6000, '2014-12-08 20:37:54'),
(52, 2, 30, '2014-12-06', 'lakri gutka', 500, '2014-12-08 20:38:52'),
(53, 2, 30, '2014-12-06', 'tanker welding engal', 500, '2014-12-08 20:39:46'),
(54, 2, 30, '2014-12-06', 'bistar talai', 500, '2014-12-08 20:40:26'),
(55, 2, 30, '2014-12-06', 'sammad + seli kon+jugi rabar', 400, '2014-12-08 20:41:43'),
(56, 2, 30, '2014-12-06', 'hsd 772 ltr', 72876, '2014-12-08 20:42:51'),
(57, 2, 30, '2014-12-06', 'mobil oil 14 ltr', 5334, '2014-12-08 20:43:27'),
(58, 12, 31, '2014-12-09', 'hsd 8ml 82 ltr short', 7535, '2014-12-09 16:44:44'),
(59, 1, 29, '2014-11-05', 'shortage fdk', 100000, '2014-12-11 17:08:45'),
(60, 12, 31, '2014-12-05', 'shortage', 95000, '2014-12-11 17:12:05'),
(61, 9, 18, '2014-12-05', 's', 98250, '2014-12-11 17:13:12'),
(62, 3, 1, '2014-12-03', 'shortage fdk', 105000, '2014-12-11 17:15:11'),
(63, 2, 30, '2014-12-06', 'shortage fdk', 92112, '2014-12-11 17:17:14'),
(64, 7, 2, '2014-12-04', 's', 108000, '2014-12-11 17:26:34'),
(65, 3, 55, '2014-12-08', 'Tool plaza', 9240, '2014-12-11 17:58:05'),
(66, 3, 55, '2014-12-08', 'service grees', 1500, '2014-12-11 18:00:50'),
(67, 3, 55, '2014-12-08', 'dipu exp', 1300, '2014-12-11 18:01:44'),
(68, 3, 55, '2014-12-08', 'saban soutar', 400, '2014-12-11 18:02:18'),
(69, 3, 55, '2014-12-08', 'roti exp', 7000, '2014-12-11 18:02:52'),
(70, 3, 55, '2014-12-08', 'filter', 1100, '2014-12-11 18:04:27'),
(71, 3, 55, '2014-12-08', 'hsd 822 ltr', 77596, '2014-12-11 18:05:42'),
(72, 3, 55, '2014-12-08', 'mobil oil 14 ltr', 5334, '2014-12-11 18:08:25'),
(73, 7, 66, '2014-12-10', 'Tool plaza', 9240, '2014-12-12 16:28:38'),
(74, 7, 66, '2014-12-10', 'service grees', 1500, '2014-12-12 16:29:09'),
(75, 7, 66, '2014-12-10', 'dipu exp', 1300, '2014-12-12 16:29:44'),
(76, 7, 66, '2014-12-10', 'saban soutar', 400, '2014-12-12 16:30:15'),
(77, 7, 66, '2014-12-10', 'roti exp', 8000, '2014-12-12 16:30:42'),
(78, 7, 66, '2014-12-10', 'pankchar', 300, '2014-12-12 16:31:40'),
(79, 7, 66, '2014-12-10', 'filter', 1190, '2014-12-12 16:32:10'),
(80, 7, 66, '2014-12-10', 'wheel kon+repair', 935, '2014-12-12 16:55:20'),
(81, 7, 66, '2014-12-10', 'hsd 786 ltr', 74198, '2014-12-12 16:56:18'),
(82, 7, 66, '2014-12-10', 'mobil oil 14 ltr', 5334, '2014-12-12 16:56:44'),
(83, 3, 55, '1014-12-09', 'shortage fdk', 99200, '2014-12-13 10:19:52'),
(84, 7, 66, '2014-12-10', 'shortage fdk', 94300, '2014-12-13 10:24:44'),
(85, 2, 74, '2014-12-11', 'Tool plaza', 9240, '2014-12-15 15:46:36'),
(86, 2, 74, '2014-12-11', 'service grees', 1500, '2014-12-15 15:47:17'),
(87, 2, 74, '2014-12-11', 'dipu exp', 1300, '2014-12-15 15:47:49'),
(88, 2, 74, '2014-12-11', 'oil chang sabin sootar', 400, '2014-12-15 15:48:25'),
(89, 2, 74, '2014-12-11', 'roti exp', 5000, '2014-12-15 15:48:55'),
(90, 2, 74, '2014-12-11', 'Tire rent + badli', 900, '2014-12-15 15:50:21'),
(91, 2, 74, '2014-12-11', 'chalan motorway', 800, '2014-12-15 15:51:05'),
(92, 2, 74, '2014-12-11', 'air calendar jali', 1500, '2014-12-15 15:51:43'),
(93, 2, 74, '2014-12-11', 'filter', 1100, '2014-12-15 15:52:14'),
(94, 2, 74, '2014-12-11', 'hsd 786 ltr', 74199, '2014-12-15 15:53:19'),
(95, 2, 74, '2014-12-11', 'mobil oil 14 ltr', 5334, '2014-12-15 15:53:56'),
(96, 9, 73, '2014-12-11', 'Tool plaza', 9240, '2014-12-15 15:59:44'),
(97, 9, 73, '2014-12-11', 'service grees', 1500, '2014-12-15 16:00:15'),
(98, 9, 73, '2014-12-11', 'dipu exp', 1300, '2014-12-15 16:00:44'),
(99, 9, 73, '2014-12-11', 'oil chang sabin sootar', 400, '2014-12-15 16:01:12'),
(100, 9, 73, '2014-12-11', 'roti exp', 5000, '2014-12-15 16:01:47'),
(101, 9, 73, '2014-12-11', 'bumpar beem 2 addad', 850, '2014-12-15 16:02:50'),
(102, 9, 73, '2014-12-11', 'bettri tezab +polish', 770, '2014-12-15 16:05:03'),
(103, 9, 73, '2014-12-11', 'hsd 722 ltr', 68156, '2014-12-15 16:07:47'),
(104, 9, 73, '2014-12-11', 'mobil oil 14 ltr', 5334, '2014-12-15 16:08:13'),
(105, 31, 79, '2014-12-11', 'Tool plaza', 8790, '2014-12-15 16:54:17'),
(106, 31, 79, '2014-12-11', 'roti exp', 9100, '2014-12-15 16:54:46'),
(107, 31, 79, '2014-12-11', 'service grees', 450, '2014-12-15 16:56:15'),
(108, 31, 79, '2014-12-11', 'police exp', 1000, '2014-12-15 16:57:06'),
(109, 31, 79, '2014-12-11', 'filter + garees balti', 860, '2014-12-15 16:57:52'),
(110, 31, 79, '2014-12-11', 'hawa chak+saban +pinktchar+chowkidar', 600, '2014-12-15 16:59:21'),
(111, 31, 79, '2014-12-11', 'mobile balance + karaya', 500, '2014-12-15 17:00:31'),
(112, 31, 79, '2014-12-11', 'hsd 800 ltr', 75520, '2014-12-15 17:01:18'),
(113, 9, 73, '2014-12-13', 'shortage fdk', 93200, '2014-12-16 10:17:11'),
(114, 2, 74, '2014-12-13', 'shortage fdk', 99120, '2014-12-16 10:19:13'),
(115, 12, 87, '2014-12-12', 'Tool plaza', 9240, '2014-12-16 11:37:37'),
(116, 12, 87, '2014-12-12', 'service grees', 1500, '2014-12-16 11:40:25'),
(117, 12, 87, '2014-12-12', 'dipu exp', 1300, '2014-12-16 11:41:14'),
(118, 12, 87, '2014-12-12', 'oil chang sabin sootar', 400, '2014-12-16 11:42:29'),
(119, 12, 87, '2014-12-12', 'oil filter hsd', 1350, '2014-12-16 11:43:40'),
(120, 12, 87, '2014-12-12', 'light beem 2 addad', 700, '2014-12-16 11:44:40'),
(121, 12, 87, '2014-12-12', 'rad shesha welding', 150, '2014-12-16 11:45:32'),
(122, 12, 87, '2014-12-12', 'fitness banwai', 500, '2014-12-16 11:46:16'),
(123, 12, 87, '2014-12-12', 'roti exp', 8000, '2014-12-16 11:46:58'),
(124, 12, 87, '2014-12-12', 'hsd 710 ltr', 67024, '2014-12-16 11:47:54'),
(125, 12, 87, '2014-12-12', 'mobil oil 14 ltr', 5334, '2014-12-16 11:48:24'),
(126, 1, 86, '2014-12-12', 'Tool plaza', 9240, '2014-12-16 11:51:11'),
(127, 1, 86, '2014-12-12', 'service grees', 1500, '2014-12-16 11:54:05'),
(128, 1, 86, '2014-12-12', 'dipu exp', 1300, '2014-12-16 11:54:37'),
(129, 1, 86, '2014-12-12', 'oil chang sabin sootar', 400, '2014-12-16 11:55:23'),
(130, 1, 86, '2014-12-12', 'roti exp', 8000, '2014-12-16 11:56:01'),
(131, 1, 86, '2014-12-12', 'hsd 780 ltr', 73632, '2014-12-16 11:57:05'),
(132, 1, 86, '2014-12-12', 'mobil oil 14 ltr', 5334, '2014-12-16 11:57:37'),
(133, 3, 88, '2014-12-12', 'Tool plaza', 9240, '2014-12-16 12:00:00'),
(134, 3, 88, '2014-12-12', 'service grees', 1500, '2014-12-16 12:00:35'),
(135, 3, 88, '2014-12-12', 'dipu exp', 1300, '2014-12-16 12:01:08'),
(136, 3, 88, '2014-12-12', 'oil chang sabin sootar', 400, '2014-12-16 12:01:39'),
(137, 3, 88, '2014-12-12', 'teuob 110020', 2200, '2014-12-16 12:02:41'),
(138, 3, 88, '2014-12-12', 'hsd 833 ltr', 78635, '2014-12-16 12:03:35'),
(139, 3, 88, '2014-12-12', 'mobil oil 14 ltr', 5334, '2014-12-16 12:03:59'),
(140, 1, 86, '2014-12-16', 'shortage fdk', 102200, '2014-12-16 14:54:45'),
(141, 3, 88, '2014-12-16', 'shortage fdk', 102200, '2014-12-16 14:55:58'),
(142, 12, 87, '2014-12-16', 'shortage fdk', 92400, '2014-12-16 14:57:04'),
(143, 2, 97, '2014-12-16', 'Tool plaza', 9240, '2014-12-18 19:19:51'),
(144, 2, 97, '2014-12-16', 'service grees', 1500, '2014-12-18 19:20:29'),
(145, 2, 97, '2014-12-16', 'dipu exp', 1300, '2014-12-18 19:21:42'),
(146, 2, 97, '2014-12-16', 'oil chang sabin sootar', 400, '2014-12-18 19:22:49'),
(147, 2, 97, '2014-12-16', 'rakab rabar', 400, '2014-12-18 19:23:21'),
(148, 2, 97, '2014-12-16', 'tire badli+pincture+gets', 1100, '2014-12-18 19:24:58'),
(149, 2, 97, '2014-12-16', 'roti exp', 5000, '2014-12-18 19:25:24'),
(150, 2, 97, '2014-12-16', 'hsd 779 ltr', 73537, '2014-12-18 19:26:15'),
(151, 2, 97, '2014-12-16', 'mobil oil 14 ltr', 5334, '2014-12-18 19:29:04'),
(152, 9, 98, '2014-12-16', 'Tool plaza', 9240, '2014-12-18 19:32:00'),
(153, 9, 98, '2014-12-16', 'service grees', 1500, '2014-12-18 19:32:28'),
(154, 9, 98, '2014-12-16', 'dipu exp', 1300, '2014-12-18 19:33:01'),
(155, 9, 98, '2014-12-16', 'oil chang sabin sootar', 400, '2014-12-18 19:33:26'),
(156, 9, 98, '2014-12-16', 'roti exp', 5000, '2014-12-18 19:33:54'),
(157, 9, 98, '2014-12-16', 'electriation exp', 190, '2014-12-18 19:34:49'),
(158, 9, 98, '2014-12-16', 'hsd 718 ltr', 67780, '2014-12-18 19:35:36'),
(159, 9, 98, '2014-12-16', 'mobil oil 14 ltr', 5334, '2014-12-18 19:35:55'),
(160, 7, 99, '2014-12-16', 'Tool plaza', 9240, '2014-12-18 20:09:50'),
(161, 7, 99, '2014-12-16', 'service grees', 1500, '2014-12-18 20:10:16'),
(162, 7, 99, '2014-12-16', 'dipu exp', 1300, '2014-12-18 20:10:43'),
(163, 7, 99, '2014-12-16', 'oil chang sabin sootar', 400, '2014-12-18 20:11:14'),
(164, 7, 99, '2014-12-16', 'roti exp', 6000, '2014-12-18 20:11:43'),
(165, 7, 99, '2014-12-16', 'faront bumpar repair', 1000, '2014-12-18 20:12:43'),
(166, 7, 99, '2014-12-16', 'hsd 851 ltr', 80334, '2014-12-18 20:13:24'),
(167, 7, 99, '2014-12-16', 'mobil oil 14 ltr', 5334, '2014-12-18 20:13:45'),
(168, 2, 97, '2014-12-19', 'shortage fdk', 98120, '2014-12-19 10:32:41'),
(169, 7, 99, '2014-12-19', 'shortage fdk', 99520, '2014-12-19 10:34:17'),
(170, 9, 98, '2014-12-19', 'shortage fdk', 88230, '2014-12-19 10:35:29'),
(171, 1, 121, '2014-12-20', 'Tool plaza', 9240, '2014-12-22 13:41:28'),
(172, 1, 121, '2014-12-20', 'service grees', 1500, '2014-12-22 13:41:58'),
(173, 1, 121, '2014-12-20', 'dipu exp', 1300, '2014-12-22 13:42:29'),
(174, 1, 121, '2014-12-20', 'oil chang sabin sootar', 400, '2014-12-22 13:42:55'),
(175, 1, 121, '2014-12-20', 'chalan motorway', 1000, '2014-12-22 13:43:30'),
(176, 1, 121, '2014-12-20', 'oil filter', 580, '2014-12-22 13:44:11'),
(177, 1, 121, '2014-12-20', 'roti exp', 6000, '2014-12-22 13:44:40'),
(178, 1, 121, '2014-12-20', 'hsd 785 ltr', 74104, '2014-12-22 13:45:58'),
(179, 1, 121, '2014-12-20', 'mobil oil 14 ltr', 5334, '2014-12-22 13:47:23'),
(180, 3, 122, '2014-12-20', 'Tool plaza', 9240, '2014-12-22 13:49:17'),
(181, 3, 122, '2014-12-20', 'service grees', 1500, '2014-12-22 13:52:21'),
(182, 3, 122, '2014-12-20', 'dipu exp', 1300, '2014-12-22 13:53:03'),
(183, 3, 122, '2014-12-20', 'oil chang sabin sootar', 400, '2014-12-22 13:53:31'),
(184, 3, 122, '2014-12-20', 'roti exp', 6000, '2014-12-22 13:54:00'),
(185, 3, 122, '2014-12-20', 'air calendar jali', 1050, '2014-12-22 13:54:33'),
(186, 3, 122, '2014-12-20', 'filter Set', 1100, '2014-12-22 13:55:13'),
(187, 3, 122, '2014-12-20', 'weel kable 8 add+garees +mazdori', 6250, '2014-12-22 14:02:53'),
(188, 3, 122, '2014-12-20', 'hsd 849 ltr', 80145, '2014-12-22 14:03:55'),
(189, 3, 122, '2014-12-20', 'mobil oil 14 ltr', 5334, '2014-12-22 14:04:33'),
(190, 1, 121, '2014-12-22', 'shortage fdk', 104200, '2014-12-22 15:22:09'),
(191, 3, 122, '2014-12-22', 'shortage fdk', 106920, '2014-12-22 15:23:11'),
(192, 3, 1, '2014-12-09', 'HSD SHORT 82 LTR KHALID BLOUCH@90.609', 7430, '2014-12-23 10:36:03'),
(193, 9, 132, '2014-12-20', 'Tool plaza', 9240, '2014-12-23 19:47:35'),
(194, 9, 132, '2014-12-20', 'service grees', 1500, '2014-12-23 19:48:13'),
(195, 9, 132, '2014-12-20', 'depo exp', 1300, '2014-12-23 19:48:47'),
(196, 9, 132, '2014-12-20', 'oil chang saban soutar', 400, '2014-12-23 19:49:42'),
(197, 9, 132, '2014-12-20', 'roti exp', 5000, '2014-12-23 19:50:09'),
(198, 9, 132, '2014-12-20', 'hsd filter', 450, '2014-12-23 19:50:39'),
(199, 9, 132, '2014-12-20', 'hsd 735 ltr', 69384, '2014-12-23 19:51:27'),
(200, 9, 132, '2014-12-20', 'mobal oil 14 ltr', 5334, '2014-12-23 19:52:54'),
(201, 2, 131, '2014-12-20', 'Tool plaza', 9240, '2014-12-23 19:54:37'),
(202, 2, 131, '2014-12-20', 'service grees', 1500, '2014-12-23 19:54:59'),
(203, 2, 131, '2014-12-20', 'depo exp', 1300, '2014-12-23 19:55:26'),
(204, 2, 131, '2014-12-20', 'oil chang saban soutar', 400, '2014-12-23 19:55:49'),
(205, 2, 131, '2014-12-20', 'roti exp', 5000, '2014-12-23 19:56:12'),
(206, 2, 131, '2014-12-20', 'razai cambal', 1000, '2014-12-23 19:56:53'),
(207, 2, 131, '2014-12-20', 'hsd 783 ltr', 73915, '2014-12-23 19:57:32'),
(208, 2, 131, '2014-12-20', 'mobal oil 14 ltr', 5334, '2014-12-23 19:57:50'),
(209, 12, 123, '2014-12-20', 'Tool plaza', 9240, '2014-12-24 18:37:33'),
(210, 12, 123, '2014-12-20', 'service grees', 1500, '2014-12-24 18:38:00'),
(211, 12, 123, '2014-12-20', 'depo exp', 1300, '2014-12-24 18:38:29'),
(212, 12, 123, '2014-12-20', 'oil chang saban soutar', 400, '2014-12-24 18:38:55'),
(213, 12, 123, '2014-12-20', 'Stairing cover', 200, '2014-12-24 18:40:03'),
(214, 12, 123, '2014-12-20', 'bettri tazab', 200, '2014-12-24 18:40:36'),
(215, 12, 123, '2014-12-20', '2 wheel chal niklwi', 200, '2014-12-24 18:41:13'),
(216, 12, 123, '2014-12-20', 'roti exp', 7000, '2014-12-24 18:41:38'),
(217, 12, 123, '2014-12-20', 'hsd 761 ltr', 71838, '2014-12-24 18:42:32'),
(218, 12, 123, '2014-12-20', 'mobil oil 14 ltr', 5334, '2014-12-24 18:43:13'),
(219, 31, 130, '2014-12-20', 'Tool plaza', 9200, '2014-12-24 19:08:23'),
(220, 31, 130, '2014-12-20', 'service grees', 1500, '2014-12-24 19:08:59'),
(221, 31, 130, '2014-12-20', 'depo exp', 1350, '2014-12-24 19:09:26'),
(222, 31, 130, '2014-12-20', 'filter', 1000, '2014-12-24 19:10:05'),
(223, 31, 130, '2014-12-20', 'roti exp', 9000, '2014-12-24 19:10:28'),
(224, 31, 130, '2014-12-20', 'thrmostate wall', 1000, '2014-12-24 19:11:08'),
(225, 31, 130, '2014-12-20', 'braik oil', 950, '2014-12-24 19:11:47'),
(226, 31, 130, '2014-12-20', 'pinctur', 1500, '2014-12-24 19:12:22'),
(227, 31, 130, '2014-12-20', 'kaluch batton haron repair', 400, '2014-12-24 19:13:03'),
(228, 31, 130, '2014-12-20', 'kaluch repair', 850, '2014-12-24 19:13:45'),
(229, 31, 130, '2014-12-20', 'haron +electration', 850, '2014-12-24 19:14:43'),
(230, 31, 130, '2014-12-20', 'braik switch+tar', 670, '2014-12-24 19:15:28'),
(231, 31, 130, '2014-12-20', 'hsd 773 ltr', 72971, '2014-12-24 19:16:59'),
(232, 31, 130, '2014-12-20', 'mobil oil 14 ltr', 5400, '2014-12-24 19:17:41'),
(233, 1, 150, '2014-12-25', 'Tool plaza', 9240, '2014-12-31 14:46:44'),
(234, 1, 150, '2014-12-25', 'service grees', 1500, '2014-12-31 14:47:16'),
(235, 1, 150, '2014-12-25', 'depo exp', 1300, '2014-12-31 14:47:55'),
(236, 1, 150, '2014-12-25', 'oil chang saban soutar', 400, '2014-12-31 14:48:20'),
(237, 1, 150, '2014-12-25', 'roti exp', 8000, '2014-12-31 14:48:49'),
(238, 1, 150, '2014-12-25', 'tire rent 6 adad', 600, '2014-12-31 14:49:38'),
(239, 1, 150, '2014-12-25', 'front beem', 260, '2014-12-31 14:50:07'),
(240, 1, 150, '2014-12-25', 'hsd 775 ltr', 73160, '2014-12-31 14:53:04'),
(241, 1, 150, '2014-12-25', 'mobil oil 14 ltr', 5040, '2014-12-31 14:53:46'),
(242, 2, 151, '2014-12-25', 'Tool plaza', 9240, '2014-12-31 15:04:47'),
(243, 2, 151, '2014-12-25', 'service grees', 1500, '2014-12-31 15:05:15'),
(244, 2, 151, '2014-12-25', 'depo exp', 1300, '2014-12-31 15:05:45'),
(245, 2, 151, '2014-12-25', 'oil chang saban soutar', 400, '2014-12-31 15:06:12'),
(246, 2, 151, '2014-12-25', 'dakhun doori', 500, '2014-12-31 15:07:18'),
(247, 2, 151, '2014-12-25', 'filter', 1110, '2014-12-31 15:07:44'),
(248, 2, 151, '2014-12-25', 'electration bill', 1050, '2014-12-31 15:08:22'),
(249, 2, 151, '2014-12-25', 'roti exp', 7000, '2014-12-31 15:08:50'),
(250, 2, 151, '2014-12-25', 'hsd 781 ltr', 73726, '2014-12-31 15:09:28'),
(251, 2, 151, '2014-12-25', 'mobil oil 14 ltr', 5040, '2014-12-31 15:09:54'),
(252, 7, 153, '2014-12-25', 'Tool plaza', 9240, '2015-01-02 13:05:15'),
(253, 7, 153, '2014-12-25', 'service grees', 1500, '2015-01-02 13:05:45'),
(254, 7, 153, '2014-12-25', 'depo exp', 1300, '2015-01-02 13:06:25'),
(255, 7, 153, '2014-12-25', 'oil chang saban soutar', 400, '2015-01-02 13:06:54'),
(256, 7, 153, '2014-12-25', 'roti exp', 14000, '2015-01-02 13:07:28'),
(257, 7, 153, '2014-12-25', 'filter', 1100, '2015-01-02 13:07:56'),
(258, 7, 153, '2014-12-25', 'gool shesha', 600, '2015-01-02 13:08:31'),
(259, 7, 153, '2014-12-25', 'hsd 804 ltr', 75897, '2015-01-02 13:09:45'),
(260, 7, 153, '2014-12-25', 'mobil oil 14 ltr', 5040, '2015-01-02 13:10:13'),
(261, 3, 160, '2014-12-25', 'tool plaza', 9240, '2015-01-05 20:12:10'),
(262, 3, 160, '2014-12-25', 'service garees', 1500, '2015-01-05 20:15:01'),
(263, 3, 160, '2014-12-25', 'depo exp', 1300, '2015-01-05 20:15:47'),
(264, 3, 160, '2014-12-25', 'oil change saban soutar', 400, '2015-01-05 20:16:42'),
(265, 3, 160, '2014-12-25', 'roti exp', 14000, '2015-01-05 20:17:21'),
(266, 3, 160, '2014-12-25', 'wheel kon size', 1325, '2015-01-05 20:18:15'),
(267, 3, 160, '2014-12-25', 'pincture', 600, '2015-01-05 20:18:53'),
(268, 3, 160, '2014-12-25', 'medicine driver', 500, '2015-01-05 20:19:26'),
(269, 3, 160, '2014-12-25', 'hsd 847 ltr', 79976, '2015-01-05 20:20:23'),
(270, 3, 160, '2014-12-25', 'mobil oil 14 ltr', 5040, '2015-01-05 20:21:08'),
(271, 2, 196, '2015-01-05', 'tool plaza', 9240, '2015-01-08 11:51:56'),
(272, 2, 196, '2015-01-05', 'service garees', 1500, '2015-01-08 11:52:58'),
(273, 2, 196, '2015-01-05', 'depo exp', 1300, '2015-01-08 11:53:41'),
(274, 2, 196, '2015-01-05', 'oil change & saban soutar', 400, '2015-01-08 11:55:03'),
(275, 2, 196, '2015-01-05', 'roti exp', 9000, '2015-01-08 11:55:56'),
(276, 2, 196, '2015-01-05', 'cabbin ghutke', 4000, '2015-01-08 11:56:53'),
(277, 2, 196, '2015-01-05', 'excise jarmana', 500, '2015-01-08 11:57:53'),
(278, 2, 196, '2015-01-05', 'kamani mazdori', 500, '2015-01-08 11:58:33'),
(279, 2, 196, '2015-01-05', 'pincture', 200, '2015-01-08 11:59:09'),
(280, 2, 196, '2015-01-05', 'hsd 801 ltr', 75614, '2015-01-08 11:59:57'),
(281, 2, 196, '2015-01-05', 'mobil oil 14 ltr', 5040, '2015-01-08 12:00:41'),
(282, 1, 198, '2015-01-05', 'tool plaza', 9240, '2015-01-09 18:24:42'),
(283, 1, 198, '2015-01-05', 'service garees', 1500, '2015-01-09 18:25:08'),
(284, 1, 198, '2015-01-05', 'depo exp', 1300, '2015-01-09 18:25:32'),
(285, 1, 198, '2015-01-05', 'oil change & saban soutar', 400, '2015-01-09 18:26:03'),
(286, 1, 198, '2015-01-05', 'filter', 1020, '2015-01-09 18:26:35'),
(287, 1, 198, '2015-01-05', 'yellow light dhund', 330, '2015-01-09 18:27:25'),
(288, 1, 198, '2015-01-05', 'pincture', 600, '2015-01-09 18:27:52'),
(289, 1, 198, '2015-01-05', 'roti exp', 10000, '2015-01-09 18:28:18'),
(290, 1, 198, '2015-01-05', 'cpi exp', 1000, '2015-01-09 18:28:56'),
(291, 1, 198, '2015-01-05', 'hsd 790 ltr', 74576, '2015-01-09 18:29:49'),
(292, 1, 198, '2015-01-05', 'mobil oil 14 ltr', 5040, '2015-01-09 18:30:12');

-- --------------------------------------------------------

--
-- Table structure for table `trip_detail_voucher_relation`
--

CREATE TABLE IF NOT EXISTS `trip_detail_voucher_relation` (
  `id` int(11) NOT NULL AUTO_INCREMENT,
  `voucher_id` int(11) NOT NULL,
  `trip_detail_id` int(11) NOT NULL,
  PRIMARY KEY (`id`)
) ENGINE=InnoDB DEFAULT CHARSET=latin1 AUTO_INCREMENT=1 ;

-- --------------------------------------------------------

--
-- Table structure for table `voucher_entry`
--

CREATE TABLE IF NOT EXISTS `voucher_entry` (
  `id` int(11) NOT NULL AUTO_INCREMENT,
  `ac_type` varchar(20) NOT NULL,
  `account_title_id` int(11) NOT NULL,
  `description` text NOT NULL,
  `related_other_agent` int(11) NOT NULL DEFAULT '0',
  `related_customer` int(11) NOT NULL,
  `related_contractor` int(11) NOT NULL,
  `related_company` int(11) NOT NULL DEFAULT '0',
  `credit_amount` double NOT NULL,
  `debit_amount` double NOT NULL,
  `dr_cr` tinyint(4) NOT NULL,
  `journal_voucher_id` int(11) NOT NULL,
  PRIMARY KEY (`id`)
) ENGINE=InnoDB  DEFAULT CHARSET=latin1 AUTO_INCREMENT=945 ;

--
-- Dumping data for table `voucher_entry`
--

INSERT INTO `voucher_entry` (`id`, `ac_type`, `account_title_id`, `description`, `related_other_agent`, `related_customer`, `related_contractor`, `related_company`, `credit_amount`, `debit_amount`, `dr_cr`, `journal_voucher_id`) VALUES
(1, 'expense', 18, 'tool plaza', 0, 0, 0, 0, 0, 9240, 1, 1),
(2, 'payable', 3, 'tool plaza', 1, 0, 0, 0, 9240, 0, 0, 1),
(3, 'expense', 26, 'service greece', 0, 0, 0, 0, 0, 1500, 1, 2),
(4, 'payable', 3, 'service greece', 1, 0, 0, 0, 1500, 0, 0, 2),
(5, 'expense', 23, '', 0, 0, 0, 0, 0, 500, 1, 3),
(6, 'payable', 3, 'oil change & sabun suter', 1, 0, 0, 0, 500, 0, 0, 3),
(7, 'expense', 27, 'depo exp', 0, 0, 0, 0, 0, 1300, 1, 4),
(8, 'payable', 3, 'dipo exp', 1, 0, 0, 0, 1300, 0, 0, 4),
(9, 'expense', 23, 'oil change saban soutar', 0, 0, 0, 0, 0, 400, 1, 5),
(10, 'payable', 3, 'oil change saban soutar', 1, 0, 0, 0, 400, 0, 0, 5),
(11, 'expense', 24, 'front beem', 0, 0, 0, 0, 0, 500, 1, 6),
(12, 'payable', 3, 'front beem', 1, 0, 0, 0, 500, 0, 0, 6),
(13, 'expense', 19, 'meal expence', 0, 0, 0, 0, 0, 11000, 1, 7),
(14, 'payable', 3, 'meal expence', 1, 0, 0, 0, 11000, 0, 0, 7),
(15, 'expense', 24, 'pmc custom expense', 0, 0, 0, 0, 0, 700, 1, 8),
(16, 'payable', 3, 'pmc custom expense', 1, 0, 0, 0, 700, 0, 0, 8),
(17, 'expense', 24, 'pincture gettes', 0, 0, 0, 0, 0, 500, 1, 9),
(18, 'payable', 3, 'pincture gettes', 1, 0, 0, 0, 500, 0, 0, 9),
(19, 'expense', 17, '14ltr lube', 0, 0, 0, 0, 0, 5020, 1, 10),
(20, 'payable', 3, '14ltr lube', 1, 0, 0, 0, 5020, 0, 0, 10),
(21, 'expense', 1, 'hsd 852 ltr', 0, 0, 0, 0, 0, 73843, 1, 11),
(22, 'payable', 3, 'hsd 852 ltr', 2, 0, 0, 0, 73843, 0, 0, 11),
(23, 'expense', 18, 'tool plaza', 0, 0, 0, 0, 0, 9460, 1, 12),
(24, 'payable', 3, 'tool plaza', 1, 0, 0, 0, 9460, 0, 0, 12),
(25, 'expense', 26, 'service greece', 0, 0, 0, 0, 0, 1500, 1, 13),
(26, 'payable', 3, 'service greece', 1, 0, 0, 0, 1500, 0, 0, 13),
(27, 'expense', 23, 'oil change saban soutar', 0, 0, 0, 0, 0, 500, 1, 14),
(28, 'payable', 3, 'oil change & sabun suter', 1, 0, 0, 0, 500, 0, 0, 14),
(29, 'expense', 27, 'depo exp', 0, 0, 0, 0, 0, 1800, 1, 15),
(30, 'payable', 3, 'depo exp', 1, 0, 0, 0, 1800, 0, 0, 15),
(31, 'expense', 20, 'Filter expense', 0, 0, 0, 0, 0, 1350, 1, 16),
(32, 'payable', 3, 'Filter expense', 1, 0, 0, 0, 1350, 0, 0, 16),
(33, 'expense', 24, 'shoukat medicine', 0, 0, 0, 0, 0, 2000, 1, 17),
(34, 'payable', 3, 'shoukat medicine', 1, 0, 0, 0, 2000, 0, 0, 17),
(35, 'expense', 19, 'meal expense', 0, 0, 0, 0, 0, 24000, 1, 18),
(36, 'payable', 3, 'meal expense', 1, 0, 0, 0, 24000, 0, 0, 18),
(37, 'expense', 23, 'oil change saban soutar', 0, 0, 0, 0, 0, 400, 1, 19),
(38, 'payable', 3, 'oi change saban soutar', 1, 0, 0, 0, 400, 0, 0, 19),
(39, 'expense', 1, 'hsd 780 ltr', 0, 0, 0, 0, 0, 73632, 1, 20),
(40, 'payable', 3, 'hsd 780 ltr', 2, 0, 0, 0, 73632, 0, 0, 20),
(41, 'expense', 17, 'mobil oil 14 ltr', 0, 0, 0, 0, 0, 5020, 1, 21),
(42, 'payable', 3, 'mobil oil 14 ltr', 1, 0, 0, 0, 5020, 0, 0, 21),
(43, 'expense', 18, 'tool plaza', 0, 0, 0, 0, 0, 9240, 1, 22),
(44, 'payable', 3, 'tool plaza', 1, 0, 0, 0, 9240, 0, 0, 22),
(45, 'expense', 26, 'service greece', 0, 0, 0, 0, 0, 1500, 1, 23),
(46, 'payable', 3, 'service greece', 1, 0, 0, 0, 1500, 0, 0, 23),
(47, 'expense', 23, '', 0, 0, 0, 0, 0, 500, 1, 24),
(48, 'payable', 3, 'oil change & sabun suter', 1, 0, 0, 0, 500, 0, 0, 24),
(49, 'expense', 27, 'depo exp', 0, 0, 0, 0, 0, 1500, 1, 25),
(50, 'payable', 3, 'depo exp', 1, 0, 0, 0, 1500, 0, 0, 25),
(51, 'expense', 23, 'oil change saban soutar', 0, 0, 0, 0, 0, 400, 1, 26),
(52, 'payable', 3, 'oi change saban soutar', 1, 0, 0, 0, 400, 0, 0, 26),
(53, 'expense', 19, 'meal expense', 0, 0, 0, 0, 0, 20000, 1, 27),
(54, 'payable', 3, 'meal expense', 1, 0, 0, 0, 20000, 0, 0, 27),
(55, 'expense', 24, 'side shesha', 0, 0, 0, 0, 0, 900, 1, 28),
(56, 'payable', 3, 'side shesha', 1, 0, 0, 0, 900, 0, 0, 28),
(57, 'expense', 24, 'gress+kapray', 0, 0, 0, 0, 0, 440, 1, 29),
(58, 'payable', 3, 'grees+kapray', 1, 0, 0, 0, 440, 0, 0, 29),
(59, 'expense', 24, 'lock tool', 0, 0, 0, 0, 0, 290, 1, 30),
(60, 'payable', 3, 'lock tool', 1, 0, 0, 0, 290, 0, 0, 30),
(61, 'expense', 24, 'tun plate repair', 0, 0, 0, 0, 0, 4000, 1, 31),
(62, 'payable', 3, 'tun plate repair', 1, 0, 0, 0, 4000, 0, 0, 31),
(63, 'expense', 17, 'mobil oil 14 ltr', 0, 0, 0, 0, 0, 5020, 1, 32),
(64, 'payable', 3, 'mobil oil 14 ltr', 1, 0, 0, 0, 5020, 0, 0, 32),
(65, 'expense', 1, 'hsd 854 ltr', 0, 0, 0, 0, 0, 81090, 1, 33),
(66, 'payable', 3, 'hsd 854 ltr', 2, 0, 0, 0, 81090, 0, 0, 33),
(67, 'expense', 18, 'tool plaza', 0, 0, 0, 0, 0, 9240, 1, 34),
(68, 'payable', 3, 'tool plaza', 1, 0, 0, 0, 9240, 0, 0, 34),
(69, 'expense', 26, 'Servies', 0, 0, 0, 0, 0, 1000, 1, 35),
(70, 'payable', 3, 'Servies', 1, 0, 0, 0, 1000, 0, 0, 35),
(71, 'expense', 23, 'oil change saban soutar', 0, 0, 0, 0, 0, 500, 1, 36),
(72, 'payable', 3, 'oil change & sabun suter', 1, 0, 0, 0, 500, 0, 0, 36),
(73, 'expense', 27, 'depo exp', 0, 0, 0, 0, 0, 1700, 1, 37),
(74, 'payable', 3, 'depo exp', 1, 0, 0, 0, 1700, 0, 0, 37),
(75, 'expense', 23, 'oil change+saban soutar', 0, 0, 0, 0, 0, 400, 1, 38),
(76, 'payable', 3, 'oil change+saban soutaar', 1, 0, 0, 0, 400, 0, 0, 38),
(77, 'expense', 19, 'meal expense', 0, 0, 0, 0, 0, 9000, 1, 39),
(78, 'payable', 3, 'meal expense', 1, 0, 0, 0, 9000, 0, 0, 39),
(79, 'expense', 21, 'chalan', 0, 0, 0, 0, 0, 500, 1, 40),
(80, 'payable', 3, 'chalan', 1, 0, 0, 0, 500, 0, 0, 40),
(81, 'expense', 24, 'tan plate repiar', 0, 0, 0, 0, 0, 4300, 1, 41),
(82, 'payable', 3, 'tan plate repair', 1, 0, 0, 0, 4300, 0, 0, 41),
(83, 'expense', 20, 'Filter expense', 0, 0, 0, 0, 0, 1020, 1, 42),
(84, 'payable', 3, 'Filter expense', 1, 0, 0, 0, 1020, 0, 0, 42),
(85, 'expense', 24, 'green tan plate', 0, 0, 0, 0, 0, 545, 1, 43),
(86, 'payable', 3, 'green tan plate', 1, 0, 0, 0, 545, 0, 0, 43),
(87, 'expense', 28, 'pincture', 0, 0, 0, 0, 0, 600, 1, 44),
(88, 'payable', 3, 'pincture', 1, 0, 0, 0, 600, 0, 0, 44),
(89, 'expense', 27, 'bakri depo exp', 0, 0, 0, 0, 0, 500, 1, 45),
(90, 'payable', 3, 'bakre depo exp', 1, 0, 0, 0, 500, 0, 0, 45),
(91, 'expense', 17, '14 ltr mobil', 0, 0, 0, 0, 0, 5040, 1, 46),
(92, 'payable', 3, '14ltr mobil', 1, 0, 0, 0, 5040, 0, 0, 46),
(93, 'expense', 1, 'hsd 875 ltr', 0, 0, 0, 0, 0, 75775, 1, 47),
(94, 'payable', 3, 'hsd 875 ltr', 2, 0, 0, 0, 75775, 0, 0, 47),
(95, 'expense', 18, 'tool plaza', 0, 0, 0, 0, 0, 9240, 1, 48),
(96, 'payable', 3, 'tool plaza', 1, 0, 0, 0, 9240, 0, 0, 48),
(97, 'expense', 26, 'Servies', 0, 0, 0, 0, 0, 1000, 1, 49),
(98, 'payable', 3, 'Servies', 1, 0, 0, 0, 1000, 0, 0, 49),
(99, 'expense', 26, 'Greece', 0, 0, 0, 0, 0, 500, 1, 50),
(100, 'payable', 3, 'Greece', 1, 0, 0, 0, 500, 0, 0, 50),
(101, 'expense', 23, 'oil change+saban soutar', 0, 0, 0, 0, 0, 400, 1, 51),
(102, 'payable', 3, 'oil change+saban soutaar', 1, 0, 0, 0, 400, 0, 0, 51),
(103, 'expense', 19, 'meal expense', 0, 0, 0, 0, 0, 6000, 1, 52),
(104, 'payable', 3, 'meal expense', 1, 0, 0, 0, 6000, 0, 0, 52),
(105, 'expense', 27, 'depo exp', 0, 0, 0, 0, 0, 1300, 1, 53),
(106, 'payable', 3, 'depo exp', 1, 0, 0, 0, 1300, 0, 0, 53),
(107, 'expense', 24, 'pmc depo exp', 0, 0, 0, 0, 0, 500, 1, 54),
(108, 'payable', 3, 'pmc depo exp', 1, 0, 0, 0, 500, 0, 0, 54),
(109, 'expense', 24, 'accident tractor', 0, 0, 0, 0, 0, 5000, 1, 55),
(110, 'payable', 3, 'accident tractor', 1, 0, 0, 0, 5000, 0, 0, 55),
(111, 'expense', 17, '14 ltr mobil', 0, 0, 0, 0, 0, 5040, 1, 56),
(112, 'payable', 3, '14ltr mobil', 1, 0, 0, 0, 5040, 0, 0, 56),
(113, 'expense', 1, 'hsd 745 ltr', 0, 0, 0, 0, 0, 64517, 1, 57),
(114, 'payable', 3, 'hsd 745 ltr', 2, 0, 0, 0, 64517, 0, 0, 57),
(115, 'expense', 18, 'tool plaza', 0, 0, 0, 0, 0, 9240, 1, 58),
(116, 'payable', 3, 'tool plaza', 1, 0, 0, 0, 9240, 0, 0, 58),
(117, 'expense', 26, 'Servies', 0, 0, 0, 0, 0, 1000, 1, 59),
(118, 'payable', 3, 'Servies', 1, 0, 0, 0, 1000, 0, 0, 59),
(119, 'expense', 26, 'Servies', 0, 0, 0, 0, 0, 500, 1, 60),
(120, 'payable', 3, 'Servies', 1, 0, 0, 0, 500, 0, 0, 60),
(121, 'expense', 27, 'depo exp + custom exp', 0, 0, 0, 0, 0, 1800, 1, 61),
(122, 'payable', 3, 'depo exp + custom exp', 1, 0, 0, 0, 1800, 0, 0, 61),
(123, 'expense', 23, 'oil change+saban soutar', 0, 0, 0, 0, 0, 400, 1, 62),
(124, 'payable', 3, 'oil change+saban soutaar', 1, 0, 0, 0, 400, 0, 0, 62),
(125, 'expense', 19, 'meal expense', 0, 0, 0, 0, 0, 5000, 1, 63),
(126, 'payable', 3, 'meal expense', 1, 0, 0, 0, 5000, 0, 0, 63),
(127, 'expense', 24, '670 book send karachi', 0, 0, 0, 0, 0, 800, 1, 64),
(128, 'payable', 3, '670 book send karachi', 1, 0, 0, 0, 800, 0, 0, 64),
(129, 'expense', 24, 'dhakan doori', 0, 0, 0, 0, 0, 500, 1, 65),
(130, 'payable', 3, 'dhakan doori', 1, 0, 0, 0, 500, 0, 0, 65),
(131, 'expense', 24, 'air calendar jali', 0, 0, 0, 0, 0, 1600, 1, 66),
(132, 'payable', 3, 'air calendar jali', 1, 0, 0, 0, 1600, 0, 0, 66),
(133, 'expense', 17, '14 ltr mobil oil', 0, 0, 0, 0, 0, 5040, 1, 67),
(134, 'payable', 3, '14ltr mobil oil', 1, 0, 0, 0, 5040, 0, 0, 67),
(135, 'expense', 1, 'hsd 875 ltr', 0, 0, 0, 0, 0, 75775, 1, 68),
(136, 'payable', 3, 'hsd 875 ltr', 2, 0, 0, 0, 75775, 0, 0, 68),
(137, 'expense', 31, 'super buraj stone tire 2 addad (Tire no.1) dot 322 L3TY3714-y4m20565 (Tire no .2) dot 322L3TY3514-Y4U500129 (Meter reading) 236338', 1, 0, 0, 0, 0, 81000, 1, 69),
(138, 'payable', 3, 'super buraj stone tire 2 addad (Tire no.1) dot 322 L3TY3714-y4m20565 (Tire no .2) dot 322L3TY3514-Y4U500129 (Meter reading) 236338', 1, 0, 0, 0, 81000, 0, 0, 69),
(139, 'expense', 32, 'REMANING LIECSING', 1, 0, 0, 0, 0, 750970, 1, 70),
(140, 'payable', 32, 'REMANING LIECSING', 1, 0, 0, 0, 750970, 0, 0, 70),
(141, 'expense', 32, 'LIECSING DECEMBER ( KIST)', 1, 0, 0, 0, 0, 219217, 1, 71),
(142, 'payable', 32, 'LIESING DECEMBER (KIST)', 1, 0, 0, 0, 219217, 0, 0, 71),
(143, 'expense', 32, 'LIESING DECEMBER (KIST)', 1, 0, 0, 0, 0, 219217, 1, 72),
(144, 'payable', 3, 'LIESING DECEMBER (KIST)', 1, 0, 0, 0, 219217, 0, 0, 72),
(145, 'expense', 32, 'LIESING DECEMBER (KIST)', 1, 0, 0, 0, 0, 157155, 1, 73),
(146, 'payable', 32, 'LIESING DECEMBER (KIST)', 1, 0, 0, 0, 157155, 0, 0, 73),
(147, 'expense', 32, 'LIESING DECEMBER (KIST)', 1, 0, 0, 0, 0, 156000, 1, 74),
(148, 'payable', 32, 'LIESING DECEMBER (KIST)', 1, 0, 0, 0, 156000, 0, 0, 74),
(149, 'expense', 32, 'LIESING INSTALMENT DECEMBER', 0, 0, 0, 0, 0, 213820, 1, 75),
(150, 'payable', 32, 'LIESING INSTALMENT DECEMBER', 1, 0, 0, 0, 213820, 0, 0, 75),
(151, 'expense', 34, 'ORAX INSURENCE 15-12-2014 TO 14-12-2015', 1, 0, 0, 0, 0, 167000, 1, 76),
(152, 'payable', 3, 'ORAX INSURENCE 15-12-2014 TO 14-12-2015', 1, 0, 0, 0, 167000, 0, 0, 76),
(153, 'expense', 33, 'ORIX total amount gari 11982972 instalments 36 per instalment 287527 and advance payment to 1632000', 1, 0, 0, 0, 0, 1632000, 1, 77),
(154, 'payable', 3, 'ORIX total amount gari 11982972 instalments 36 per instalment 287527 and advance payment to 1632000', 1, 0, 0, 0, 1632000, 0, 0, 77),
(155, 'expense', 33, 'autocom tanker total ayment 2950000 advance pay 885000', 1, 0, 0, 0, 0, 885000, 1, 78),
(156, 'payable', 3, 'autocom tanker total ayment 2950000 advance pay 885000', 1, 0, 0, 0, 885000, 0, 0, 78),
(157, 'expense', 33, 'ORIX total amount gari 11982972 instalments 36 per instalment 287527 and advance payment to 1632000', 1, 0, 0, 0, 0, 1632000, 1, 79),
(158, 'payable', 3, 'ORIX total amount gari 11982972 instalments 36 per instalment 287527 and advance payment to 1632000', 1, 0, 0, 0, 1632000, 0, 0, 79),
(159, 'expense', 33, 'autocom tanker total ayment 2950000 advance pay 885000', 1, 0, 0, 0, 0, 885000, 1, 80),
(160, 'payable', 3, 'autocom tanker total ayment 2950000 advance pay 885000', 1, 0, 0, 0, 885000, 0, 0, 80),
(161, 'expense', 33, 'ORIX total amount gari 13605560 instalments 36 per instalment 326460 and advance payment to 1853000', 1, 0, 0, 0, 0, 1853000, 1, 81),
(162, 'payable', 3, 'ORIX total amount gari 13605560 instalments 36 per instalment 326460 and advance payment to 1853000', 1, 0, 0, 0, 1853000, 0, 0, 81),
(163, 'expense', 33, 'autocom tanker total ayment 2599000 advance pay 779700', 1, 0, 0, 0, 0, 779700, 1, 82),
(164, 'payable', 3, 'autocom tanker total ayment 2599000 advance pay 779700', 1, 0, 0, 0, 779700, 0, 0, 82),
(165, 'expense', 33, 'ORIX total amount gari 13605560 instalments 36 per instalment 326460 and advance payment to 1853000', 1, 0, 0, 0, 0, 1853000, 1, 83),
(166, 'payable', 3, 'ORIX total amount gari 13605560 instalments 36 per instalment 326460 and advance payment to 1853000', 1, 0, 0, 0, 1853000, 0, 0, 83),
(167, 'expense', 33, 'autocom tanker total ayment 2599000 advance pay 779700', 1, 0, 0, 0, 0, 779700, 1, 84),
(168, 'payable', 3, 'autocom tanker total ayment 2599000 advance pay 779700', 1, 0, 0, 0, 779700, 0, 0, 84),
(169, 'expense', 33, 'ORIX total amount gari 13605560 instalments 36 per instalment 326460 and advance payment to 1853000', 1, 0, 0, 0, 0, 1853000, 1, 85),
(170, 'payable', 3, 'ORIX total amount gari 13605560 instalments 36 per instalment 326460 and advance payment to 1853000', 1, 0, 0, 0, 1853000, 0, 0, 85),
(171, 'expense', 33, 'autocom tanker total ayment 2599000 advance pay 779700', 1, 0, 0, 0, 0, 779700, 1, 86),
(172, 'payable', 3, 'autocom tanker total ayment 2599000 advance pay 779700', 1, 0, 0, 0, 779700, 0, 0, 86),
(173, 'expense', 33, 'ORIX total amount gari 13605560 instalments 36 per instalment 326460 and advance payment to 1853000', 1, 0, 0, 0, 0, 1853000, 1, 87),
(174, 'payable', 3, 'ORIX total amount gari 13605560 instalments 36 per instalment 326460 and advance payment to 1853000', 1, 0, 0, 0, 1853000, 0, 0, 87),
(175, 'expense', 33, 'autocom tanker total ayment 2599000 advance pay 779700', 1, 0, 0, 0, 0, 779700, 1, 88),
(176, 'payable', 3, 'autocom tanker total ayment 2599000 advance pay 779700', 1, 0, 0, 0, 779700, 0, 0, 88),
(177, 'expense', 0, 'autocom tanker total ayment 2599000 advance pay 779700', 1, 0, 0, 0, 0, 779700, 1, 89),
(178, 'payable', 3, '', 1, 0, 0, 0, 779700, 0, 0, 89),
(179, 'expense', 33, 'autocom tanker total ayment 2599000 advance pay 779700', 1, 0, 0, 0, 0, 779700, 1, 90),
(180, 'payable', 3, 'autocom tanker total ayment 2599000 advance pay 779700', 1, 0, 0, 0, 779700, 0, 0, 90),
(181, 'expense', 33, 'autocom tanker total ayment 2599000 advance pay 779700', 1, 0, 0, 0, 0, 779700, 1, 91),
(182, 'payable', 3, 'autocom tanker total ayment 2599000 advance pay 779700', 1, 0, 0, 0, 779700, 0, 0, 91),
(183, 'expense', 33, 'autocom tanker total ayment 3170000 advance pay 951000', 1, 0, 0, 0, 0, 951000, 1, 92),
(184, 'payable', 3, 'autocom tanker total ayment 3170000 advance pay 951000', 1, 0, 0, 0, 951000, 0, 0, 92),
(185, 'expense', 33, 'autocom tanker total ayment 3170000 advance pay 951000', 1, 0, 0, 0, 0, 951000, 1, 93),
(186, 'payable', 33, 'autocom tanker total ayment 3170000 advance pay 951000', 1, 0, 0, 0, 951000, 0, 0, 93),
(187, 'expense', 32, 'First instalment of december', 1, 0, 0, 0, 0, 287527, 1, 94),
(188, 'payable', 32, 'First instalment of december', 1, 0, 0, 0, 287527, 0, 0, 94),
(189, 'expense', 32, 'First instalment of december', 1, 0, 0, 0, 0, 287527, 1, 95),
(190, 'payable', 32, 'First instalment of december', 1, 0, 0, 0, 287527, 0, 0, 95),
(191, 'expense', 32, 'First instalment of december', 1, 0, 0, 0, 0, 326460, 1, 96),
(192, 'payable', 32, 'First instalment of december', 1, 0, 0, 0, 326460, 0, 0, 96),
(193, 'expense', 32, 'First instalment of december', 1, 0, 0, 0, 0, 326460, 1, 97),
(194, 'payable', 32, 'First instalment of december', 1, 0, 0, 0, 326460, 0, 0, 97),
(195, 'expense', 32, 'First instalment of december', 1, 0, 0, 0, 0, 326460, 1, 98),
(196, 'payable', 32, 'First instalment of december', 1, 0, 0, 0, 326460, 0, 0, 98),
(197, 'expense', 32, 'First instalment of december', 1, 0, 0, 0, 0, 326460, 1, 99),
(198, 'payable', 32, 'First instalment of december', 1, 0, 0, 0, 326460, 0, 0, 99),
(199, 'expense', 31, 'Tire 2 adad super buraj stone (Tire no: 1) Dot 322L3DY-3614 (Tire no: 2) Dot322L3DY-3514 (Meter reading-251608)', 1, 0, 0, 0, 0, 79000, 1, 100),
(200, 'payable', 3, 'Tire 2 adad super buraj stone (Tire no: 1) Dot 322L3DY-3614 (Tire no: 2) Dot322L3DY-3514 (Meter reading-251608)', 1, 0, 0, 0, 79000, 0, 0, 100),
(201, 'expense', 33, 'autocom tanker total ayment 1000000 advance pay 300000', 1, 0, 0, 0, 0, 300000, 1, 101),
(202, 'payable', 3, 'autocom tanker total ayment 1000000 advance pay 300000', 1, 0, 0, 0, 300000, 0, 0, 101),
(203, 'expense', 33, 'autocom tanker total ayment 1000000 advance pay 300000', 1, 0, 0, 0, 0, 300000, 1, 102),
(204, 'payable', 3, 'autocom tanker total ayment 1000000 advance pay 300000', 1, 0, 0, 0, 300000, 0, 0, 102),
(205, 'expense', 33, 'autocom tanker total ayment 1000000 advance pay 300000', 1, 0, 0, 0, 0, 300000, 1, 103),
(206, 'payable', 3, 'autocom tanker total ayment 1000000 advance pay 300000', 1, 0, 0, 0, 300000, 0, 0, 103),
(207, 'expense', 33, 'Autocom tanker total ayment 1000000 advance pay 300000', 1, 0, 0, 0, 0, 300000, 1, 104),
(208, 'payable', 3, 'autocom tanker total ayment 1000000 advance pay 300000', 1, 0, 0, 0, 300000, 0, 0, 104),
(209, 'expense', 33, 'autocom tanker total ayment 1000000 advance pay 300000', 1, 0, 0, 0, 0, 300000, 1, 105),
(210, 'payable', 3, 'autocom tanker total ayment 1000000 advance pay 300000', 1, 0, 0, 0, 300000, 0, 0, 105),
(211, 'expense', 33, 'autocom tanker total ayment 2950000 second instalment 60 % pay 885000', 1, 0, 0, 0, 0, 885000, 1, 106),
(212, 'payable', 3, 'autocom tanker total ayment 2950000 second instalment 60 % pay 885000', 1, 0, 0, 0, 885000, 0, 0, 106),
(213, 'expense', 33, 'autocom tanker total ayment 2950000 second instalment 60 % pay 885000', 1, 0, 0, 0, 0, 885000, 1, 107),
(214, 'payable', 3, 'autocom tanker total ayment 2950000 second instalment 60 % pay 885000', 1, 0, 0, 0, 885000, 0, 0, 107),
(215, 'expense', 33, 'autocom tanker total ayment 3170000 second instalment total 60 % pay 951000', 1, 0, 0, 0, 0, 951000, 1, 108),
(216, 'payable', 3, 'autocom tanker total ayment 3170000 second instalment total 60 % pay 951000', 1, 0, 0, 0, 951000, 0, 0, 108),
(217, 'expense', 33, 'Autocom tanker total ayment 3170000 second instalment total 60 % pay 951000', 1, 0, 0, 0, 0, 951000, 1, 109),
(218, 'payable', 33, 'Autocom tanker total ayment 3170000 second instalment total 60 % pay 951000', 1, 0, 0, 0, 951000, 0, 0, 109),
(219, 'expense', 33, 'autocom tanker total ayment 2599000 second instalment total 60 % pay 779700', 1, 0, 0, 0, 0, 779700, 1, 110),
(220, 'payable', 3, 'autocom tanker total ayment 2599000 second instalment total 60 % pay 779700', 1, 0, 0, 0, 779700, 0, 0, 110),
(221, 'expense', 33, 'autocom tanker total ayment 2599000 second instalment total 60 % pay 779700', 1, 0, 0, 0, 0, 779700, 1, 111),
(222, 'payable', 3, 'autocom tanker total ayment 2599000 second instalment total 60 % pay 779700', 1, 0, 0, 0, 779700, 0, 0, 111),
(223, 'expense', 33, 'autocom tanker total ayment 2599000 second instalment total 60 % pay 779700', 1, 0, 0, 0, 0, 779700, 1, 112),
(224, 'payable', 3, 'autocom tanker total ayment 2599000 second instalment total 60 % pay 779700', 1, 0, 0, 0, 779700, 0, 0, 112),
(225, 'expense', 33, 'autocom tanker total ayment 2599000 second instalment total 60 % pay 779700', 1, 0, 0, 0, 0, 779700, 1, 113),
(226, 'payable', 3, 'autocom tanker total ayment 2599000 second instalment total 60 % pay 779700', 1, 0, 0, 0, 779700, 0, 0, 113),
(227, 'expense', 33, 'autocom tanker total ayment 2599000 second instalment total 60 % pay 779700', 1, 0, 0, 0, 0, 779700, 1, 114),
(228, 'payable', 3, 'autocom tanker total ayment 2599000 second instalment total 60 % pay 779700', 1, 0, 0, 0, 779700, 0, 0, 114),
(229, 'expense', 33, 'autocom tanker total payment 2599000 second instalment total 60 % pay 779700', 1, 0, 0, 0, 0, 779700, 1, 115),
(230, 'payable', 3, 'autocom tanker total payment 2599000 second instalment total 60 % pay 779700', 1, 0, 0, 0, 779700, 0, 0, 115),
(231, 'expense', 32, 'LIESING  (KIST) JANUARY 2015', 1, 0, 0, 0, 0, 219217, 1, 116),
(232, 'payable', 32, 'LIESING  (KIST) JANUARY 2015', 1, 0, 0, 0, 219217, 0, 0, 116),
(233, 'expense', 32, 'LIESING  (KIST) JANUARY 2015', 1, 0, 0, 0, 0, 219217, 1, 117),
(234, 'payable', 3, 'LIESING  (KIST) JANUARY 2015', 1, 0, 0, 0, 219217, 0, 0, 117),
(235, 'expense', 32, 'LIESING  (KIST) JANUARY 2015', 0, 0, 0, 0, 0, 213820, 1, 118),
(236, 'payable', 32, 'LIESING  (KIST) JANUARY 2015', 1, 0, 0, 0, 213820, 0, 0, 118),
(237, 'expense', 32, 'LIESING  (KIST) JANUARY 2015', 1, 0, 0, 0, 0, 157155, 1, 119),
(238, 'payable', 32, 'LIESING  (KIST) JANUARY 2015', 1, 0, 0, 0, 157155, 0, 0, 119),
(239, 'expense', 32, 'LIESING  (KIST) JANUARY 2015', 1, 0, 0, 0, 0, 156000, 1, 120),
(240, 'payable', 32, 'LIESING  (KIST) JANUARY 2015', 1, 0, 0, 0, 156000, 0, 0, 120),
(241, 'expense', 18, 'tool plaza', 0, 0, 0, 0, 0, 9680, 1, 121),
(242, 'payable', 3, 'tool plaza', 1, 0, 0, 0, 9680, 0, 0, 121),
(243, 'expense', 26, 'Servies', 0, 0, 0, 0, 0, 1000, 1, 122),
(244, 'payable', 3, 'Servies', 1, 0, 0, 0, 1000, 0, 0, 122),
(245, 'expense', 23, 'oil change saban soutar', 0, 0, 0, 0, 0, 500, 1, 123),
(246, 'payable', 3, 'oil change & sabun suter', 1, 0, 0, 0, 500, 0, 0, 123),
(247, 'expense', 27, 'depo exp', 0, 0, 0, 0, 0, 1300, 1, 124),
(248, 'payable', 3, 'depo exp', 1, 0, 0, 0, 1300, 0, 0, 124),
(249, 'expense', 23, 'oil change saban soutar', 0, 0, 0, 0, 0, 400, 1, 125),
(250, 'payable', 3, 'oil change saban soutar', 1, 0, 0, 0, 400, 0, 0, 125),
(251, 'expense', 20, 'Filter expense', 0, 0, 0, 0, 0, 1100, 1, 126),
(252, 'payable', 3, 'Filter expense', 1, 0, 0, 0, 1100, 0, 0, 126),
(253, 'expense', 19, 'meal expense', 0, 0, 0, 0, 0, 5000, 1, 127),
(254, 'payable', 3, 'meal expense', 1, 0, 0, 0, 5000, 0, 0, 127),
(255, 'expense', 24, 'tokon lagway', 0, 0, 0, 0, 0, 11300, 1, 128),
(256, 'payable', 3, 'tokon lagway', 1, 0, 0, 0, 11300, 0, 0, 128),
(257, 'expense', 17, '14 ltr mobil oil', 0, 0, 0, 0, 0, 5040, 1, 129),
(258, 'payable', 3, '14 ltr mobil oil', 1, 0, 0, 0, 5040, 0, 0, 129),
(259, 'expense', 1, 'hsd 792 ltr', 0, 0, 0, 0, 0, 68587, 1, 130),
(260, 'payable', 3, 'hsd 792 ltr', 2, 0, 0, 0, 68587, 0, 0, 130),
(261, 'expense', 18, 'tool plaza', 0, 0, 0, 0, 0, 9680, 1, 131),
(262, 'payable', 3, 'tool plaza', 1, 0, 0, 0, 9680, 0, 0, 131),
(263, 'expense', 26, 'Servies', 0, 0, 0, 0, 0, 1000, 1, 132),
(264, 'payable', 3, 'Servies', 1, 0, 0, 0, 1000, 0, 0, 132),
(265, 'expense', 23, '', 0, 0, 0, 0, 0, 1000, 1, 133),
(266, 'payable', 3, 'oil change & sabun suter', 1, 0, 0, 0, 1000, 0, 0, 133),
(267, 'expense', 27, 'depo exp', 0, 0, 0, 0, 0, 1300, 1, 134),
(268, 'payable', 3, 'depo exp', 1, 0, 0, 0, 1300, 0, 0, 134),
(269, 'expense', 23, 'oil change saban soutar', 0, 0, 0, 0, 0, 400, 1, 135),
(270, 'payable', 3, 'oil change saban soutar', 1, 0, 0, 0, 400, 0, 0, 135),
(271, 'expense', 24, 'rim change', 0, 0, 0, 0, 0, 5000, 1, 136),
(272, 'payable', 3, 'rim change', 1, 0, 0, 0, 5000, 0, 0, 136),
(273, 'expense', 20, 'Filter expense', 0, 0, 0, 0, 0, 1110, 1, 137),
(274, 'payable', 3, 'Filter expense', 1, 0, 0, 0, 1110, 0, 0, 137),
(275, 'expense', 24, 'tube + pincture', 0, 0, 0, 0, 0, 1900, 1, 138),
(276, 'payable', 3, 'tube + pincture', 1, 0, 0, 0, 1900, 0, 0, 138),
(277, 'expense', 19, 'meal expense', 0, 0, 0, 0, 0, 5000, 1, 139),
(278, 'payable', 3, 'meal expense', 1, 0, 0, 0, 5000, 0, 0, 139),
(279, 'expense', 17, '14 ltr mobil oil', 0, 0, 0, 0, 0, 5040, 1, 140),
(280, 'payable', 3, '14 ltr mobil oil', 1, 0, 0, 0, 5040, 0, 0, 140),
(281, 'expense', 1, 'hsd 790 ltr', 0, 0, 0, 0, 0, 68414, 1, 141),
(282, 'payable', 3, 'hsd 790 ltr', 2, 0, 0, 0, 68414, 0, 0, 141),
(283, 'expense', 18, 'tool plaza', 0, 0, 0, 0, 0, 9680, 1, 142),
(284, 'payable', 3, 'tool plaza', 1, 0, 0, 0, 9680, 0, 0, 142),
(285, 'expense', 26, 'Servies', 0, 0, 0, 0, 0, 1000, 1, 143),
(286, 'payable', 3, 'Servies', 1, 0, 0, 0, 1000, 0, 0, 143),
(287, 'expense', 23, '', 0, 0, 0, 0, 0, 500, 1, 144),
(288, 'payable', 3, '', 1, 0, 0, 0, 500, 0, 0, 144),
(289, 'expense', 27, 'depo exp', 0, 0, 0, 0, 0, 1300, 1, 145),
(290, 'payable', 3, 'depo exp', 1, 0, 0, 0, 1300, 0, 0, 145),
(291, 'expense', 23, 'oil change saban soutar', 0, 0, 0, 0, 0, 400, 1, 146),
(292, 'payable', 3, 'oil change saban soutar', 1, 0, 0, 0, 400, 0, 0, 146),
(293, 'expense', 19, '', 0, 0, 0, 0, 0, 5000, 1, 147),
(294, 'payable', 3, '', 1, 0, 0, 0, 5000, 0, 0, 147),
(295, 'expense', 29, 'electration bill', 0, 0, 0, 0, 0, 390, 1, 148),
(296, 'payable', 3, 'electration bill', 1, 0, 0, 0, 390, 0, 0, 148),
(297, 'expense', 24, 'rim change', 0, 0, 0, 0, 0, 7000, 1, 149),
(298, 'payable', 3, 'rim change', 1, 0, 0, 0, 7000, 0, 0, 149),
(299, 'expense', 28, 'pincture 2 add', 0, 0, 0, 0, 0, 400, 1, 150),
(300, 'payable', 3, 'pincture 2 add', 1, 0, 0, 0, 400, 0, 0, 150),
(301, 'expense', 17, '14 ltr mobil oil', 0, 0, 0, 0, 0, 5040, 1, 151),
(302, 'payable', 3, '14 ltr mobil oil', 1, 0, 0, 0, 5040, 0, 0, 151),
(303, 'expense', 1, 'hsd 820 ltr', 0, 0, 0, 0, 0, 71012, 1, 152),
(304, 'payable', 3, 'hsd 820 ltr', 2, 0, 0, 0, 71012, 0, 0, 152),
(305, 'expense', 18, 'tool plaza', 0, 0, 0, 0, 0, 9680, 1, 153),
(306, 'payable', 3, 'tool plaza', 1, 0, 0, 0, 9680, 0, 0, 153),
(307, 'expense', 26, 'service greece', 0, 0, 0, 0, 0, 1300, 1, 154),
(308, 'payable', 3, 'service greece', 1, 0, 0, 0, 1300, 0, 0, 154),
(309, 'expense', 27, 'depo exp', 0, 0, 0, 0, 0, 1500, 1, 155),
(310, 'payable', 3, 'depo exp', 1, 0, 0, 0, 1500, 0, 0, 155),
(311, 'expense', 23, 'oil change saban soutar', 0, 0, 0, 0, 0, 500, 1, 156),
(312, 'payable', 3, 'oil change & sabun suter', 1, 0, 0, 0, 500, 0, 0, 156),
(313, 'expense', 23, 'oil change saban soutar', 0, 0, 0, 0, 0, 400, 1, 157),
(314, 'payable', 3, 'oil change saban soutar', 1, 0, 0, 0, 400, 0, 0, 157),
(315, 'expense', 19, 'meal expense', 0, 0, 0, 0, 0, 5000, 1, 158),
(316, 'payable', 3, 'meal expense', 1, 0, 0, 0, 5000, 0, 0, 158),
(317, 'expense', 1, 'hsd 130 ltr sakhar', 0, 0, 0, 0, 0, 11505, 1, 159),
(318, 'payable', 3, 'hsd 130 ltr sakhar', 1, 0, 0, 0, 11505, 0, 0, 159),
(319, 'expense', 1, 'hsd 264 ltr kothour', 0, 0, 0, 0, 0, 22900, 1, 160),
(320, 'payable', 3, 'hsd 264 ltr kothour', 1, 0, 0, 0, 22900, 0, 0, 160),
(321, 'expense', 24, 'fillter + air calendar jali', 0, 0, 0, 0, 0, 2920, 1, 161),
(322, 'payable', 3, 'fillter + air calendar jali', 1, 0, 0, 0, 2920, 0, 0, 161),
(323, 'expense', 24, 'mait', 0, 0, 0, 0, 0, 400, 1, 162),
(324, 'payable', 3, 'mait', 1, 0, 0, 0, 400, 0, 0, 162),
(325, 'expense', 29, 'electration bill', 0, 0, 0, 0, 0, 725, 1, 163),
(326, 'payable', 3, 'electration bill', 1, 0, 0, 0, 725, 0, 0, 163),
(327, 'expense', 27, 'pso depo exp', 0, 0, 0, 0, 0, 800, 1, 164),
(328, 'payable', 3, 'pso depo exp', 1, 0, 0, 0, 800, 0, 0, 164),
(329, 'expense', 24, 'dhkan jain 3 add', 0, 0, 0, 0, 0, 1500, 1, 165),
(330, 'payable', 3, 'dhkan jain 3 add', 1, 0, 0, 0, 1500, 0, 0, 165),
(331, 'expense', 17, '14 ltr mobil oil', 0, 0, 0, 0, 0, 5040, 1, 166),
(332, 'payable', 3, '14 ltr mobil oil', 1, 0, 0, 0, 5040, 0, 0, 166),
(333, 'expense', 1, 'hsd 279 ltr', 0, 0, 0, 0, 0, 24161, 1, 167),
(334, 'payable', 3, 'hsd 279 ltr', 2, 0, 0, 0, 24161, 0, 0, 167),
(335, 'expense', 18, 'tool plaza', 0, 0, 0, 0, 0, 9680, 1, 168),
(336, 'payable', 3, 'tool plaza', 1, 0, 0, 0, 9680, 0, 0, 168),
(337, 'expense', 22, '', 0, 0, 0, 0, 0, 1000, 1, 169),
(338, 'payable', 3, '', 1, 0, 0, 0, 1000, 0, 0, 169),
(339, 'expense', 23, '', 0, 0, 0, 0, 0, 500, 1, 170),
(340, 'payable', 3, '', 1, 0, 0, 0, 500, 0, 0, 170),
(341, 'expense', 27, 'depo exp', 0, 0, 0, 0, 0, 1300, 1, 171),
(342, 'payable', 3, 'depo exp', 1, 0, 0, 0, 1300, 0, 0, 171),
(343, 'expense', 23, 'oil change saban soutar', 0, 0, 0, 0, 0, 400, 1, 172),
(344, 'payable', 3, 'oil change saban soutar', 1, 0, 0, 0, 400, 0, 0, 172),
(345, 'expense', 19, 'meal expense', 0, 0, 0, 0, 0, 5000, 1, 173),
(346, 'payable', 3, 'meal expense', 1, 0, 0, 0, 5000, 0, 0, 173),
(347, 'expense', 24, 'tire banwi', 0, 0, 0, 0, 0, 2200, 1, 174),
(348, 'payable', 3, 'tire banwi', 1, 0, 0, 0, 2200, 0, 0, 174),
(349, 'expense', 24, 'pincture + gets', 0, 0, 0, 0, 0, 450, 1, 175),
(350, 'payable', 3, 'pincture + gets', 1, 0, 0, 0, 450, 0, 0, 175),
(351, 'expense', 24, 'wheel kablay + mazdori', 0, 0, 0, 0, 0, 940, 1, 176),
(352, 'payable', 3, 'wheel kablay + mazdori', 1, 0, 0, 0, 940, 0, 0, 176),
(353, 'expense', 17, '14 ltr mobil oil', 0, 0, 0, 0, 0, 5040, 1, 177),
(354, 'payable', 3, '14 ltr mobil oil', 1, 0, 0, 0, 5040, 0, 0, 177),
(355, 'expense', 1, 'hsd 800 ltr ', 0, 0, 0, 0, 0, 69280, 1, 178),
(356, 'payable', 3, 'hsd 800 ltr', 2, 0, 0, 0, 69280, 0, 0, 178),
(357, 'expense', 18, 'tool plaza', 0, 0, 0, 0, 0, 9680, 1, 179),
(358, 'payable', 3, 'tool plaza', 1, 0, 0, 0, 9680, 0, 0, 179),
(359, 'expense', 26, 'service greece', 0, 0, 0, 0, 0, 1500, 1, 180),
(360, 'payable', 3, 'service greece', 1, 0, 0, 0, 1500, 0, 0, 180),
(361, 'expense', 23, '', 0, 0, 0, 0, 0, 500, 1, 181),
(362, 'payable', 3, 'oil change & sabun suter', 1, 0, 0, 0, 500, 0, 0, 181),
(363, 'expense', 27, 'depo exp', 0, 0, 0, 0, 0, 1800, 1, 183),
(364, 'payable', 3, 'depo exp', 1, 0, 0, 0, 1800, 0, 0, 183),
(365, 'expense', 23, 'oil change saban soutar', 0, 0, 0, 0, 0, 400, 1, 184),
(366, 'payable', 3, 'oil change saban soutar', 1, 0, 0, 0, 400, 0, 0, 184),
(367, 'expense', 24, 'oil fillter ', 0, 0, 0, 0, 0, 650, 1, 185),
(368, 'payable', 3, 'oil fillter', 1, 0, 0, 0, 650, 0, 0, 185),
(369, 'expense', 19, 'meal expense', 0, 0, 0, 0, 0, 5000, 1, 186),
(370, 'payable', 3, 'meal expense', 1, 0, 0, 0, 5000, 0, 0, 186),
(371, 'expense', 28, 'pincture', 0, 0, 0, 0, 0, 200, 1, 187),
(372, 'payable', 3, 'pincture ', 1, 0, 0, 0, 200, 0, 0, 187),
(373, 'expense', 17, '14 ltr mobil oil', 0, 0, 0, 0, 0, 5040, 1, 188),
(374, 'payable', 3, '14 ltr mobil oil', 1, 0, 0, 0, 5040, 0, 0, 188),
(375, 'expense', 1, 'hsd 840 ltr', 0, 0, 0, 0, 0, 72744, 1, 189),
(376, 'payable', 3, 'hsd 840 ltr', 2, 0, 0, 0, 72744, 0, 0, 189),
(377, 'expense', 18, '', 0, 0, 0, 0, 0, 9680, 1, 190),
(378, 'payable', 3, '', 1, 0, 0, 0, 9680, 0, 0, 190),
(379, 'expense', 26, 'service greece', 0, 0, 0, 0, 0, 1500, 1, 191),
(380, 'payable', 3, 'service greece', 1, 0, 0, 0, 1500, 0, 0, 191),
(381, 'expense', 23, 'oil change saban soutar', 0, 0, 0, 0, 0, 500, 1, 192),
(382, 'payable', 3, 'oil change saban soutar', 1, 0, 0, 0, 500, 0, 0, 192),
(383, 'expense', 27, 'depo exp', 0, 0, 0, 0, 0, 1800, 1, 193),
(384, 'payable', 3, 'depo exp', 1, 0, 0, 0, 1800, 0, 0, 193),
(385, 'expense', 24, 'bill air calendar jali', 0, 0, 0, 0, 0, 1500, 1, 194),
(386, 'payable', 3, 'bill air calendar jali', 1, 0, 0, 0, 1500, 0, 0, 194),
(387, 'expense', 24, 'rent dip chart  sadaqabad to karachi', 0, 0, 0, 0, 0, 800, 1, 195),
(388, 'payable', 3, 'rent dip chart sadiqabad to karachi', 1, 0, 0, 0, 800, 0, 0, 195),
(389, 'expense', 19, '', 0, 0, 0, 0, 0, 5000, 1, 196),
(390, 'payable', 3, '', 1, 0, 0, 0, 5000, 0, 0, 196),
(391, 'expense', 23, 'oil change saban soutar', 0, 0, 0, 0, 0, 400, 1, 197),
(392, 'payable', 3, 'oil change saban soutar', 1, 0, 0, 0, 400, 0, 0, 197),
(393, 'expense', 17, '14 ltr mobil oil', 0, 0, 0, 0, 0, 5020, 1, 198),
(394, 'payable', 3, '14 ltr mobil oil', 1, 0, 0, 0, 5020, 0, 0, 198),
(395, 'expense', 1, 'hsd 730 ltr', 0, 0, 0, 0, 0, 63218, 1, 199),
(396, 'payable', 3, 'hsd 730 ltr', 2, 0, 0, 0, 63218, 0, 0, 199),
(397, 'expense', 19, '', 0, 0, 0, 0, 0, 5000, 1, 200),
(398, 'payable', 3, '', 1, 0, 0, 0, 5000, 0, 0, 200),
(399, 'expense', 18, 'tool plaza', 0, 0, 0, 0, 0, 9680, 1, 201),
(400, 'payable', 3, 'tool plaza', 1, 0, 0, 0, 9680, 0, 0, 201),
(401, 'expense', 19, 'meal expense', 0, 0, 0, 0, 0, 5000, 1, 202),
(402, 'payable', 3, 'meal expense', 1, 0, 0, 0, 5000, 0, 0, 202),
(403, 'expense', 22, '', 0, 0, 0, 0, 0, 1000, 1, 203),
(404, 'payable', 3, '', 1, 0, 0, 0, 1000, 0, 0, 203),
(405, 'expense', 23, '', 0, 0, 0, 0, 0, 500, 1, 204),
(406, 'payable', 3, '', 1, 0, 0, 0, 500, 0, 0, 204),
(407, 'expense', 26, 'service greece', 0, 0, 0, 0, 0, 1500, 1, 205),
(408, 'payable', 3, 'service greece', 1, 0, 0, 0, 1500, 0, 0, 205),
(409, 'expense', 23, '', 0, 0, 0, 0, 0, 500, 1, 206),
(410, 'payable', 3, 'oil change & sabun suter', 1, 0, 0, 0, 500, 0, 0, 206),
(411, 'expense', 28, 'pincture', 0, 0, 0, 0, 0, 400, 1, 207),
(412, 'payable', 3, 'pincture', 1, 0, 0, 0, 400, 0, 0, 207),
(413, 'expense', 19, '', 0, 0, 0, 0, 0, 5000, 1, 208),
(414, 'payable', 3, '', 1, 0, 0, 0, 5000, 0, 0, 208),
(415, 'expense', 19, 'meal', 0, 0, 0, 0, 0, 5000, 1, 209),
(416, 'payable', 3, 'meal', 1, 0, 0, 0, 5000, 0, 0, 209),
(417, 'expense', 33, 'Tanker ki total payment 7440560 advance payment 1257200 per instalment 171760 total instaments 36 and accutal amount 6285000 with out mark up', 0, 0, 0, 0, 0, 1257200, 1, 210),
(418, 'payable', 3, 'Tanker ki total payment 7440560 advance payment 1257200 per instalment 171760 total instaments 36 and accutal amount 6285000 with out mark up', 1, 0, 0, 0, 1257200, 0, 0, 210),
(419, 'expense', 33, 'Tanker ki total payment 7440560 advance payment 1257200 per instalment 171760 total instaments 36 and accutal amount 6285000 with out mark up', 0, 0, 0, 0, 0, 1257200, 1, 211),
(420, 'payable', 3, 'Tanker ki total payment 7440560 advance payment 1257200 per instalment 171760 total instaments 36 and accutal amount 6285000 with out mark up', 1, 0, 0, 0, 1257200, 0, 0, 211),
(421, 'expense', 33, 'Tanker ki total payment 7440560 advance payment 1257200 per instalment 171760 total instaments 36 and accutal amount 6285000 with out mark up', 0, 0, 0, 0, 0, 1257200, 1, 212),
(422, 'payable', 3, 'Tanker ki total payment 7440560 advance payment 1257200 per instalment 171760 total instaments 36 and accutal amount 6285000 with out mark up', 1, 0, 0, 0, 1257200, 0, 0, 212),
(423, 'expense', 33, 'Tanker ki total payment 7440560 advance payment 1257200 per instalment 171760 total instaments 36 and accutal amount 6285000 with out mark up', 0, 0, 0, 0, 0, 1257200, 1, 213),
(424, 'payable', 3, 'Tanker ki total payment 7440560 advance payment 1257200 per instalment 171760 total instaments 36 and accutal amount 6285000 with out mark up', 1, 0, 0, 0, 1257200, 0, 0, 213),
(425, 'expense', 31, '11 aded tyre  per tyre 39250', 0, 0, 0, 0, 0, 431750, 1, 214),
(426, 'payable', 3, '11 aded tyre  per tyre 39250', 1, 0, 0, 0, 431750, 0, 0, 214),
(427, 'expense', 1, '', 0, 0, 0, 0, 0, 0, 1, 215),
(428, 'expense', 1, '', 0, 0, 0, 0, 0, 0, 1, 215),
(429, 'expense', 31, '11 aded tyre  per tyre 39250', 0, 0, 0, 0, 0, 431750, 1, 216),
(430, 'payable', 3, '11 aded tyre  per tyre 39250', 1, 0, 0, 0, 431750, 0, 0, 216),
(431, 'expense', 31, '11 aded tyre  per tyre 39250', 0, 0, 0, 0, 0, 431750, 1, 217),
(432, 'payable', 3, '11 aded tyre  per tyre 39250', 1, 0, 0, 0, 431750, 0, 0, 217),
(433, 'expense', 31, '11 aded tyre  per tyre 39250', 0, 0, 0, 0, 0, 431750, 1, 218),
(434, 'payable', 3, '11 aded tyre  per tyre 39250', 1, 0, 0, 0, 431750, 0, 0, 218),
(435, '', 0, '', 0, 0, 0, 0, 0, 0, 1, 219),
(436, '', 0, '', 0, 0, 0, 0, 0, 0, 1, 219),
(437, 'expense', 18, 'tool plaza', 0, 0, 0, 0, 0, 9680, 1, 220),
(438, 'payable', 3, 'tool plaza', 1, 0, 0, 0, 9680, 0, 0, 220),
(439, 'expense', 26, 'Servies', 0, 0, 0, 0, 0, 1500, 1, 221),
(440, 'payable', 3, 'Servies', 1, 0, 0, 0, 1500, 0, 0, 221),
(441, 'expense', 23, '', 0, 0, 0, 0, 0, 500, 1, 222),
(442, 'payable', 3, 'oil change & sabun suter', 1, 0, 0, 0, 500, 0, 0, 222),
(443, 'expense', 27, 'depo exp', 0, 0, 0, 0, 0, 1300, 1, 223),
(444, 'payable', 3, 'depo exp', 1, 0, 0, 0, 1300, 0, 0, 223),
(445, 'expense', 23, 'oil change saban soutar', 0, 0, 0, 0, 0, 400, 1, 224),
(446, 'payable', 3, 'oil change saban soutar', 1, 0, 0, 0, 400, 0, 0, 224),
(447, 'expense', 19, 'meal expense', 0, 0, 0, 0, 0, 6000, 1, 225),
(448, 'payable', 3, 'meal expense', 1, 0, 0, 0, 6000, 0, 0, 225),
(449, 'expense', 24, 'fillter + show polish', 0, 0, 0, 0, 0, 1600, 1, 226),
(450, 'payable', 3, 'fillter + show polish', 1, 0, 0, 0, 1600, 0, 0, 226),
(451, 'expense', 28, 'pincture 3 add', 0, 0, 0, 0, 0, 600, 1, 227),
(452, 'payable', 3, 'pincture 3 add', 1, 0, 0, 0, 600, 0, 0, 227),
(453, 'expense', 17, '14 ltr mobil oil', 0, 0, 0, 0, 0, 5040, 1, 228),
(454, 'payable', 3, '14 ltr mobil oil', 1, 0, 0, 0, 5040, 0, 0, 228),
(455, 'expense', 1, 'hsd 831 ltr', 0, 0, 0, 0, 0, 71965, 1, 229),
(456, 'payable', 3, 'hsd 831 ltr', 2, 0, 0, 0, 71965, 0, 0, 229),
(457, 'expense', 18, 'tool plaza', 0, 0, 0, 0, 0, 9680, 1, 230),
(458, 'payable', 3, 'tool plaza', 1, 0, 0, 0, 9680, 0, 0, 230),
(459, 'expense', 26, 'service greece', 0, 0, 0, 0, 0, 1500, 1, 231),
(460, 'payable', 3, 'service greece', 1, 0, 0, 0, 1500, 0, 0, 231),
(461, 'expense', 23, '', 0, 0, 0, 0, 0, 500, 1, 232),
(462, 'payable', 3, 'oil change & sabun suter', 1, 0, 0, 0, 500, 0, 0, 232),
(463, 'expense', 27, 'depo exp', 0, 0, 0, 0, 0, 1300, 1, 233),
(464, 'payable', 3, 'depo exp', 1, 0, 0, 0, 1300, 0, 0, 233),
(465, 'expense', 23, 'oil change saban soutar', 0, 0, 0, 0, 0, 400, 1, 234),
(466, 'payable', 3, 'oil change saban soutar', 1, 0, 0, 0, 400, 0, 0, 234),
(467, 'expense', 20, 'Filter expense', 0, 0, 0, 0, 0, 1350, 1, 235),
(468, 'payable', 3, 'Filter expense', 1, 0, 0, 0, 1350, 0, 0, 235),
(469, 'expense', 24, 'bill tire 2 add', 0, 0, 0, 0, 0, 450, 1, 236),
(470, 'payable', 3, 'bill tire 2 add', 1, 0, 0, 0, 450, 0, 0, 236),
(471, 'expense', 24, 'bill ready airter set', 0, 0, 0, 0, 0, 1200, 1, 237),
(472, 'payable', 3, 'bill ready airter set', 1, 0, 0, 0, 1200, 0, 0, 237),
(473, 'expense', 19, 'meal expense', 0, 0, 0, 0, 0, 5000, 1, 238),
(474, 'payable', 3, 'meal expense', 1, 0, 0, 0, 5000, 0, 0, 238),
(475, 'expense', 17, '14 ltr mobil oil', 0, 0, 0, 0, 0, 5020, 1, 239),
(476, 'payable', 3, '14 ltr mobil oil', 1, 0, 0, 0, 5020, 0, 0, 239),
(477, 'expense', 1, 'hsd 729 ltr', 0, 0, 0, 0, 0, 63131, 1, 240),
(478, 'payable', 3, 'hsd 729 ltr', 2, 0, 0, 0, 63131, 0, 0, 240),
(479, 'expense', 18, 'tool plaza', 0, 0, 0, 0, 0, 9680, 1, 241),
(480, 'payable', 3, 'tool plaza', 1, 0, 0, 0, 9680, 0, 0, 241),
(481, 'expense', 26, 'service greece', 0, 0, 0, 0, 0, 1500, 1, 242),
(482, 'payable', 3, 'service greece', 1, 0, 0, 0, 1500, 0, 0, 242),
(483, 'expense', 23, 'oil change saban soutar', 0, 0, 0, 0, 0, 500, 1, 243),
(484, 'payable', 3, 'oil change & sabun suter', 1, 0, 0, 0, 500, 0, 0, 243),
(485, 'expense', 27, 'depo exp + custom exp', 0, 0, 0, 0, 0, 1800, 1, 244),
(486, 'payable', 3, 'depo exp + custom exp', 1, 0, 0, 0, 1800, 0, 0, 244),
(487, 'expense', 23, 'oil change saban soutar', 0, 0, 0, 0, 0, 400, 1, 245),
(488, 'payable', 3, 'oil change saban soutar', 1, 0, 0, 0, 400, 0, 0, 245),
(489, 'expense', 24, 'chak pirana exp', 0, 0, 0, 0, 0, 1000, 1, 246),
(490, 'payable', 3, 'chak pirana exp', 1, 0, 0, 0, 1000, 0, 0, 246),
(491, 'expense', 19, 'meal expense', 0, 0, 0, 0, 0, 7000, 1, 247),
(492, 'payable', 3, 'meal expense', 1, 0, 0, 0, 7000, 0, 0, 247),
(493, 'expense', 24, 'show polish + electration bill', 0, 0, 0, 0, 0, 1270, 1, 248),
(494, 'payable', 3, 'show polish + electration bill', 1, 0, 0, 0, 1270, 0, 0, 248),
(495, 'expense', 17, '14 ltr mobil oil', 0, 0, 0, 0, 0, 5040, 1, 249),
(496, 'payable', 3, '14 ltr mobil oil', 1, 0, 0, 0, 5040, 0, 0, 249),
(497, 'expense', 1, 'hsd 722 ltr', 0, 0, 0, 0, 0, 62525, 1, 250),
(498, 'payable', 3, 'hsd 722 ltr', 2, 0, 0, 0, 62525, 0, 0, 250),
(499, 'expense', 18, 'tool plaza', 0, 0, 0, 0, 0, 9680, 1, 251),
(500, 'payable', 3, 'tool plaza', 1, 0, 0, 0, 9680, 0, 0, 251),
(501, 'expense', 26, 'Servies', 0, 0, 0, 0, 0, 1000, 1, 252),
(502, 'payable', 3, 'Servies', 1, 0, 0, 0, 1000, 0, 0, 252),
(503, 'expense', 23, '', 0, 0, 0, 0, 0, 500, 1, 253),
(504, 'payable', 3, 'oil change & sabun suter', 1, 0, 0, 0, 500, 0, 0, 253),
(505, 'expense', 27, 'depo exp', 0, 0, 0, 0, 0, 1300, 1, 254),
(506, 'payable', 3, 'depo exp', 1, 0, 0, 0, 1300, 0, 0, 254),
(507, 'expense', 23, 'oil change saban soutar', 0, 0, 0, 0, 0, 400, 1, 255),
(508, 'payable', 3, 'oil change saban soutar', 1, 0, 0, 0, 400, 0, 0, 255),
(509, 'expense', 29, 'electration bill', 0, 0, 0, 0, 0, 540, 1, 256),
(510, 'payable', 3, 'electration bill', 1, 0, 0, 0, 540, 0, 0, 256),
(511, 'expense', 24, 'tire pincture + getts', 0, 0, 0, 0, 0, 500, 1, 257),
(512, 'payable', 3, 'tire pincture + getts', 1, 0, 0, 0, 500, 0, 0, 257),
(513, 'expense', 27, 'chak piran depo exp', 0, 0, 0, 0, 0, 1000, 1, 258),
(514, 'payable', 3, 'chak pirana depo exp', 1, 0, 0, 0, 1000, 0, 0, 258),
(515, 'expense', 19, 'meal expense', 0, 0, 0, 0, 0, 6000, 1, 259),
(516, 'payable', 3, 'meal expense', 1, 0, 0, 0, 6000, 0, 0, 259),
(517, 'expense', 17, '14 ltr mobil oil', 0, 0, 0, 0, 0, 5040, 1, 260),
(518, 'payable', 3, '14 ltr mobil oil', 1, 0, 0, 0, 5040, 0, 0, 260),
(519, 'expense', 1, 'hsd 783 ltr', 0, 0, 0, 0, 0, 67808, 1, 261),
(520, 'payable', 3, 'hsd 783 ltr', 2, 0, 0, 0, 67808, 0, 0, 261),
(521, 'expense', 18, 'tool plaza', 0, 0, 0, 0, 0, 9680, 1, 262),
(522, 'payable', 3, 'tool plaza', 1, 0, 0, 0, 9680, 0, 0, 262),
(523, 'expense', 26, 'Servies', 0, 0, 0, 0, 0, 1000, 1, 263),
(524, 'payable', 3, 'Servies', 1, 0, 0, 0, 1000, 0, 0, 263),
(525, 'expense', 23, '', 0, 0, 0, 0, 0, 500, 1, 264),
(526, 'payable', 3, '', 1, 0, 0, 0, 500, 0, 0, 264),
(527, 'expense', 27, 'depo exp', 0, 0, 0, 0, 0, 1300, 1, 265),
(528, 'payable', 3, 'depo exp', 1, 0, 0, 0, 1300, 0, 0, 265),
(529, 'expense', 23, 'oil change saban soutar', 0, 0, 0, 0, 0, 400, 1, 266),
(530, 'payable', 3, 'oil change saban soutar', 1, 0, 0, 0, 400, 0, 0, 266),
(531, 'expense', 19, 'meal expense', 0, 0, 0, 0, 0, 7000, 1, 267),
(532, 'payable', 3, 'meal expense', 1, 0, 0, 0, 7000, 0, 0, 267),
(533, 'expense', 24, 'chak pirana exp', 0, 0, 0, 0, 0, 1000, 1, 268),
(534, 'payable', 3, 'chak pirana exp', 1, 0, 0, 0, 1000, 0, 0, 268),
(535, 'expense', 24, 'rim change', 0, 0, 0, 0, 0, 6000, 1, 269),
(536, 'payable', 3, 'rim change', 1, 0, 0, 0, 6000, 0, 0, 269),
(537, 'expense', 24, 'jeck repair + hetralik', 0, 0, 0, 0, 0, 1230, 1, 270),
(538, 'payable', 3, 'jeck repair + hetralik', 1, 0, 0, 0, 1230, 0, 0, 270),
(539, 'expense', 28, 'pincture ', 0, 0, 0, 0, 0, 700, 1, 271),
(540, 'payable', 3, 'pincture', 1, 0, 0, 0, 700, 0, 0, 271),
(541, 'expense', 24, 'barri', 0, 0, 0, 0, 0, 700, 1, 272),
(542, 'payable', 3, 'barri', 1, 0, 0, 0, 700, 0, 0, 272),
(543, 'expense', 17, '14 ltr mobil oil', 0, 0, 0, 0, 0, 5040, 1, 273),
(544, 'payable', 3, '14 ltr mobil oil', 1, 0, 0, 0, 5040, 0, 0, 273),
(545, 'expense', 1, 'hsd 795 ltr', 0, 0, 0, 0, 0, 68847, 1, 274),
(546, 'payable', 3, 'hsd 795 ltr', 2, 0, 0, 0, 68847, 0, 0, 274),
(547, 'expense', 24, 'tracker fee bank alfalah', 0, 0, 0, 0, 0, 8000, 1, 275),
(548, 'payable', 3, 'tracker fee bank alfalah', 1, 0, 0, 0, 8000, 0, 0, 275),
(549, 'receivable', 3, 'orix leasing pakistan limited', 0, 0, 0, 0, 37536, 0, 0, 276),
(550, 'payable', 3, 'orix leasing pakistan limited', 1, 0, 0, 0, 0, 37536, 1, 276),
(551, 'expense', 18, 'tool plaza', 0, 0, 0, 0, 0, 9680, 1, 277),
(552, 'payable', 3, 'tool plaza', 1, 0, 0, 0, 9680, 0, 0, 277),
(553, 'expense', 27, 'depo exp', 0, 0, 0, 0, 0, 1300, 1, 278),
(554, 'payable', 3, 'depo exp', 1, 0, 0, 0, 1300, 0, 0, 278),
(555, 'expense', 26, 'service greece', 0, 0, 0, 0, 0, 1500, 1, 279),
(556, 'payable', 3, 'service greece', 1, 0, 0, 0, 1500, 0, 0, 279),
(557, 'expense', 23, 'oil change saban soutar', 0, 0, 0, 0, 0, 500, 1, 280),
(558, 'payable', 3, 'oil change & sabun suter', 1, 0, 0, 0, 500, 0, 0, 280),
(559, 'expense', 23, 'oil change saban soutar', 0, 0, 0, 0, 0, 400, 1, 281),
(560, 'payable', 3, 'oil change saban soutar', 1, 0, 0, 0, 400, 0, 0, 281),
(561, 'expense', 24, '2 add latoo ghool', 0, 0, 0, 0, 0, 100, 1, 282),
(562, 'payable', 3, '2 add latoo ghool', 1, 0, 0, 0, 100, 0, 0, 282),
(563, 'expense', 28, '2 aded pincture', 0, 0, 0, 0, 0, 460, 1, 283),
(564, 'payable', 3, '2 aded pincture', 1, 0, 0, 0, 460, 0, 0, 283),
(565, 'expense', 24, 'chak pirana', 0, 0, 0, 0, 0, 1000, 1, 284),
(566, 'payable', 3, 'chak pirana', 1, 0, 0, 0, 1000, 0, 0, 284),
(567, 'expense', 19, 'meal expense', 0, 0, 0, 0, 0, 5000, 1, 285),
(568, 'payable', 3, 'meal expense', 1, 0, 0, 0, 5000, 0, 0, 285),
(569, 'expense', 17, '14 ltr mobil oil', 0, 0, 0, 0, 0, 5020, 1, 286),
(570, 'payable', 3, '14 ltr mobil oil', 1, 0, 0, 0, 5020, 0, 0, 286),
(571, 'expense', 1, 'hsd 732 ltr', 0, 0, 0, 0, 0, 63391, 1, 287),
(572, 'payable', 3, 'hsd 732 ltr', 2, 0, 0, 0, 63391, 0, 0, 287),
(573, 'expense', 34, 'p.o 763000 # 11945377 from hbl for askri journal insurance for this year', 0, 0, 0, 0, 0, 190750, 1, 288),
(574, 'payable', 3, 'p.o 763000 # 11945377 from hbl for askri journal insurance for this year', 1, 0, 0, 0, 190750, 0, 0, 288),
(575, 'expense', 34, 'p.o 763000 # 11945377 from hbl for askri journal insurance for this year', 0, 0, 0, 0, 0, 190750, 1, 289),
(576, 'payable', 3, 'p.o 763000 # 11945377 from hbl for askri journal insurance for this year', 1, 0, 0, 0, 190750, 0, 0, 289),
(577, 'expense', 34, 'p.o 763000 # 11945377 from hbl for askri journal insurance for this year', 0, 0, 0, 0, 0, 190750, 1, 290),
(578, 'payable', 3, 'p.o 763000 # 11945377 from hbl for askri journal insurance for this year', 1, 0, 0, 0, 190750, 0, 0, 290),
(579, 'expense', 34, 'p.o 763000 # 11945377 from hbl for askri journal insurance for this year', 0, 0, 0, 0, 0, 190750, 1, 291),
(580, 'payable', 3, 'p.o 763000 # 11945377 from hbl for askri journal insurance for this year', 1, 0, 0, 0, 190750, 0, 0, 291),
(581, 'expense', 18, 'tool plaza', 0, 0, 0, 0, 0, 9680, 1, 292),
(582, 'payable', 3, 'tool plaza', 1, 0, 0, 0, 9680, 0, 0, 292),
(583, 'expense', 26, 'service greece', 0, 0, 0, 0, 0, 1500, 1, 293),
(584, 'payable', 3, 'service greece', 1, 0, 0, 0, 1500, 0, 0, 293),
(585, 'expense', 27, 'depo exp al-abbas', 0, 0, 0, 0, 0, 3000, 1, 294),
(586, 'payable', 3, 'depo exp al-abbas', 1, 0, 0, 0, 3000, 0, 0, 294),
(587, 'expense', 23, '', 0, 0, 0, 0, 0, 400, 1, 295),
(588, 'payable', 3, 'oil change & sabun suter', 1, 0, 0, 0, 400, 0, 0, 295),
(589, 'expense', 29, 'electration bill', 0, 0, 0, 0, 0, 390, 1, 296),
(590, 'payable', 3, 'electration bill', 1, 0, 0, 0, 390, 0, 0, 296),
(591, 'expense', 19, 'meal expense', 0, 0, 0, 0, 0, 9000, 1, 297),
(592, 'payable', 3, 'meal expense', 1, 0, 0, 0, 9000, 0, 0, 297),
(593, 'expense', 24, 'tube + getts', 0, 0, 0, 0, 0, 1500, 1, 298),
(594, 'payable', 3, 'tube + getts', 1, 0, 0, 0, 1500, 0, 0, 298),
(595, 'expense', 17, '14 ltr lube ( mobile)', 0, 0, 0, 0, 0, 5040, 1, 299),
(596, 'payable', 3, '14 ltr lube ( mobile)', 1, 0, 0, 0, 5040, 0, 0, 299),
(597, 'expense', 1, 'hsd 878 ltr', 0, 0, 0, 0, 0, 76045, 1, 300),
(598, 'payable', 3, 'hsd 878 ltr', 2, 0, 0, 0, 76045, 0, 0, 300),
(599, 'expense', 31, '2 aded new tire no:1(y4m113369) tire no: 2 (y4m113295)', 0, 0, 0, 0, 0, 79000, 1, 301),
(600, 'payable', 3, '2 aded new tire no:1(y4m113369) tire no: 2 (y4m113295)', 1, 0, 0, 0, 79000, 0, 0, 301),
(601, 'expense', 18, 'tool plaza', 0, 0, 0, 0, 0, 9680, 1, 302),
(602, 'payable', 3, 'tool plaza', 1, 0, 0, 0, 9680, 0, 0, 302),
(603, 'expense', 26, 'service greece', 0, 0, 0, 0, 0, 1500, 1, 303),
(604, 'payable', 3, 'service greece', 1, 0, 0, 0, 1500, 0, 0, 303),
(605, 'expense', 27, 'depo exp', 0, 0, 0, 0, 0, 1300, 1, 304),
(606, 'payable', 3, 'depo exp', 1, 0, 0, 0, 1300, 0, 0, 304),
(607, 'expense', 23, '', 0, 0, 0, 0, 0, 400, 1, 305),
(608, 'payable', 3, 'oil change & sabun suter', 1, 0, 0, 0, 400, 0, 0, 305),
(609, 'expense', 19, 'meal expense', 0, 0, 0, 0, 0, 7000, 1, 306),
(610, 'payable', 3, 'meal expense', 1, 0, 0, 0, 7000, 0, 0, 306),
(611, 'expense', 24, 'c oil for jek', 0, 0, 0, 0, 0, 150, 1, 307),
(612, 'payable', 3, 'c oil for jek', 1, 0, 0, 0, 150, 0, 0, 307),
(613, 'expense', 24, 'fillter + kalump', 0, 0, 0, 0, 0, 450, 1, 308),
(614, 'payable', 3, 'fillter + kalump', 1, 0, 0, 0, 450, 0, 0, 308),
(615, 'expense', 24, 'driver medicine', 0, 0, 0, 0, 0, 400, 1, 309),
(616, 'payable', 3, 'driver medicine', 1, 0, 0, 0, 400, 0, 0, 309),
(617, 'expense', 24, 'pincture + gett', 0, 0, 0, 0, 0, 1300, 1, 310),
(618, 'payable', 3, 'pincture + gett', 1, 0, 0, 0, 1300, 0, 0, 310),
(619, 'expense', 17, '14 ltr mobil oil', 0, 0, 0, 0, 0, 5040, 1, 311),
(620, 'payable', 3, '', 1, 0, 0, 0, 5040, 0, 0, 311),
(621, 'expense', 1, 'hsd 811 ltr', 0, 0, 0, 0, 0, 70232, 1, 312),
(622, 'payable', 3, 'hsd 811 ltr', 2, 0, 0, 0, 70232, 0, 0, 312),
(623, 'expense', 37, 'Shortage_quntity => 395 Price/Unit => 78.80 Product =>PMG', 0, 0, 0, 0, 0, 31126, 1, 313),
(624, 'payable', 3, 'Shortage_quntity => 395 Price/Unit => 78.80 Product =>PMG', 1, 0, 0, 0, 31126, 0, 0, 313),
(625, 'expense', 18, 'tool plaza', 0, 0, 0, 0, 0, 9680, 1, 314),
(626, 'payable', 3, 'tool plaza', 1, 0, 0, 0, 9680, 0, 0, 314),
(627, 'expense', 26, 'service greece', 0, 0, 0, 0, 0, 1500, 1, 315),
(628, 'payable', 3, 'service greece', 1, 0, 0, 0, 1500, 0, 0, 315),
(629, 'expense', 27, 'depo exp', 0, 0, 0, 0, 0, 1300, 1, 316),
(630, 'payable', 3, 'depo exp', 1, 0, 0, 0, 1300, 0, 0, 316),
(631, 'expense', 23, 'oil change saban soutar', 0, 0, 0, 0, 0, 400, 1, 317),
(632, 'payable', 3, 'oil change & sabun suter', 1, 0, 0, 0, 400, 0, 0, 317),
(633, 'expense', 19, 'meal expense', 0, 0, 0, 0, 0, 7000, 1, 318),
(634, 'payable', 3, 'meal expense', 1, 0, 0, 0, 7000, 0, 0, 318),
(635, 'expense', 1, 'hsd 283 ltr khtour', 0, 0, 0, 0, 0, 24500, 1, 319),
(636, 'payable', 3, 'hsd 283 ltr khtour', 1, 0, 0, 0, 24500, 0, 0, 319),
(637, 'expense', 1, 'hsd 130 ltr sakhar', 0, 0, 0, 0, 0, 11505, 1, 320),
(638, 'payable', 3, 'hsd 130 ltr sakhar', 1, 0, 0, 0, 11505, 0, 0, 320),
(639, 'expense', 24, 'pincture+getts+4 aded', 0, 0, 0, 0, 0, 1800, 1, 321),
(640, 'payable', 3, 'pincture+getts+4 aded', 1, 0, 0, 0, 1800, 0, 0, 321),
(641, 'expense', 24, 'seat repair', 0, 0, 0, 0, 0, 700, 1, 322),
(642, 'payable', 3, 'seat repair', 1, 0, 0, 0, 700, 0, 0, 322),
(643, 'expense', 24, 'tanki rakab', 0, 0, 0, 0, 0, 500, 1, 323),
(644, 'payable', 3, 'tanki rakab', 1, 0, 0, 0, 500, 0, 0, 323),
(645, 'expense', 27, 'admore depo exp', 0, 0, 0, 0, 0, 700, 1, 324),
(646, 'payable', 3, 'admore depo exp', 1, 0, 0, 0, 700, 0, 0, 324),
(647, 'expense', 26, 'gress+service skp', 0, 0, 0, 0, 0, 1500, 1, 325),
(648, 'payable', 3, 'gress+service skp', 1, 0, 0, 0, 1500, 0, 0, 325),
(649, 'expense', 17, '14 ltr mobile oil', 0, 0, 0, 0, 0, 5040, 1, 326),
(650, 'payable', 3, '14 ltr mobile oil', 1, 0, 0, 0, 5040, 0, 0, 326),
(651, 'expense', 1, 'hsd 265 ltr ', 0, 0, 0, 0, 0, 22949, 1, 327),
(652, 'payable', 3, 'hsd 265 ltr ', 2, 0, 0, 0, 22949, 0, 0, 327),
(653, 'expense', 37, 'Shortage_quantity => 297 Price/Unit => 78.2801 Product =>PMG', 0, 0, 0, 0, 0, 23249.19, 1, 328),
(654, 'payable', 37, 'Shortage_quantity => 297 Price/Unit => 78.2801 Product =>PMG', 0, 0, 0, 0, 23249.19, 0, 0, 328),
(655, 'expense', 31, '2 aded tyres 1.dot 322L(3dy 3514) 2.dot 322L(3dy 3614)', 0, 0, 0, 0, 0, 79000, 1, 329),
(656, 'payable', 3, '2 aded tyres 1.dot 322L(3dy 3514) 2.dot 322L(3dy 3614)', 1, 0, 0, 0, 79000, 0, 0, 329),
(657, 'expense', 32, 'Second instlament', 0, 0, 0, 0, 0, 287527, 1, 330),
(658, 'payable', 32, 'Second instlament', 1, 0, 0, 0, 287527, 0, 0, 330),
(659, 'expense', 32, 'Second instlament', 0, 0, 0, 0, 0, 287527, 1, 331),
(660, 'payable', 32, 'Second instlament', 1, 0, 0, 0, 287527, 0, 0, 331),
(661, 'expense', 32, 'Pay Second instlament', 0, 0, 0, 0, 0, 326460, 1, 332),
(662, 'payable', 32, 'Pay Second instlament', 1, 0, 0, 0, 326460, 0, 0, 332);
INSERT INTO `voucher_entry` (`id`, `ac_type`, `account_title_id`, `description`, `related_other_agent`, `related_customer`, `related_contractor`, `related_company`, `credit_amount`, `debit_amount`, `dr_cr`, `journal_voucher_id`) VALUES
(663, 'expense', 32, 'Pay Second instlament', 0, 0, 0, 0, 0, 326460, 1, 333),
(664, 'payable', 32, 'Pay Second instlament', 1, 0, 0, 0, 326460, 0, 0, 333),
(665, 'expense', 32, 'Pay Second instlament', 0, 0, 0, 0, 0, 326460, 1, 334),
(666, 'payable', 32, 'Pay Second instlament', 1, 0, 0, 0, 326460, 0, 0, 334),
(667, 'expense', 32, 'Pay Second instlament', 0, 0, 0, 0, 0, 326460, 1, 335),
(668, 'payable', 32, 'Pay Second instlament', 1, 0, 0, 0, 326460, 0, 0, 335),
(669, 'expense', 30, 'At destination Shortage_quantity => 385 Price/Unit => 78.2801 Product =>PMG', 0, 0, 0, 0, 0, 30137.8385, 1, 336),
(670, 'payable', 30, 'At destination Shortage_quantity => 385 Price/Unit => 78.2801 Product =>PMG', 0, 0, 0, 3, 30137.8385, 0, 0, 336),
(671, 'expense', 38, 'Shortage_quantity => 484 Price/Unit => 75.70 Product =>PMG', 0, 0, 0, 0, 0, 36638.8, 1, 337),
(672, 'payable', 3, 'Shortage_quantity => 484 Price/Unit => 75.70 Product =>PMG', 1, 0, 0, 0, 36638.8, 0, 0, 337),
(673, 'expense', 37, 'Shortage_quantity => 80 Price/Unit => 71.0545 Product =>HSD', 0, 0, 0, 0, 0, 5684.36, 1, 338),
(674, 'payable', 37, 'Shortage_quantity => 80 Price/Unit => 71.0545 Product =>HSD', 0, 0, 0, 1, 5684.36, 0, 0, 338),
(675, 'expense', 30, 'At destination Shortage_quantity => 620 Price/Unit => 43.7868054 Product =>FARNES', 0, 0, 0, 0, 0, 27147.819348, 1, 339),
(676, 'payable', 30, 'At destination Shortage_quantity => 620 Price/Unit => 43.7868054 Product =>FARNES', 0, 0, 0, 1, 27147.819348, 0, 0, 339),
(677, 'expense', 1, 'HSD 827 LTR FROM HADIR F/S', 0, 0, 0, 0, 0, 66987, 1, 340),
(678, 'payable', 1, 'HSD 827 LTR FROM HADIR F/S', 1, 0, 0, 0, 66987, 0, 0, 340),
(679, 'expense', 3, 'Advance cash from hadir f/s', 0, 0, 0, 0, 0, 30000, 1, 341),
(680, 'payable', 3, 'Advance cash from hadir f/s', 1, 0, 0, 0, 30000, 0, 0, 341),
(685, 'expense', 30, 'At destination Shortage_quantity => 200 Price/Unit => 99 Product =>HSD', 0, 0, 0, 0, 0, 19800, 1, 344),
(686, 'payable', 30, 'At destination Shortage_quantity => 200 Price/Unit => 99 Product =>HSD', 0, 0, 0, 1, 19800, 0, 0, 344),
(687, 'expense', 30, 'At destination Shortage_quantity => 200 Price/Unit => 99 Product =>HSD', 0, 0, 0, 0, 0, 19800, 1, 345),
(688, 'payable', 30, 'At destination Shortage_quantity => 200 Price/Unit => 99 Product =>HSD', 1, 0, 0, 0, 19800, 0, 0, 345),
(689, 'expense', 1, '', 0, 0, 0, 0, 0, 5000, 1, 346),
(690, 'bank', 3, '', 0, 0, 0, 0, 5000, 0, 0, 346),
(691, 'expense', 37, 'Shortage_quantity => 757 Price/Unit => 75.70 Product =>PMG', 0, 0, 0, 0, 0, 57304.9, 1, 347),
(692, 'payable', 3, 'Shortage_quantity => 757 Price/Unit => 75.70 Product =>PMG', 1, 0, 0, 0, 57304.9, 0, 0, 347),
(693, 'expense', 37, 'Shortage_quantity => 845 Price/Unit => 75.70 Product =>PMG', 0, 0, 0, 0, 0, 63966.5, 1, 348),
(694, 'payable', 3, 'Shortage_quantity => 845 Price/Unit => 75.70 Product =>PMG', 1, 0, 0, 0, 63966.5, 0, 0, 348),
(695, 'expense', 37, 'Shortage_quantity => 609 Price/Unit => 75.70 Product =>PMG', 0, 0, 0, 0, 0, 46101.3, 1, 349),
(696, 'payable', 3, 'Shortage_quantity => 609 Price/Unit => 75.70 Product =>PMG', 1, 0, 0, 0, 46101.3, 0, 0, 349),
(697, 'expense', 18, 'tool plaza', 0, 0, 0, 0, 0, 9680, 1, 350),
(698, 'payable', 3, 'tool plaza', 1, 0, 0, 0, 9680, 0, 0, 350),
(699, 'expense', 26, 'service greece', 0, 0, 0, 0, 0, 1500, 1, 351),
(700, 'payable', 3, 'service greece', 1, 0, 0, 0, 1500, 0, 0, 351),
(701, 'expense', 27, 'depo exp', 0, 0, 0, 0, 0, 1300, 1, 352),
(702, 'payable', 3, 'depo exp', 1, 0, 0, 0, 1300, 0, 0, 352),
(703, 'expense', 23, '', 0, 0, 0, 0, 0, 400, 1, 353),
(704, 'payable', 3, 'oil change & sabun suter', 1, 0, 0, 0, 400, 0, 0, 353),
(705, 'expense', 19, 'meal expense', 0, 0, 0, 0, 0, 8000, 1, 354),
(706, 'payable', 3, 'meal expense', 1, 0, 0, 0, 8000, 0, 0, 354),
(707, 'expense', 24, 'screen tape +repair', 0, 0, 0, 0, 0, 1500, 1, 355),
(708, 'payable', 3, 'screen tape +repair', 1, 0, 0, 0, 1500, 0, 0, 355),
(709, 'expense', 28, 'pincture ', 0, 0, 0, 0, 0, 500, 1, 356),
(710, 'payable', 3, 'pincture ', 1, 0, 0, 0, 500, 0, 0, 356),
(711, 'expense', 20, 'Filter expense', 0, 0, 0, 0, 0, 1350, 1, 357),
(712, 'payable', 3, 'Filter expense', 1, 0, 0, 0, 1350, 0, 0, 357),
(713, 'expense', 17, '14 ltr mobil oil', 0, 0, 0, 0, 0, 5040, 1, 358),
(714, 'payable', 3, '14 ltr mobil oil', 1, 0, 0, 0, 5040, 0, 0, 358),
(715, 'expense', 1, 'hsd 830 ltr', 0, 0, 0, 0, 0, 71878, 1, 359),
(716, 'payable', 3, 'hsd 830 ltr', 2, 0, 0, 0, 71878, 0, 0, 359),
(717, 'expense', 18, 'tool plaza', 0, 0, 0, 0, 0, 9680, 1, 360),
(718, 'payable', 3, 'tool plaza', 1, 0, 0, 0, 9680, 0, 0, 360),
(719, 'expense', 26, 'service greece makamal', 0, 0, 0, 0, 0, 2000, 1, 361),
(720, 'payable', 3, 'service greece makamal', 1, 0, 0, 0, 2000, 0, 0, 361),
(721, 'expense', 27, 'depo exp', 0, 0, 0, 0, 0, 1300, 1, 362),
(722, 'payable', 3, 'depo exp', 1, 0, 0, 0, 1300, 0, 0, 362),
(723, 'expense', 23, 'oil change saban soutar', 0, 0, 0, 0, 0, 400, 1, 363),
(724, 'payable', 3, 'oil change & sabun suter', 1, 0, 0, 0, 400, 0, 0, 363),
(725, 'expense', 24, 'number plate lkhwai', 0, 0, 0, 0, 0, 400, 1, 364),
(726, 'payable', 3, 'number plate lkhwai', 1, 0, 0, 0, 400, 0, 0, 364),
(727, 'expense', 24, 'bumpar decoration', 0, 0, 0, 0, 0, 1000, 1, 365),
(728, 'payable', 3, 'bumpar decoration', 1, 0, 0, 0, 1000, 0, 0, 365),
(729, 'expense', 24, 'tokon lagwaye', 0, 0, 0, 0, 0, 11000, 1, 366),
(730, 'payable', 3, 'tokon lagwaye', 1, 0, 0, 0, 11000, 0, 0, 366),
(731, 'expense', 19, 'meal expense', 0, 0, 0, 0, 0, 7000, 1, 367),
(732, 'payable', 3, 'meal expense', 1, 0, 0, 0, 7000, 0, 0, 367),
(733, 'expense', 24, 'kamani work machine + tralla.', 0, 0, 0, 0, 0, 42830, 1, 368),
(734, 'payable', 3, 'kamani work machine + tralla.', 1, 0, 0, 0, 42830, 0, 0, 368),
(735, 'expense', 17, '14 ltr mobil oil', 0, 0, 0, 0, 0, 5040, 1, 369),
(736, 'payable', 3, '14 ltr mobil oil', 1, 0, 0, 0, 5040, 0, 0, 369),
(739, 'dividend', 36, '', 0, 0, 0, 0, 0, 119.22, 1, 372),
(740, 'payable', 36, '', 0, 0, 0, 3, 119.22, 0, 0, 372),
(741, 'expense', 37, ' Shortage_quantity => 120 Price/Unit => 214 Product =>HSD', 0, 0, 0, 0, 0, 25680, 1, 373),
(742, 'payable', 37, ' Shortage_quantity => 120 Price/Unit => 214 Product =>HSD', 0, 0, 0, 3, 25680, 0, 0, 373),
(743, 'expense', 37, ' Shortage_quantity => 182 Price/Unit => 80.6101 Product =>HSD', 0, 0, 0, 0, 0, 14671.0382, 1, 374),
(744, 'payable', 37, ' Shortage_quantity => 182 Price/Unit => 80.6101 Product =>HSD', 0, 0, 0, 1, 14671.0382, 0, 0, 374),
(745, 'expense', 32, 'febuary instlament', 0, 0, 0, 0, 0, 156000, 1, 375),
(746, 'payable', 3, 'febuary instlament', 1, 0, 0, 0, 156000, 0, 0, 375),
(747, 'bank', 3, 'Advance cash carriage nill', 0, 0, 0, 0, 0, 4168.8, 1, 376),
(748, 'revenue', 40, 'Advance cash carriage nill', 1, 0, 0, 0, 4168.8, 0, 0, 376),
(749, 'dividend', 36, '', 0, 0, 0, 0, 0, 76.88, 1, 377),
(750, 'payable', 36, '', 2, 0, 0, 0, 76.88, 0, 0, 377),
(751, 'dividend', 36, '', 0, 0, 0, 0, 0, 76.88, 1, 378),
(752, 'payable', 36, '', 2, 0, 0, 0, 76.88, 0, 0, 378),
(753, 'dividend', 36, '', 0, 0, 0, 0, 0, 0, 1, 379),
(754, 'payable', 36, '', 2, 0, 0, 0, 0, 0, 0, 379),
(755, 'dividend', 36, '', 0, 0, 0, 0, 0, 0, 1, 380),
(756, 'payable', 36, '', 2, 0, 0, 0, 0, 0, 0, 380),
(757, 'expense', 37, ' Shortage_quantity => 89 Price/Unit => 80.6101 Product =>HSD', 0, 0, 0, 0, 0, 7174.2989, 1, 381),
(758, 'payable', 37, ' Shortage_quantity => 89 Price/Unit => 80.6101 Product =>HSD', 0, 0, 0, 1, 7174.2989, 0, 0, 381),
(759, 'expense', 37, ' Shortage_quantity => 245 Price/Unit => 80.6101 Product =>HSD', 0, 0, 0, 0, 0, 19749.4745, 1, 382),
(760, 'payable', 37, ' Shortage_quantity => 245 Price/Unit => 80.6101 Product =>HSD', 0, 0, 0, 1, 19749.4745, 0, 0, 382),
(761, 'expense', 37, ' Shortage_quantity => 40 Price/Unit => 81.3850 Product =>PMG', 0, 0, 0, 0, 0, 3255.4, 1, 383),
(762, 'payable', 37, ' Shortage_quantity => 40 Price/Unit => 81.3850 Product =>PMG', 0, 0, 0, 1, 3255.4, 0, 0, 383),
(763, 'expense', 1, 'HSD 846 LTR', 0, 0, 0, 0, 0, 73263, 1, 384),
(764, 'payable', 3, 'HSD 846 LTR', 2, 0, 0, 0, 73263, 0, 0, 384),
(769, 'expense', 26, 'service greece', 0, 0, 0, 0, 0, 1500, 1, 387),
(770, 'payable', 3, 'service greece', 1, 0, 0, 0, 1500, 0, 0, 387),
(771, 'expense', 26, 'service greece', 0, 0, 0, 0, 0, 2000, 1, 388),
(772, 'payable', 3, 'service greece', 1, 0, 0, 0, 2000, 0, 0, 388),
(773, 'expense', 26, 'service greece', 0, 0, 0, 0, 0, 1500, 1, 389),
(774, 'payable', 3, 'service greece', 1, 0, 0, 0, 1500, 0, 0, 389),
(775, 'expense', 26, 'service greece', 0, 0, 0, 0, 0, 1500, 1, 390),
(776, 'payable', 3, 'service greece', 1, 0, 0, 0, 1500, 0, 0, 390),
(777, 'expense', 26, 'service greece', 0, 0, 0, 0, 0, 1500, 1, 391),
(778, 'payable', 3, 'service greece', 1, 0, 0, 0, 1500, 0, 0, 391),
(779, 'expense', 26, 'service greece', 0, 0, 0, 0, 0, 1500, 1, 392),
(780, 'payable', 3, 'service greece', 1, 0, 0, 0, 1500, 0, 0, 392),
(783, 'expense', 37, ' Shortage_quantity => 144 Price/Unit => 80.6101 Product =>HSD', 0, 0, 0, 0, 0, 11607.8544, 1, 394),
(784, 'payable', 37, ' Shortage_quantity => 144 Price/Unit => 80.6101 Product =>HSD', 0, 0, 0, 1, 11607.8544, 0, 0, 394),
(785, 'expense', 26, 'service greece', 0, 0, 0, 0, 0, 1500, 1, 395),
(786, 'payable', 3, 'service greece', 1, 0, 0, 0, 1500, 0, 0, 395),
(787, 'expense', 26, 'service greece', 0, 0, 0, 0, 0, 1500, 1, 396),
(788, 'payable', 3, 'service greece', 1, 0, 0, 0, 1500, 0, 0, 396),
(789, 'expense', 24, 'tire banwai', 0, 0, 0, 0, 0, 2200, 1, 397),
(790, 'payable', 3, 'tair banwai', 1, 0, 0, 0, 2200, 0, 0, 397),
(791, 'expense', 37, ' Shortage_quantity => 352 Price/Unit => 70.2901 Product =>PMG', 0, 0, 0, 0, 0, 24742.1152, 1, 398),
(792, 'payable', 37, ' Shortage_quantity => 352 Price/Unit => 70.2901 Product =>PMG', 0, 0, 0, 1, 24742.1152, 0, 0, 398),
(793, 'expense', 37, ' Shortage_quantity => 951 Price/Unit => 67.70 Product =>PMG', 0, 0, 0, 0, 0, 64382.7, 1, 399),
(794, 'payable', 37, ' Shortage_quantity => 951 Price/Unit => 67.70 Product =>PMG', 1, 0, 0, 0, 64382.7, 0, 0, 399),
(795, 'expense', 37, ' Shortage_quantity => 132 Price/Unit => 70.5851 Product =>PMG', 0, 0, 0, 0, 0, 9317.2332, 1, 400),
(796, 'payable', 37, ' Shortage_quantity => 132 Price/Unit => 70.5851 Product =>PMG', 0, 0, 0, 1, 9317.2332, 0, 0, 400),
(797, 'expense', 37, ' Shortage_quantity => 141 Price/Unit => 70.5609 Product =>PMG', 0, 0, 0, 0, 0, 9949.0869, 1, 401),
(798, 'payable', 37, ' Shortage_quantity => 141 Price/Unit => 70.5609 Product =>PMG', 0, 0, 0, 1, 9949.0869, 0, 0, 401),
(799, 'expense', 37, ' Shortage_quantity => 78 Price/Unit => 70.5609 Product =>PMG', 0, 0, 0, 0, 0, 5503.7502, 1, 402),
(800, 'payable', 37, ' Shortage_quantity => 78 Price/Unit => 70.5609 Product =>PMG', 0, 0, 0, 1, 5503.7502, 0, 0, 402),
(801, 'expense', 18, 'Tool plaza', 0, 0, 0, 0, 0, 9680, 1, 403),
(802, 'payable', 3, 'Tool plaza', 1, 0, 0, 0, 9680, 0, 0, 403),
(803, 'expense', 26, 'service greece', 0, 0, 0, 0, 0, 1500, 1, 404),
(804, 'payable', 3, 'service greece', 1, 0, 0, 0, 1500, 0, 0, 404),
(805, 'expense', 27, 'depo exp', 0, 0, 0, 0, 0, 1300, 1, 405),
(806, 'payable', 3, 'depo expl', 1, 0, 0, 0, 1300, 0, 0, 405),
(807, 'expense', 23, 'oil change + saban soutar', 0, 0, 0, 0, 0, 400, 1, 406),
(808, 'payable', 3, 'oil change + saban soutar', 1, 0, 0, 0, 400, 0, 0, 406),
(809, 'expense', 19, 'meal ', 0, 0, 0, 0, 0, 10000, 1, 407),
(810, 'payable', 3, 'meal', 1, 0, 0, 0, 10000, 0, 0, 407),
(811, 'expense', 28, 'tire pincture', 0, 0, 0, 0, 0, 400, 1, 408),
(812, 'payable', 3, 'tire pincture', 1, 0, 0, 0, 400, 0, 0, 408),
(813, 'expense', 24, '588 shekar pur k leye deye', 0, 0, 0, 0, 0, 5000, 1, 409),
(814, 'payable', 3, '588 shekar pur k leye deye', 1, 0, 0, 0, 5000, 0, 0, 409),
(815, 'expense', 24, 'kamani jhoula kam trala makamal', 0, 0, 0, 0, 0, 37000, 1, 410),
(816, 'payable', 3, 'kamani jhoula kam trala makamal', 1, 0, 0, 0, 37000, 0, 0, 410),
(817, 'expense', 22, '14 ltr mobil oil', 0, 0, 0, 0, 0, 5040, 1, 411),
(818, 'payable', 3, '14 ltr mobil oil', 1, 0, 0, 0, 5040, 0, 0, 411),
(819, 'expense', 1, 'hsd 870 ltr', 0, 0, 0, 0, 0, 75342, 1, 412),
(820, 'payable', 3, 'hsd 870 ltr', 2, 0, 0, 0, 75342, 0, 0, 412),
(821, 'expense', 23, 'oil change + saban soutar', 0, 0, 0, 0, 0, 400, 1, 413),
(822, 'payable', 3, 'oil change + saban soutar', 1, 0, 0, 0, 400, 0, 0, 413),
(823, 'expense', 22, '14 ltr mobil oil', 0, 0, 0, 0, 0, 5040, 1, 414),
(824, 'payable', 3, '14 ltr mobil oil', 1, 0, 0, 0, 5040, 0, 0, 414),
(825, 'expense', 18, 'Tool plaza', 0, 0, 0, 0, 0, 9680, 1, 415),
(826, 'payable', 3, 'Tool plaza', 1, 0, 0, 0, 9680, 0, 0, 415),
(827, 'expense', 26, 'service greece', 0, 0, 0, 0, 0, 1500, 1, 416),
(828, 'payable', 3, 'service greece', 1, 0, 0, 0, 1500, 0, 0, 416),
(829, 'expense', 27, 'depo exp', 0, 0, 0, 0, 0, 1300, 1, 417),
(830, 'payable', 3, 'depo expl', 1, 0, 0, 0, 1300, 0, 0, 417),
(831, 'expense', 23, 'oil change + saban soutar', 0, 0, 0, 0, 0, 400, 1, 418),
(832, 'payable', 3, 'oil change + saban soutar', 1, 0, 0, 0, 400, 0, 0, 418),
(833, 'expense', 24, 'Wheel kablay 8 aded', 0, 0, 0, 0, 0, 3450, 1, 419),
(834, 'payable', 3, 'Wheel kablay 8 aded', 1, 0, 0, 0, 3450, 0, 0, 419),
(835, 'expense', 29, 'electration bill', 0, 0, 0, 0, 0, 860, 1, 420),
(836, 'payable', 3, 'electration bill', 1, 0, 0, 0, 860, 0, 0, 420),
(837, 'expense', 24, 'pressure pipe', 0, 0, 0, 0, 0, 350, 1, 421),
(838, 'payable', 3, 'pressure pipe', 1, 0, 0, 0, 350, 0, 0, 421),
(839, 'expense', 20, 'fillter', 0, 0, 0, 0, 0, 1020, 1, 422),
(840, 'payable', 3, 'fillter', 1, 0, 0, 0, 1020, 0, 0, 422),
(841, 'expense', 24, 'kamani kam khch pin', 0, 0, 0, 0, 0, 41000, 1, 423),
(842, 'payable', 3, 'kamani kam khch pin', 1, 0, 0, 0, 41000, 0, 0, 423),
(843, 'expense', 19, 'meal ', 0, 0, 0, 0, 0, 11000, 1, 424),
(844, 'payable', 3, 'meal', 1, 0, 0, 0, 11000, 0, 0, 424),
(845, 'expense', 24, 'chakpirana exp', 0, 0, 0, 0, 0, 1000, 1, 425),
(846, 'payable', 3, 'chakpirana exp', 1, 0, 0, 0, 1000, 0, 0, 425),
(847, 'expense', 22, '14 ltr mobil oil', 0, 0, 0, 0, 0, 5040, 1, 426),
(848, 'payable', 3, '14 ltr mobil oil', 1, 0, 0, 0, 5040, 0, 0, 426),
(849, 'expense', 1, 'hsd 834 ltr', 0, 0, 0, 0, 0, 72224, 1, 427),
(850, 'payable', 3, 'hsd 834 ltr', 2, 0, 0, 0, 72224, 0, 0, 427),
(851, 'expense', 3, 'for calibration letter TLC-944', 0, 0, 0, 0, 0, 1000, 1, 428),
(852, 'payable', 3, 'for calibration letter TLC-944', 1, 0, 0, 0, 1000, 0, 0, 428),
(853, 'expense', 32, 'Instalment fee february 2015', 0, 0, 0, 0, 0, 219217, 1, 429),
(854, 'payable', 3, 'Instalment fee february 2015', 1, 0, 0, 0, 219217, 0, 0, 429),
(855, 'expense', 32, 'Instalment fee february 2015', 0, 0, 0, 0, 0, 219217, 1, 430),
(856, 'payable', 3, 'Instalment fee february 2015', 1, 0, 0, 0, 219217, 0, 0, 430),
(857, 'expense', 32, 'Instalment fee february 2015', 0, 0, 0, 0, 0, 213820, 1, 431),
(858, 'payable', 3, 'Instalment fee february 2015', 1, 0, 0, 0, 213820, 0, 0, 431),
(859, 'expense', 32, 'Instalment fee february 2015', 0, 0, 0, 0, 0, 157155, 1, 432),
(860, 'payable', 3, 'Instalment fee february 2015', 1, 0, 0, 0, 157155, 0, 0, 432),
(861, 'expense', 32, 'Instalment fee february 2015', 0, 0, 0, 0, 0, 156000, 1, 433),
(862, 'payable', 3, 'Instalment fee february 2015', 1, 0, 0, 0, 156000, 0, 0, 433),
(863, 'expense', 41, 'salari 670 driver + helper', 0, 0, 0, 0, 0, 41000, 1, 434),
(864, 'payable', 3, 'salari 670 driver + helper', 1, 0, 0, 0, 41000, 0, 0, 434),
(865, 'expense', 24, 'salri 163 driver + helper', 0, 0, 0, 0, 0, 26000, 1, 435),
(866, 'payable', 3, 'salri 163 driver + helper', 1, 0, 0, 0, 26000, 0, 0, 435),
(867, 'expense', 41, 'salri 163 driver + helper', 0, 0, 0, 0, 0, 26000, 1, 436),
(868, 'payable', 3, 'salri 163 driver + helper', 1, 0, 0, 0, 26000, 0, 0, 436),
(869, 'expense', 41, 'salari 163 driver + helper', 0, 0, 0, 0, 0, 26000, 1, 437),
(870, 'payable', 3, 'salari 163 driver + helper', 2, 0, 0, 0, 26000, 0, 0, 437),
(871, 'expense', 41, 'salari 670 driver + helper', 0, 0, 0, 0, 0, 41000, 1, 438),
(872, 'payable', 3, 'salari 670 driver + helper', 2, 0, 0, 0, 41000, 0, 0, 438),
(873, 'expense', 41, 'salari 1454 driver + helper', 0, 0, 0, 0, 0, 41000, 1, 439),
(874, 'payable', 3, 'salari 1454 driver + helper', 1, 0, 0, 0, 41000, 0, 0, 439),
(875, 'expense', 41, 'salari 1454 driver + helper', 0, 0, 0, 0, 0, 41000, 1, 440),
(876, 'payable', 3, 'salari 1454 driver + helper', 2, 0, 0, 0, 41000, 0, 0, 440),
(877, 'expense', 41, 'salari 588 driver + helper', 0, 0, 0, 0, 0, 41000, 1, 441),
(878, 'payable', 3, 'salari 588 driver + helper', 1, 0, 0, 0, 41000, 0, 0, 441),
(879, 'expense', 41, 'salari 588 driver + helper', 0, 0, 0, 0, 0, 41000, 1, 442),
(880, 'payable', 3, 'salari 588 driver + helper', 2, 0, 0, 0, 41000, 0, 0, 442),
(881, 'expense', 41, '800 salari driver + helper', 0, 0, 0, 0, 0, 41000, 1, 443),
(882, 'payable', 3, '800 salari driver + helper', 1, 0, 0, 0, 41000, 0, 0, 443),
(883, 'expense', 41, '800 salari driver + helper', 0, 0, 0, 0, 0, 41000, 1, 444),
(884, 'payable', 3, '800 salari driver + helper', 2, 0, 0, 0, 41000, 0, 0, 444),
(885, 'expense', 41, 'salari 239 driver + helper', 0, 0, 0, 0, 0, 41000, 1, 445),
(886, 'payable', 3, 'salari 239 driver + helper', 1, 0, 0, 0, 41000, 0, 0, 445),
(887, 'expense', 41, 'salari 239 driver + helper', 0, 0, 0, 0, 0, 41000, 1, 446),
(888, 'payable', 3, 'salari 239 driver + helper', 2, 0, 0, 0, 41000, 0, 0, 446),
(889, 'expense', 41, 'salari 238 driver + helper', 0, 0, 0, 0, 0, 41000, 1, 447),
(890, 'payable', 3, 'salari 238 driver + helper', 1, 0, 0, 0, 41000, 0, 0, 447),
(891, 'expense', 41, 'salari 238 driver + helper', 0, 0, 0, 0, 0, 41000, 1, 448),
(892, 'payable', 3, 'salari 238 driver + helper', 2, 0, 0, 0, 41000, 0, 0, 448),
(893, 'expense', 37, ' Shortage_quantity => 564 Price/Unit => 67.70 Product =>PMG', 0, 0, 0, 0, 0, 38182.8, 1, 449),
(894, 'payable', 37, ' Shortage_quantity => 564 Price/Unit => 67.70 Product =>PMG', 1, 0, 0, 0, 38182.8, 0, 0, 449),
(895, 'expense', 37, ' Shortage_quantity => 10.52 Price/Unit => 70.9521 Product =>PMG', 0, 0, 0, 0, 0, 746.416092, 1, 450),
(896, 'payable', 37, ' Shortage_quantity => 10.52 Price/Unit => 70.9521 Product =>PMG', 0, 0, 0, 1, 746.416092, 0, 0, 450),
(897, 'expense', 37, ' Shortage_quantity => 36 Price/Unit => 71.1253 Product =>PMG', 0, 0, 0, 0, 0, 2560.5108, 1, 451),
(898, 'payable', 37, ' Shortage_quantity => 36 Price/Unit => 71.1253 Product =>PMG', 0, 0, 0, 1, 2560.5108, 0, 0, 451),
(899, 'expense', 38, ' Shortage_quantity => 668 Price/Unit => 75.70 Product =>PMG', 0, 0, 0, 0, 0, 50567.6, 1, 452),
(900, 'payable', 38, ' Shortage_quantity => 668 Price/Unit => 75.70 Product =>PMG', 1, 0, 0, 0, 50567.6, 0, 0, 452),
(901, 'expense', 38, ' Shortage_quantity => 668 Price/Unit => 75.70 Product =>PMG', 0, 0, 0, 0, 0, 50567.6, 1, 453),
(902, 'payable', 38, ' Shortage_quantity => 668 Price/Unit => 75.70 Product =>PMG', 1, 0, 0, 0, 50567.6, 0, 0, 453),
(903, 'expense', 38, ' Shortage_quantity => 666 Price/Unit => 75.70 Product =>PMG', 0, 0, 0, 0, 0, 50416.2, 1, 454),
(904, 'payable', 38, ' Shortage_quantity => 666 Price/Unit => 75.70 Product =>PMG', 1, 0, 0, 0, 50416.2, 0, 0, 454),
(905, 'expense', 38, ' Shortage_quantity => 666 Price/Unit => 75.70 Product =>PMG', 0, 0, 0, 0, 0, 50416.2, 1, 455),
(906, 'payable', 38, ' Shortage_quantity => 666 Price/Unit => 75.70 Product =>PMG', 1, 0, 0, 0, 50416.2, 0, 0, 455),
(907, 'expense', 1, 'hsd 100 ltr', 0, 0, 0, 0, 0, 8100, 1, 456),
(908, 'payable', 3, 'hsd 100 ltr', 2, 0, 0, 0, 8100, 0, 0, 456),
(909, 'expense', 37, ' Shortage_quantity => 331 Price/Unit => 71.9186 Product =>PMG', 0, 0, 0, 0, 0, 23805.0566, 1, 457),
(910, 'payable', 37, ' Shortage_quantity => 331 Price/Unit => 71.9186 Product =>PMG', 2, 0, 0, 0, 23805.0566, 0, 0, 457),
(911, 'expense', 37, ' Shortage_quantity => 237 Price/Unit => 82.2631 Product =>HSD', 0, 0, 0, 0, 0, 19496.3547, 1, 458),
(912, 'payable', 37, ' Shortage_quantity => 237 Price/Unit => 82.2631 Product =>HSD', 2, 0, 0, 0, 19496.3547, 0, 0, 458),
(913, 'expense', 3, 'Advance cash ', 0, 0, 0, 0, 0, 5000, 1, 459),
(914, 'payable', 3, 'Advance cash', 2, 0, 0, 0, 5000, 0, 0, 459),
(915, 'expense', 3, 'Mobi cash + easy paisa', 0, 0, 0, 0, 0, 810, 1, 460),
(916, 'payable', 3, 'Mobi cash + easy paisa', 2, 0, 0, 0, 810, 0, 0, 460),
(917, 'expense', 3, 'Mobi cash + easy paisa', 0, 0, 0, 0, 0, 720, 1, 461),
(918, 'payable', 3, 'Mobi cash + easy paisa', 2, 0, 0, 0, 720, 0, 0, 461),
(919, 'expense', 18, 'Tool plaza', 0, 0, 0, 0, 0, 9680, 1, 462),
(920, 'payable', 3, 'Tool plaza', 2, 0, 0, 0, 9680, 0, 0, 462),
(921, 'expense', 26, 'service greece', 0, 0, 0, 0, 0, 1500, 1, 463),
(922, 'payable', 3, 'service greece', 2, 0, 0, 0, 1500, 0, 0, 463),
(923, 'expense', 27, 'depo exp', 0, 0, 0, 0, 0, 1300, 1, 464),
(924, 'payable', 3, 'depo expl', 2, 0, 0, 0, 1300, 0, 0, 464),
(925, 'expense', 23, 'oil change + saban soutar', 0, 0, 0, 0, 0, 400, 1, 465),
(926, 'payable', 3, 'oil change + saban soutar', 2, 0, 0, 0, 400, 0, 0, 465),
(927, 'expense', 24, 'pmc custom exp', 0, 0, 0, 0, 0, 500, 1, 466),
(928, 'payable', 3, 'pmc custom exp', 2, 0, 0, 0, 500, 0, 0, 466),
(929, 'expense', 20, 'fillter', 0, 0, 0, 0, 0, 1110, 1, 467),
(930, 'payable', 3, 'fillter', 2, 0, 0, 0, 1110, 0, 0, 467),
(931, 'expense', 19, 'meal ', 0, 0, 0, 0, 0, 9000, 1, 468),
(932, 'payable', 3, 'meal', 2, 0, 0, 0, 9000, 0, 0, 468),
(933, 'expense', 1, 'hsd 750 ltr', 0, 0, 0, 0, 0, 60750, 1, 469),
(934, 'payable', 3, 'hsd 750 ltr', 2, 0, 0, 0, 60750, 0, 0, 469),
(935, 'expense', 22, '14 ltr mobil oil', 0, 0, 0, 0, 0, 5040, 1, 470),
(936, 'payable', 3, '14 ltr mobil oil', 1, 0, 0, 0, 5040, 0, 0, 470),
(937, 'expense', 37, ' Shortage_quantity => 331 Price/Unit => 71.9186 Product =>PMG', 0, 0, 0, 0, 0, 23805.0566, 1, 471),
(938, 'payable', 37, ' Shortage_quantity => 331 Price/Unit => 71.9186 Product =>PMG', 2, 0, 0, 0, 23805.0566, 0, 0, 471),
(939, 'expense', 3, 'Advance cash ', 0, 0, 0, 0, 0, 2900, 1, 472),
(940, 'payable', 3, 'Advance cash', 2, 0, 0, 0, 2900, 0, 0, 472),
(941, 'expense', 1, 'hsd 100 ltr', 0, 0, 0, 0, 0, 8100, 1, 473),
(942, 'payable', 3, 'hsd 100 ltr', 2, 0, 0, 0, 8100, 0, 0, 473),
(943, 'expense', 3, 'Advance cash ', 0, 0, 0, 0, 0, 1900, 1, 474),
(944, 'payable', 3, 'Advance cash', 2, 0, 0, 0, 1900, 0, 0, 474);

-- --------------------------------------------------------

--
-- Table structure for table `voucher_journal`
--

CREATE TABLE IF NOT EXISTS `voucher_journal` (
  `id` int(11) NOT NULL AUTO_INCREMENT,
  `voucher_date` date NOT NULL,
  `detail` text NOT NULL,
  `person_tid` varchar(100) NOT NULL,
  `trip_id` int(11) NOT NULL,
  `trip_product_detail_id` int(11) NOT NULL,
  `tanker_id` int(11) NOT NULL,
  `driver_id` int(11) NOT NULL,
  `other_tid` int(11) NOT NULL,
  `entryDate` timestamp NOT NULL DEFAULT CURRENT_TIMESTAMP,
  `transaction_column` varchar(100) NOT NULL,
  `ignored` tinyint(4) NOT NULL DEFAULT '0',
  `active` tinyint(4) NOT NULL DEFAULT '1',
  PRIMARY KEY (`id`)
) ENGINE=InnoDB  DEFAULT CHARSET=latin1 AUTO_INCREMENT=475 ;

--
-- Dumping data for table `voucher_journal`
--

INSERT INTO `voucher_journal` (`id`, `voucher_date`, `detail`, `person_tid`, `trip_id`, `trip_product_detail_id`, `tanker_id`, `driver_id`, `other_tid`, `entryDate`, `transaction_column`, `ignored`, `active`) VALUES
(1, '2015-01-10', 'System Generated Voucher', 'customers.1', 210, 0, 7, 0, 0, '2015-01-13 07:11:16', '', 0, 1),
(2, '2015-01-10', 'System Generated Voucher', 'customers.1', 210, 0, 7, 0, 0, '2015-01-13 07:23:51', '', 0, 1),
(3, '2015-01-10', 'System Generated Voucher', 'customers.1', 210, 0, 7, 0, 0, '2015-01-13 07:25:39', '', 0, 0),
(4, '2015-01-10', 'System Generated Voucher', 'customers.1', 210, 0, 7, 0, 0, '2015-01-13 07:29:58', '', 0, 1),
(5, '2015-01-10', 'System Generated Voucher', 'customers.1', 210, 0, 7, 0, 0, '2015-01-13 07:31:48', '', 0, 1),
(6, '2015-01-10', 'System Generated Voucher', 'customers.1', 210, 0, 7, 0, 0, '2015-01-13 07:33:39', '', 0, 1),
(7, '2015-01-10', 'System Generated Voucher', 'customers.1', 210, 0, 7, 0, 0, '2015-01-13 07:35:41', '', 0, 1),
(8, '2015-01-10', 'System Generated Voucher', 'customers.1', 210, 0, 7, 0, 0, '2015-01-13 07:37:58', '', 0, 1),
(9, '2015-01-10', 'System Generated Voucher', 'customers.1', 210, 0, 7, 0, 0, '2015-01-13 07:40:40', '', 0, 1),
(10, '2015-01-10', 'System Generated Voucher', 'customers.1', 210, 0, 7, 0, 0, '2015-01-13 07:42:29', '', 0, 1),
(11, '2015-01-10', 'System Generated Voucher', 'customers.1', 210, 0, 7, 0, 0, '2015-01-13 07:44:45', '', 0, 1),
(12, '2015-01-10', 'System Generated Voucher', 'customers.1', 209, 0, 12, 0, 0, '2015-01-13 08:07:15', '', 0, 1),
(13, '2015-01-10', 'System Generated Voucher', 'customers.1', 209, 0, 12, 0, 0, '2015-01-13 08:09:00', '', 0, 1),
(14, '2015-01-10', 'System Generated Voucher', 'customers.1', 209, 0, 12, 0, 0, '2015-01-13 08:10:02', '', 0, 0),
(15, '2015-01-10', 'System Generated Voucher', 'customers.1', 209, 0, 12, 0, 0, '2015-01-13 08:11:59', '', 0, 1),
(16, '2015-01-10', 'System Generated Voucher', 'customers.1', 209, 0, 12, 0, 0, '2015-01-13 08:13:19', '', 0, 1),
(17, '2015-01-10', 'System Generated Voucher', 'customers.1', 209, 0, 12, 0, 0, '2015-01-13 08:14:53', '', 0, 1),
(18, '2015-01-10', 'System Generated Voucher', 'customers.1', 209, 0, 12, 0, 0, '2015-01-13 08:15:53', '', 0, 1),
(19, '2015-01-10', 'System Generated Voucher', 'customers.1', 209, 0, 12, 0, 0, '2015-01-13 08:17:23', '', 0, 1),
(20, '2015-01-10', 'System Generated Voucher', 'customers.1', 209, 0, 12, 0, 0, '2015-01-13 08:19:52', '', 0, 1),
(21, '2015-01-10', 'System Generated Voucher', 'customers.1', 209, 0, 12, 0, 0, '2015-01-13 08:21:34', '', 0, 1),
(22, '2015-01-10', 'System Generated Voucher', 'customers.1', 206, 0, 9, 0, 0, '2015-01-13 10:39:07', '', 0, 1),
(23, '2015-01-10', 'System Generated Voucher', 'customers.1', 206, 0, 9, 0, 0, '2015-01-13 10:41:08', '', 0, 1),
(24, '2015-01-10', 'System Generated Voucher', 'customers.1', 206, 0, 9, 0, 0, '2015-01-13 10:42:05', '', 0, 0),
(25, '2015-01-10', 'System Generated Voucher', 'customers.1', 206, 0, 9, 0, 0, '2015-01-13 10:43:37', '', 0, 1),
(26, '2015-01-10', 'System Generated Voucher', 'customers.1', 206, 0, 9, 0, 0, '2015-01-13 10:44:44', '', 0, 1),
(27, '2015-01-10', 'System Generated Voucher', 'customers.1', 206, 0, 9, 0, 0, '2015-01-13 10:45:36', '', 0, 1),
(28, '2015-01-10', 'System Generated Voucher', 'customers.1', 206, 0, 9, 0, 0, '2015-01-13 10:46:54', '', 0, 1),
(29, '2015-01-10', 'System Generated Voucher', 'customers.1', 206, 0, 9, 0, 0, '2015-01-13 10:48:39', '', 0, 1),
(30, '2015-01-10', 'System Generated Voucher', 'customers.1', 206, 0, 9, 0, 0, '2015-01-13 10:50:05', '', 0, 1),
(31, '2015-01-10', 'System Generated Voucher', 'customers.1', 206, 0, 9, 0, 0, '2015-01-13 10:51:36', '', 0, 1),
(32, '2015-01-10', 'System Generated Voucher', 'customers.1', 206, 0, 9, 0, 0, '2015-01-13 10:53:10', '', 0, 1),
(33, '2015-01-10', 'System Generated Voucher', 'customers.1', 206, 0, 9, 0, 0, '2015-01-13 10:54:40', '', 0, 1),
(34, '2015-01-10', 'System Generated Voucher', 'customers.1', 218, 0, 3, 0, 0, '2015-01-15 07:19:17', '', 0, 1),
(35, '2015-01-10', 'System Generated Voucher', 'customers.1', 218, 0, 3, 0, 0, '2015-01-15 07:33:18', '', 0, 0),
(36, '2015-01-10', 'System Generated Voucher', 'customers.1', 218, 0, 3, 0, 0, '2015-01-15 07:34:04', '', 0, 0),
(37, '2015-01-10', 'System Generated Voucher', 'customers.1', 218, 0, 3, 0, 0, '2015-01-15 07:35:34', '', 0, 1),
(38, '2015-01-10', 'System Generated Voucher', 'customers.1', 218, 0, 3, 0, 0, '2015-01-15 07:37:12', '', 0, 1),
(39, '2015-01-10', 'System Generated Voucher', 'customers.1', 218, 0, 3, 0, 0, '2015-01-15 07:38:01', '', 0, 1),
(40, '2015-01-10', 'System Generated Voucher', 'customers.1', 218, 0, 3, 0, 0, '2015-01-15 07:38:52', '', 0, 1),
(41, '2015-01-10', 'System Generated Voucher', 'customers.1', 218, 0, 3, 0, 0, '2015-01-15 07:40:24', '', 0, 1),
(42, '2015-01-10', 'System Generated Voucher', 'customers.1', 218, 0, 3, 0, 0, '2015-01-15 07:41:19', '', 0, 1),
(43, '2015-01-10', 'System Generated Voucher', 'customers.1', 218, 0, 3, 0, 0, '2015-01-15 07:42:28', '', 0, 1),
(44, '2015-01-10', 'System Generated Voucher', 'customers.1', 218, 0, 3, 0, 0, '2015-01-15 07:43:36', '', 0, 1),
(45, '2015-01-10', 'System Generated Voucher', 'customers.1', 218, 0, 3, 0, 0, '2015-01-15 07:44:57', '', 0, 1),
(46, '2015-01-10', 'System Generated Voucher', 'customers.1', 218, 0, 3, 0, 0, '2015-01-15 07:46:52', '', 0, 1),
(47, '2015-01-10', 'System Generated Voucher', 'customers.1', 218, 0, 3, 0, 0, '2015-01-15 07:48:11', '', 0, 1),
(48, '2015-01-10', 'System Generated Voucher', 'customers.1', 223, 0, 2, 0, 0, '2015-01-15 07:49:38', '', 0, 1),
(49, '2015-01-10', 'System Generated Voucher', 'customers.1', 223, 0, 2, 0, 0, '2015-01-15 07:50:23', '', 0, 0),
(50, '2015-01-10', 'System Generated Voucher', 'customers.1', 223, 0, 2, 0, 0, '2015-01-15 07:51:18', '', 0, 0),
(51, '2015-01-10', 'System Generated Voucher', 'customers.1', 223, 0, 2, 0, 0, '2015-01-15 07:52:28', '', 0, 1),
(52, '2015-01-10', 'System Generated Voucher', 'customers.1', 223, 0, 2, 0, 0, '2015-01-15 07:53:12', '', 0, 1),
(53, '2015-01-10', 'System Generated Voucher', 'customers.1', 223, 0, 2, 0, 0, '2015-01-15 07:54:06', '', 0, 1),
(54, '2015-01-10', 'System Generated Voucher', 'customers.1', 223, 0, 2, 0, 0, '2015-01-15 07:57:27', '', 0, 1),
(55, '2015-01-10', 'System Generated Voucher', 'customers.1', 223, 0, 2, 0, 0, '2015-01-15 07:58:54', '', 0, 1),
(56, '2015-01-10', 'System Generated Voucher', 'customers.1', 223, 0, 2, 0, 0, '2015-01-15 08:00:12', '', 0, 1),
(57, '2015-01-10', 'System Generated Voucher', 'customers.1', 223, 0, 2, 0, 0, '2015-01-15 08:01:40', '', 0, 1),
(58, '2015-01-12', 'System Generated Voucher', 'customers.1', 222, 0, 1, 0, 0, '2015-01-15 08:03:27', '', 0, 1),
(59, '2015-01-12', 'System Generated Voucher', 'customers.1', 222, 0, 1, 0, 0, '2015-01-15 08:04:09', '', 0, 0),
(60, '2015-01-12', 'System Generated Voucher', 'customers.1', 222, 0, 1, 0, 0, '2015-01-15 08:04:46', '', 0, 0),
(61, '2015-01-12', 'System Generated Voucher', 'customers.1', 222, 0, 1, 0, 0, '2015-01-15 08:06:15', '', 0, 1),
(62, '2015-01-12', 'System Generated Voucher', 'customers.1', 222, 0, 1, 0, 0, '2015-01-15 08:07:24', '', 0, 1),
(63, '2015-01-12', 'System Generated Voucher', 'customers.1', 222, 0, 1, 0, 0, '2015-01-15 08:08:08', '', 0, 1),
(64, '2015-01-12', 'System Generated Voucher', 'customers.1', 222, 0, 1, 0, 0, '2015-01-15 08:10:06', '', 0, 1),
(65, '2015-01-12', 'System Generated Voucher', 'customers.1', 222, 0, 1, 0, 0, '2015-01-15 08:11:16', '', 0, 1),
(66, '2015-01-12', 'System Generated Voucher', 'customers.1', 222, 0, 1, 0, 0, '2015-01-15 08:12:33', '', 0, 1),
(67, '2015-01-12', 'System Generated Voucher', 'customers.1', 222, 0, 1, 0, 0, '2015-01-15 08:13:58', '', 0, 1),
(68, '2015-01-12', 'System Generated Voucher', 'customers.1', 222, 0, 1, 0, 0, '2015-01-15 08:15:37', '', 0, 1),
(69, '2014-12-11', 'System Generated Voucher', 'customers.1', 0, 0, 2, 0, 0, '2015-01-17 06:40:28', '', 0, 1),
(70, '2014-12-02', 'System Generated Voucher', 'customers.1', 0, 0, 3, 0, 0, '2015-01-17 06:40:28', '', 0, 1),
(71, '2014-12-02', 'System Generated Voucher', 'customers.1', 0, 0, 1, 0, 0, '2015-01-17 06:40:28', '', 0, 1),
(72, '2014-12-02', 'System Generated Voucher', 'customers.1', 0, 0, 2, 0, 0, '2015-01-17 06:40:28', '', 0, 1),
(73, '2014-12-08', 'System Generated Voucher', 'customers.1', 0, 0, 9, 0, 0, '2015-01-17 06:40:28', '', 0, 1),
(74, '2014-12-08', 'System Generated Voucher', 'customers.1', 0, 0, 12, 0, 0, '2015-01-17 06:40:28', '', 0, 1),
(75, '2014-12-08', 'System Generated Voucher', 'customers.1', 0, 0, 7, 0, 0, '2015-01-17 06:40:28', '', 0, 1),
(76, '2014-12-19', 'System Generated Voucher', 'customers.1', 0, 0, 3, 0, 0, '2015-01-17 06:40:28', '', 0, 1),
(77, '2014-12-23', 'System Generated Voucher', 'customers.1', 0, 0, 57, 0, 0, '2015-01-17 06:40:28', '', 0, 1),
(78, '2014-12-23', 'System Generated Voucher', 'customers.1', 0, 0, 57, 0, 0, '2015-01-17 06:40:28', '', 0, 1),
(79, '2014-12-23', 'System Generated Voucher', 'customers.1', 0, 0, 58, 0, 0, '2015-01-17 06:40:28', '', 0, 1),
(80, '2014-12-23', 'System Generated Voucher', 'customers.1', 0, 0, 58, 0, 0, '2015-01-17 06:40:28', '', 0, 1),
(81, '2014-12-23', 'System Generated Voucher', 'customers.1', 0, 0, 63, 0, 0, '2015-01-17 06:40:28', '', 0, 1),
(82, '2014-12-23', 'System Generated Voucher', 'customers.1', 0, 0, 63, 0, 0, '2015-01-17 06:40:28', '', 0, 1),
(83, '2014-12-23', 'System Generated Voucher', 'customers.1', 0, 0, 64, 0, 0, '2015-01-17 06:40:28', '', 0, 1),
(84, '2014-12-23', 'System Generated Voucher', 'customers.1', 0, 0, 64, 0, 0, '2015-01-17 06:40:28', '', 0, 1),
(85, '2014-12-23', 'System Generated Voucher', 'customers.1', 0, 0, 65, 0, 0, '2015-01-17 06:40:28', '', 0, 1),
(86, '2014-12-23', 'System Generated Voucher', 'customers.1', 0, 0, 65, 0, 0, '2015-01-17 06:40:28', '', 0, 1),
(87, '2014-12-23', 'System Generated Voucher', 'customers.1', 0, 0, 66, 0, 0, '2015-01-17 06:40:28', '', 0, 1),
(88, '2014-12-23', 'System Generated Voucher', 'customers.1', 0, 0, 66, 0, 0, '2015-01-17 06:40:28', '', 0, 1),
(89, '0014-02-12', 'System Generated Voucher', 'customers.1', 0, 0, 61, 0, 0, '2015-01-17 06:40:28', '', 0, 0),
(90, '2014-12-23', 'System Generated Voucher', 'customers.1', 0, 0, 61, 0, 0, '2015-01-17 06:40:28', '', 0, 1),
(91, '2014-12-23', 'System Generated Voucher', 'customers.1', 0, 0, 62, 0, 0, '2015-01-17 06:40:28', '', 0, 1),
(92, '2014-12-22', 'System Generated Voucher', 'customers.1', 0, 0, 59, 0, 0, '2015-01-17 06:40:28', '', 0, 1),
(93, '2014-12-23', 'System Generated Voucher', 'customers.19', 0, 0, 60, 0, 0, '2015-01-17 06:40:28', '', 0, 1),
(94, '2014-12-27', 'System Generated Voucher', 'customers.1', 0, 0, 57, 0, 0, '2015-01-17 06:40:28', '', 0, 1),
(95, '2014-12-27', 'System Generated Voucher', 'customers.1', 0, 0, 58, 0, 0, '2015-01-17 06:40:28', '', 0, 1),
(96, '2014-12-27', 'System Generated Voucher', 'customers.1', 0, 0, 63, 0, 0, '2015-01-17 06:40:28', '', 0, 1),
(97, '2014-12-27', 'System Generated Voucher', 'customers.1', 0, 0, 64, 0, 0, '2015-01-17 06:40:28', '', 0, 1),
(98, '2014-12-27', 'System Generated Voucher', 'customers.1', 0, 0, 65, 0, 0, '2015-01-17 06:40:28', '', 0, 1),
(99, '2014-12-27', 'System Generated Voucher', 'customers.1', 0, 0, 66, 0, 0, '2015-01-17 06:40:28', '', 0, 1),
(100, '2014-12-28', 'System Generated Voucher', 'customers.1', 0, 0, 1, 0, 0, '2015-01-17 06:40:28', '', 0, 1),
(101, '2015-01-08', 'System Generated Voucher', 'customers.1', 0, 0, 77, 0, 0, '2015-01-17 06:40:28', '', 0, 1),
(102, '2015-01-08', 'System Generated Voucher', 'customers.1', 0, 0, 76, 0, 0, '2015-01-17 06:40:28', '', 0, 1),
(103, '2015-01-08', 'System Generated Voucher', 'customers.1', 0, 0, 75, 0, 0, '2015-01-17 06:40:28', '', 0, 1),
(104, '2015-01-08', 'System Generated Voucher', 'customers.1', 0, 0, 74, 0, 0, '2015-01-17 06:40:28', '', 0, 1),
(105, '2015-01-08', 'System Generated Voucher', 'customers.1', 0, 0, 73, 0, 0, '2015-01-17 06:40:28', '', 0, 1),
(106, '2015-01-08', 'System Generated Voucher', 'customers.1', 0, 0, 58, 0, 0, '2015-01-17 06:40:28', '', 0, 1),
(107, '2015-01-08', 'System Generated Voucher', 'customers.1', 0, 0, 57, 0, 0, '2015-01-17 06:40:28', '', 0, 1),
(108, '2015-01-08', 'System Generated Voucher', 'customers.1', 0, 0, 59, 0, 0, '2015-01-17 06:40:28', '', 0, 1),
(109, '2015-01-08', 'System Generated Voucher', 'customers.19', 0, 0, 60, 0, 0, '2015-01-17 06:40:28', '', 0, 1),
(110, '2015-01-08', 'System Generated Voucher', 'customers.1', 0, 0, 61, 0, 0, '2015-01-17 06:40:28', '', 0, 1),
(111, '2015-01-08', 'System Generated Voucher', 'customers.1', 0, 0, 62, 0, 0, '2015-01-17 06:40:28', '', 0, 1),
(112, '2015-01-08', 'System Generated Voucher', 'customers.1', 0, 0, 63, 0, 0, '2015-01-17 06:40:28', '', 0, 1),
(113, '2015-01-08', 'System Generated Voucher', 'customers.1', 0, 0, 64, 0, 0, '2015-01-17 06:40:28', '', 0, 1),
(114, '2015-01-08', 'System Generated Voucher', 'customers.1', 0, 0, 65, 0, 0, '2015-01-17 06:40:28', '', 0, 1),
(115, '2015-01-08', 'System Generated Voucher', 'customers.1', 0, 0, 66, 0, 0, '2015-01-17 06:40:28', '', 0, 1),
(116, '2015-01-08', 'System Generated Voucher', 'customers.1', 0, 0, 1, 0, 0, '2015-01-17 06:40:28', '', 0, 1),
(117, '2015-01-08', 'System Generated Voucher', 'customers.1', 0, 0, 2, 0, 0, '2015-01-17 06:40:28', '', 0, 1),
(118, '2015-01-08', 'System Generated Voucher', 'customers.1', 0, 0, 7, 0, 0, '2015-01-17 06:40:28', '', 0, 1),
(119, '2015-01-08', 'System Generated Voucher', 'customers.1', 0, 0, 9, 0, 0, '2015-01-17 06:40:28', '', 0, 1),
(120, '2015-01-08', 'System Generated Voucher', 'customers.1', 0, 0, 12, 0, 0, '2015-01-17 06:40:28', '', 0, 1),
(121, '2015-01-17', '', 'customers.1', 252, 0, 1, 0, 0, '2015-01-20 11:27:52', '', 0, 1),
(122, '2015-01-17', '', 'customers.1', 252, 0, 1, 0, 0, '2015-01-20 11:28:39', '', 0, 0),
(123, '2015-01-17', '', 'customers.1', 252, 0, 1, 0, 0, '2015-01-20 11:29:21', '', 0, 0),
(124, '2015-01-17', 'Depo exp', 'customers.1', 252, 0, 1, 0, 0, '2015-01-20 11:30:35', '', 0, 1),
(125, '2015-01-17', 'oil change saban soutar', 'customers.1', 252, 0, 1, 0, 0, '2015-01-20 11:32:07', '', 0, 1),
(126, '2015-01-17', '', 'customers.1', 252, 0, 1, 0, 0, '2015-01-20 11:33:01', '', 0, 1),
(127, '2015-01-17', '', 'customers.1', 252, 0, 1, 0, 0, '2015-01-20 11:33:47', '', 0, 1),
(128, '2015-01-17', 'tokon lagway', 'customers.1', 252, 0, 1, 0, 0, '2015-01-20 11:35:15', '', 0, 1),
(129, '2015-01-17', '14 ltr mobil oil', 'customers.1', 252, 0, 1, 0, 0, '2015-01-20 11:36:42', '', 0, 1),
(130, '2015-01-17', 'hsd 792 ltr ', 'customers.1', 252, 0, 1, 0, 0, '2015-01-20 11:38:37', '', 0, 1),
(131, '2015-01-17', '', 'customers.1', 251, 0, 2, 0, 0, '2015-01-20 11:40:23', '', 0, 1),
(132, '2015-01-17', '', 'customers.1', 251, 0, 2, 0, 0, '2015-01-20 11:41:13', '', 0, 0),
(133, '2015-01-17', '', 'customers.1', 251, 0, 2, 0, 0, '2015-01-20 11:41:56', '', 0, 0),
(134, '2015-01-17', 'depo exp', 'customers.1', 251, 0, 2, 0, 0, '2015-01-20 11:42:57', '', 0, 1),
(135, '2015-01-17', 'oil change saban soutar', 'customers.1', 251, 0, 2, 0, 0, '2015-01-20 11:44:00', '', 0, 1),
(136, '2015-01-17', 'rim change', 'customers.1', 251, 0, 2, 0, 0, '2015-01-20 11:45:12', '', 0, 1),
(137, '2015-01-17', '', 'customers.1', 251, 0, 2, 0, 0, '2015-01-20 11:47:42', '', 0, 1),
(138, '2015-01-17', 'tube +pincture', 'customers.1', 251, 0, 2, 0, 0, '2015-01-20 11:50:48', '', 0, 1),
(139, '2015-01-17', '', 'customers.1', 251, 0, 2, 0, 0, '2015-01-20 11:51:48', '', 0, 1),
(140, '2015-01-17', '14 ltr mobil oil', 'customers.1', 251, 0, 2, 0, 0, '2015-01-20 11:52:49', '', 0, 1),
(141, '2015-01-17', 'hsd 790 ltr', 'customers.1', 251, 0, 2, 0, 0, '2015-01-20 11:54:13', '', 0, 1),
(142, '2015-01-17', '', 'customers.1', 249, 0, 3, 0, 0, '2015-01-20 11:55:50', '', 0, 1),
(143, '2015-01-17', '', 'customers.1', 249, 0, 3, 0, 0, '2015-01-20 11:56:35', '', 0, 0),
(144, '2015-01-17', '', 'customers.1', 249, 0, 3, 0, 0, '2015-01-20 11:57:09', '', 0, 0),
(145, '2015-01-17', 'depo exp', 'customers.1', 249, 0, 3, 0, 0, '2015-01-20 11:58:08', '', 0, 1),
(146, '2015-01-17', 'oil change saban soutar', 'customers.1', 249, 0, 3, 0, 0, '2015-01-20 11:59:05', '', 0, 1),
(147, '2015-01-17', '', 'customers.', 249, 0, 0, 0, 0, '2015-01-20 11:59:46', '', 0, 1),
(148, '2015-01-17', 'electriation bill', 'customers.1', 249, 0, 3, 0, 0, '2015-01-20 12:01:06', '', 0, 1),
(149, '2015-01-17', 'rim change 2 add', 'customers.1', 249, 0, 3, 0, 0, '2015-01-20 12:02:13', '', 0, 1),
(150, '2015-01-17', 'pincture 2 add', 'customers.1', 249, 0, 3, 0, 0, '2015-01-20 12:03:47', '', 0, 1),
(151, '2015-01-17', '14 ltr mobil oil', 'customers.1', 249, 0, 3, 0, 0, '2015-01-20 12:04:51', '', 0, 1),
(152, '2015-01-17', 'hsd 820 ltr', 'customers.1', 249, 0, 3, 0, 0, '2015-01-20 12:06:13', '', 0, 1),
(153, '2015-01-17', '', 'customers.1', 250, 0, 4, 0, 0, '2015-01-20 12:08:16', '', 0, 1),
(154, '2015-01-17', 'depo exp', 'customers.1', 250, 0, 4, 0, 0, '2015-01-20 12:09:07', '', 0, 1),
(155, '2015-01-17', '', 'customers.1', 250, 0, 4, 0, 0, '2015-01-20 12:10:09', '', 0, 1),
(156, '2015-01-17', '', 'customers.1', 250, 0, 4, 0, 0, '2015-01-20 12:10:59', '', 0, 0),
(157, '2015-01-17', 'oil change saban soutar', 'customers.1', 250, 0, 4, 0, 0, '2015-01-20 12:12:22', '', 0, 1),
(158, '2015-01-17', '', 'customers.1', 250, 0, 4, 0, 0, '2015-01-20 12:13:16', '', 0, 1),
(159, '2015-01-17', 'hsd 130 ltr sakhar', 'customers.1', 250, 0, 4, 0, 0, '2015-01-20 12:15:26', '', 0, 1),
(160, '2015-01-17', 'hsd 264 ltr kothour', 'customers.1', 250, 0, 4, 0, 0, '2015-01-20 12:17:32', '', 0, 1),
(161, '2015-01-17', 'fillter + air calendar jali', 'customers.1', 250, 0, 4, 0, 0, '2015-01-20 12:19:36', '', 0, 1),
(162, '2015-01-17', 'mait', 'customers.1', 250, 0, 4, 0, 0, '2015-01-20 12:23:53', '', 0, 1),
(163, '2015-01-17', 'electriation bill', 'customers.1', 250, 0, 4, 0, 0, '2015-01-20 12:24:59', '', 0, 1),
(164, '2015-01-17', 'pso depo exp', 'customers.1', 250, 0, 4, 0, 0, '2015-01-20 12:28:26', '', 0, 1),
(165, '2015-01-17', 'dhkan jain 3 add', 'customers.1', 250, 0, 4, 0, 0, '2015-01-20 12:58:09', '', 0, 1),
(166, '2015-01-17', '14 ltr mobil oil', 'customers.1', 250, 0, 4, 0, 0, '2015-01-20 12:59:18', '', 0, 1),
(167, '2015-01-17', 'hsd 279 ltr', 'customers.1', 250, 0, 4, 0, 0, '2015-01-20 13:00:39', '', 0, 1),
(168, '2015-01-15', '', 'customers.1', 235, 0, 7, 0, 0, '2015-01-20 13:02:18', '', 0, 1),
(169, '2015-01-15', '', 'customers.', 235, 0, 7, 0, 0, '2015-01-20 13:03:08', '', 0, 1),
(170, '2015-01-15', '', 'customers.', 235, 0, 7, 0, 0, '2015-01-20 13:03:43', '', 0, 1),
(171, '2015-01-15', 'depo exp', 'customers.1', 235, 0, 7, 0, 0, '2015-01-20 13:04:46', '', 0, 1),
(172, '2015-01-15', 'oil change saban soutar', 'customers.1', 235, 0, 7, 0, 0, '2015-01-20 13:05:52', '', 0, 1),
(173, '2015-01-15', '', 'customers.1', 235, 0, 7, 0, 0, '2015-01-20 13:06:37', '', 0, 1),
(174, '2015-01-15', 'tire banwai', 'customers.', 235, 0, 0, 0, 0, '2015-01-20 13:07:53', '', 0, 1),
(175, '2015-01-15', 'pincture + gets', 'customers.1', 235, 0, 7, 0, 0, '2015-01-20 13:09:56', '', 0, 1),
(176, '2015-01-15', 'wheel kablay + mazdori', 'customers.1', 235, 0, 7, 0, 0, '2015-01-20 13:11:32', '', 0, 1),
(177, '2015-01-15', '14 ltr mobil oil', 'customers.1', 235, 0, 7, 0, 0, '2015-01-20 13:12:35', '', 0, 1),
(178, '2015-01-15', 'hsd 800 ltr', 'customers.1', 235, 0, 7, 0, 0, '2015-01-20 13:13:48', '', 0, 1),
(179, '2015-01-15', '', 'customers.1', 237, 0, 9, 0, 0, '2015-01-20 13:15:07', '', 0, 1),
(180, '2015-01-15', '', 'customers.1', 237, 0, 9, 0, 0, '2015-01-20 13:15:47', '', 0, 1),
(181, '2015-01-15', '', 'customers.1', 237, 0, 9, 0, 0, '2015-01-20 13:16:21', '', 0, 0),
(182, '2015-01-15', 'depo exp', 'customers.1', 237, 0, 9, 0, 0, '2015-01-20 13:17:13', '', 0, 0),
(183, '2015-01-15', 'depo exp', 'customers.1', 237, 0, 9, 0, 0, '2015-01-20 13:17:40', '', 0, 1),
(184, '2015-01-15', 'oil change saban soutar', 'customers.1', 237, 0, 9, 0, 0, '2015-01-20 13:18:32', '', 0, 1),
(185, '2015-01-15', 'oil fillter', 'customers.1', 237, 0, 9, 0, 0, '2015-01-20 13:19:40', '', 0, 1),
(186, '2015-01-15', '', 'customers.1', 237, 0, 9, 0, 0, '2015-01-20 13:20:27', '', 0, 1),
(187, '2015-01-15', 'pincture', 'customers.1', 237, 0, 9, 0, 0, '2015-01-20 13:21:19', '', 0, 1),
(188, '2015-01-15', '14 ltr mobil oil', 'customers.1', 237, 0, 9, 0, 0, '2015-01-20 13:22:30', '', 0, 1),
(189, '2015-01-15', 'hsd 840 ltr', 'customers.1', 237, 0, 9, 0, 0, '2015-01-20 13:23:46', '', 0, 1),
(190, '2015-01-15', '', 'customers.', 236, 0, 12, 0, 0, '2015-01-20 13:25:18', '', 0, 1),
(191, '2015-01-15', '', 'customers.1', 236, 0, 12, 0, 0, '2015-01-20 13:25:55', '', 0, 1),
(192, '2015-01-15', '', 'customers.1', 236, 0, 12, 0, 0, '2015-01-20 13:26:31', '', 0, 0),
(193, '2015-01-15', 'depo exp', 'customers.1', 236, 0, 12, 0, 0, '2015-01-20 13:27:22', '', 0, 1),
(194, '2015-01-15', 'bill air calendar jali', 'customers.1', 236, 0, 12, 0, 0, '2015-01-20 13:28:38', '', 0, 1),
(195, '2015-01-15', 'rent dip chart sadaq abad to karachi', 'customers.1', 236, 0, 12, 0, 0, '2015-01-20 13:30:52', '', 0, 1),
(196, '2015-01-15', '', 'customers.', 236, 0, 12, 0, 0, '2015-01-20 13:31:35', '', 0, 1),
(197, '2015-01-15', 'oil change saban soutar', 'customers.1', 236, 0, 12, 0, 0, '2015-01-20 13:32:27', '', 0, 1),
(198, '2015-01-15', '14 ltr mobil oil', 'customers.1', 236, 0, 12, 0, 0, '2015-01-20 13:33:37', '', 0, 1),
(199, '2015-01-15', 'hsd 730 ltr', 'customers.1', 236, 0, 12, 0, 0, '2015-01-20 13:34:45', '', 0, 1),
(200, '2015-01-17', '', 'customers.', 249, 0, 3, 0, 0, '2015-01-20 13:57:50', '', 0, 1),
(201, '2015-01-15', '', 'customers.1', 236, 0, 12, 0, 0, '2015-01-20 13:59:52', '', 0, 1),
(202, '2015-01-15', '', 'customers.1', 236, 0, 12, 0, 0, '2015-01-20 14:01:03', '', 0, 1),
(203, '2015-01-15', '', 'customers.', 237, 0, 9, 0, 0, '2015-01-20 14:03:06', '', 0, 1),
(204, '2015-01-15', '', 'customers.', 237, 0, 9, 0, 0, '2015-01-20 14:04:17', '', 0, 1),
(205, '2015-01-15', '', 'customers.1', 235, 0, 7, 0, 0, '2015-01-20 14:11:09', '', 0, 1),
(206, '2015-01-15', '', 'customers.1', 235, 0, 7, 0, 0, '2015-01-20 14:11:58', '', 0, 0),
(207, '2015-01-17', 'pincture', 'customers.1', 250, 0, 4, 0, 0, '2015-01-20 14:33:07', '', 0, 1),
(208, '2015-01-17', '', 'customers.', 249, 0, 3, 0, 0, '2015-01-20 14:34:42', '', 0, 1),
(209, '2015-01-17', '', 'customers.1', 249, 0, 3, 0, 0, '2015-01-20 14:41:36', '', 0, 1),
(210, '2015-01-20', '', 'customers.1', 0, 0, 73, 0, 0, '2015-01-20 15:42:18', '', 0, 1),
(211, '2015-01-20', '', 'customers.1', 0, 0, 74, 0, 0, '2015-01-20 15:50:36', '', 0, 1),
(212, '2015-01-20', '', 'customers.1', 0, 0, 75, 0, 0, '2015-01-20 15:51:55', '', 0, 1),
(213, '2015-01-20', '', 'customers.1', 0, 0, 76, 0, 0, '2015-01-20 15:53:03', '', 0, 1),
(214, '2015-01-20', '', 'customers.1', 0, 0, 73, 0, 0, '2015-01-20 15:57:29', '', 0, 1),
(216, '2015-01-20', '', 'customers.1', 0, 0, 74, 0, 0, '2015-01-20 15:58:52', '', 0, 1),
(217, '2015-01-20', '', 'customers.1', 0, 0, 75, 0, 0, '2015-01-20 16:00:00', '', 0, 1),
(218, '2015-01-20', '', 'customers.1', 0, 0, 76, 0, 0, '2015-01-20 16:00:56', '', 0, 1),
(219, '2015-01-01', '', 'customers.1', 0, 0, 0, 0, 0, '2015-01-22 19:25:32', '', 0, 0),
(220, '2015-01-20', '', 'customers.1', 260, 0, 7, 0, 0, '2015-01-23 05:44:48', '', 0, 1),
(221, '2015-01-20', '', 'customers.1', 260, 0, 7, 0, 0, '2015-01-23 05:51:33', '', 0, 1),
(222, '2015-01-20', '', 'customers.1', 260, 0, 7, 0, 0, '2015-01-23 05:52:21', '', 0, 0),
(223, '2015-01-20', 'depo exp', 'customers.1', 260, 0, 7, 0, 0, '2015-01-23 05:54:17', '', 0, 1),
(224, '2015-01-20', 'oil change saban soutar', 'customers.1', 260, 0, 7, 0, 0, '2015-01-23 05:56:00', '', 0, 1),
(225, '2015-01-20', '', 'customers.1', 260, 0, 7, 0, 0, '2015-01-23 05:57:51', '', 0, 1),
(226, '2015-01-20', 'fillter + show polish', 'customers.1', 260, 0, 7, 0, 0, '2015-01-23 06:00:45', '', 0, 1),
(227, '2015-01-20', 'pincture 3 add', 'customers.1', 260, 0, 7, 0, 0, '2015-01-23 06:02:22', '', 0, 1),
(228, '2015-01-20', '14 ltr mobil oil', 'customers.1', 260, 0, 7, 0, 0, '2015-01-23 06:03:54', '', 0, 1),
(229, '2015-01-20', 'hsd 831 ltr', 'customers.1', 260, 0, 7, 0, 0, '2015-01-23 06:05:53', '', 0, 1),
(230, '2015-01-20', '', 'customers.1', 261, 0, 12, 0, 0, '2015-01-23 06:07:30', '', 0, 1),
(231, '2015-01-20', '', 'customers.1', 261, 0, 12, 0, 0, '2015-01-23 06:08:35', '', 0, 1),
(232, '2015-01-20', '', 'customers.1', 261, 0, 12, 0, 0, '2015-01-23 06:09:17', '', 0, 0),
(233, '2015-01-20', 'depo exp', 'customers.1', 261, 0, 12, 0, 0, '2015-01-23 06:10:35', '', 0, 1),
(234, '2015-01-20', 'saban soutar mastri', 'customers.1', 261, 0, 12, 0, 0, '2015-01-23 06:11:52', '', 0, 1),
(235, '2015-01-20', '', 'customers.1', 261, 0, 12, 0, 0, '2015-01-23 06:12:59', '', 0, 1),
(236, '2015-01-20', 'bill tire 2 add', 'customers.1', 261, 0, 12, 0, 0, '2015-01-23 06:14:31', '', 0, 1),
(237, '2015-01-20', 'bill ready airter set', 'customers.1', 261, 0, 12, 0, 0, '2015-01-23 06:16:09', '', 0, 1),
(238, '2015-01-20', '', 'customers.1', 261, 0, 12, 0, 0, '2015-01-23 06:16:58', '', 0, 1),
(239, '2015-01-20', '14 ltr mobil oil', 'customers.1', 261, 0, 12, 0, 0, '2015-01-23 06:18:23', '', 0, 1),
(240, '2015-01-20', 'hsd 729 ltr', 'customers.1', 261, 0, 12, 0, 0, '2015-01-23 06:20:20', '', 0, 1),
(241, '2015-01-20', '', 'customers.1', 269, 0, 9, 0, 0, '2015-01-26 13:21:10', '', 0, 1),
(242, '2015-01-20', '', 'customers.1', 269, 0, 9, 0, 0, '2015-01-26 13:22:22', '', 0, 1),
(243, '2015-01-20', '', 'customers.1', 269, 0, 9, 0, 0, '2015-01-26 13:23:13', '', 0, 0),
(244, '2015-01-20', 'Depo exp + custom exp', 'customers.1', 269, 0, 9, 0, 0, '2015-01-26 13:25:55', '', 0, 1),
(245, '2015-01-20', 'oil change saban soutar', 'customers.1', 269, 0, 9, 0, 0, '2015-01-26 13:27:17', '', 0, 1),
(246, '2015-01-20', 'chak pirana exp', 'customers.1', 269, 0, 9, 0, 0, '2015-01-26 13:28:45', '', 0, 1),
(247, '2015-01-20', '', 'customers.1', 269, 0, 9, 0, 0, '2015-01-26 13:29:39', '', 0, 1),
(248, '2015-01-20', 'show polish + electriation bill', 'customers.1', 269, 0, 9, 0, 0, '2015-01-26 13:31:31', '', 0, 1),
(249, '2015-01-20', '14 ltr mobil oil', 'customers.1', 269, 0, 9, 0, 0, '2015-01-26 13:33:14', '', 0, 1),
(250, '2015-01-20', 'hsd 722 ltr', 'customers.1', 269, 0, 9, 0, 0, '2015-01-26 13:35:11', '', 0, 1),
(251, '2015-01-22', '', 'customers.1', 270, 0, 2, 0, 0, '2015-01-26 13:39:07', '', 0, 1),
(252, '2015-01-22', '', 'customers.1', 270, 0, 2, 0, 0, '2015-01-26 13:40:03', '', 0, 0),
(253, '2015-01-22', '', 'customers.1', 270, 0, 2, 0, 0, '2015-01-26 13:41:02', '', 0, 0),
(254, '2015-01-22', 'depo exp', 'customers.1', 270, 0, 2, 0, 0, '2015-01-26 13:42:10', '', 0, 1),
(255, '2015-01-22', 'oil change saban soutar', 'customers.1', 270, 0, 2, 0, 0, '2015-01-26 13:44:23', '', 0, 1),
(256, '2015-01-22', 'electration bill', 'customers.1', 270, 0, 2, 0, 0, '2015-01-26 13:45:46', '', 0, 1),
(257, '2015-01-22', 'tire pincture + getts', 'customers.1', 270, 0, 2, 0, 0, '2015-01-26 13:47:13', '', 0, 1),
(258, '2015-01-22', 'chak pirana depo exp', 'customers.1', 270, 0, 2, 0, 0, '2015-01-26 13:49:01', '', 0, 1),
(259, '2015-01-22', '', 'customers.1', 270, 0, 2, 0, 0, '2015-01-26 13:50:04', '', 0, 1),
(260, '2015-01-22', '14 ltr mobil oil', 'customers.1', 270, 0, 2, 0, 0, '2015-01-26 13:51:20', '', 0, 1),
(261, '2015-01-22', 'hsd 783 ltr', 'customers.1', 270, 0, 2, 0, 0, '2015-01-26 13:52:48', '', 0, 1),
(262, '2015-01-22', '', 'customers.1', 272, 0, 1, 0, 0, '2015-01-26 13:57:06', '', 0, 1),
(263, '2015-01-22', '', 'customers.1', 272, 0, 1, 0, 0, '2015-01-26 13:58:21', '', 0, 0),
(264, '2015-01-22', '', 'customers.1', 272, 0, 1, 0, 0, '2015-01-26 13:59:18', '', 0, 0),
(265, '2015-01-22', 'depo exp', 'customers.1', 272, 0, 1, 0, 0, '2015-01-26 14:04:20', '', 0, 1),
(266, '2015-01-22', 'oil change saban soutar', 'customers.1', 272, 0, 1, 0, 0, '2015-01-26 14:05:42', '', 0, 1),
(267, '2015-01-22', '', 'customers.1', 272, 0, 1, 0, 0, '2015-01-26 14:06:37', '', 0, 1),
(268, '2015-01-22', 'chak pirana exp', 'customers.1', 272, 0, 1, 0, 0, '2015-01-26 14:07:43', '', 0, 1),
(269, '2015-01-22', 'rim change ', 'customers.1', 272, 0, 1, 0, 0, '2015-01-26 14:08:48', '', 0, 1),
(270, '2015-01-22', 'jeck repair + hetralik', 'customers.1', 272, 0, 1, 0, 0, '2015-01-26 14:11:14', '', 0, 1),
(271, '2015-01-22', 'pincture + change', 'customers.1', 272, 0, 1, 0, 0, '2015-01-26 14:12:31', '', 0, 1),
(272, '2015-01-22', 'barri', 'customers.1', 272, 0, 1, 0, 0, '2015-01-26 14:14:00', '', 0, 1),
(273, '2015-01-22', '14ltr mobil oil', 'customers.1', 272, 0, 1, 0, 0, '2015-01-26 14:15:10', '', 0, 1),
(274, '2015-01-22', 'hsd 795 ltr', 'customers.1', 272, 0, 1, 0, 0, '2015-01-26 14:16:25', '', 0, 1),
(275, '2015-01-26', 'tracker fee bank alflah', 'customers.1', 269, 0, 9, 0, 0, '2015-01-26 14:26:22', '', 0, 1),
(276, '2015-01-27', '', 'customers.1', 0, 0, 3, 0, 0, '2015-01-27 08:23:58', '', 0, 1),
(277, '2015-01-25', '', 'customers.1', 274, 0, 12, 0, 0, '2015-01-28 05:31:02', '', 0, 1),
(278, '2015-01-25', 'Depo exp', 'customers.1', 274, 0, 12, 0, 0, '2015-01-28 05:33:03', '', 0, 1),
(279, '2015-01-25', '', 'customers.1', 274, 0, 12, 0, 0, '2015-01-28 05:34:52', '', 0, 1),
(280, '2015-01-25', '', 'customers.1', 274, 0, 12, 0, 0, '2015-01-28 05:35:37', '', 0, 0),
(281, '2015-01-25', 'oil change saban soutar', 'customers.1', 274, 0, 12, 0, 0, '2015-01-28 05:40:14', '', 0, 1),
(282, '2015-01-25', '2 add latto ghool', 'customers.1', 274, 0, 12, 0, 0, '2015-01-28 05:47:52', '', 0, 1),
(283, '2015-01-25', '', 'customers.1', 274, 0, 12, 0, 0, '2015-01-28 05:50:21', '', 0, 1),
(284, '2015-01-25', 'chak pirana', 'customers.1', 274, 0, 12, 0, 0, '2015-01-28 05:51:28', '', 0, 1),
(285, '2015-01-25', '', 'customers.1', 274, 0, 12, 0, 0, '2015-01-28 05:52:16', '', 0, 1),
(286, '2015-01-25', '14ltr mobil oil', 'customers.1', 274, 0, 12, 0, 0, '2015-01-28 05:53:29', '', 0, 1),
(287, '2015-01-25', 'hsd 732 ltr', 'customers.1', 274, 0, 12, 0, 0, '2015-01-28 05:55:18', '', 0, 1),
(288, '2015-01-28', '', 'customers.1', 0, 0, 63, 0, 0, '2015-01-28 07:51:57', '', 0, 1),
(289, '2015-01-28', '', 'customers.1', 0, 0, 64, 0, 0, '2015-01-28 07:54:18', '', 0, 1),
(290, '2015-01-28', '', 'customers.1', 0, 0, 65, 0, 0, '2015-01-28 07:56:12', '', 0, 1),
(291, '2015-01-28', '', 'customers.1', 0, 0, 66, 0, 0, '2015-01-28 07:57:07', '', 0, 1),
(292, '2015-01-25', '', 'customers.1', 277, 0, 3, 0, 0, '2015-01-28 08:15:27', '', 0, 1),
(293, '2015-01-25', '', 'customers.1', 277, 0, 3, 0, 0, '2015-01-28 08:16:32', '', 0, 1),
(294, '2015-01-25', 'Depo exp al-abbass', 'customers.1', 277, 0, 3, 0, 0, '2015-01-28 08:18:22', '', 0, 1),
(295, '2015-01-25', '', 'customers.1', 277, 0, 3, 0, 0, '2015-01-28 08:19:10', '', 0, 1),
(296, '2015-01-25', '', 'customers.1', 277, 0, 3, 0, 0, '2015-01-28 08:20:04', '', 0, 1),
(297, '2015-01-25', '', 'customers.1', 277, 0, 3, 0, 0, '2015-01-28 08:21:08', '', 0, 1),
(298, '2015-01-25', 'teub + getts', 'customers.1', 277, 0, 3, 0, 0, '2015-01-28 08:22:32', '', 0, 1),
(299, '2015-01-25', '', 'customers.1', 277, 0, 3, 0, 0, '2015-01-28 08:23:21', '', 0, 1),
(300, '2015-01-25', 'hsd 878 ltr', 'customers.1', 277, 0, 3, 0, 0, '2015-01-28 08:24:39', '', 0, 1),
(301, '2015-01-28', '2 aded new tire no:1(y4m113369) tire no: 2 (y4m113295)', 'customers.1', 277, 0, 3, 0, 0, '2015-01-28 08:37:34', '', 0, 1),
(302, '2015-01-25', '', 'customers.1', 280, 0, 7, 0, 0, '2015-01-30 07:38:52', '', 0, 1),
(303, '2015-01-25', '', 'customers.1', 280, 0, 7, 0, 0, '2015-01-30 07:43:54', '', 0, 1),
(304, '2015-01-25', '', 'customers.1', 280, 0, 7, 0, 0, '2015-01-30 07:44:50', '', 0, 1),
(305, '2015-01-25', '', 'customers.1', 280, 0, 7, 0, 0, '2015-01-30 07:46:26', '', 0, 1),
(306, '2015-01-25', '', 'customers.1', 280, 0, 7, 0, 0, '2015-01-30 07:47:37', '', 0, 1),
(307, '2015-01-25', 'C oil for jek', 'customers.1', 280, 0, 7, 0, 0, '2015-01-30 07:49:53', '', 0, 1),
(308, '2015-01-25', 'fillter + kalump', 'customers.1', 280, 0, 7, 0, 0, '2015-01-30 07:58:30', '', 0, 1),
(309, '2015-01-25', 'driver medicine', 'customers.1', 280, 0, 7, 0, 0, '2015-01-30 08:00:07', '', 0, 1),
(310, '2015-01-25', 'pincture + gett', 'customers.1', 280, 0, 7, 0, 0, '2015-01-30 08:02:18', '', 0, 1),
(311, '2015-01-25', '14 ltr mobil oil', 'customers.1', 280, 0, 7, 0, 0, '2015-01-30 08:03:48', '', 0, 1),
(312, '2015-01-25', 'hsd 811 ltr', 'customers.1', 280, 0, 7, 0, 0, '2015-01-30 08:06:51', '', 0, 1),
(313, '2015-01-30', '', 'customers.1', 283, 0, 4, 0, 0, '2015-01-30 14:14:08', '', 0, 1),
(314, '2015-01-25', '', 'customers.1', 283, 0, 4, 0, 0, '2015-01-31 06:48:43', '', 0, 1),
(315, '2015-01-25', '', 'customers.1', 283, 0, 4, 0, 0, '2015-01-31 06:50:21', '', 0, 1),
(316, '2015-01-25', '', 'customers.1', 283, 0, 4, 0, 0, '2015-01-31 06:51:18', '', 0, 1),
(317, '2015-01-25', '', 'customers.1', 283, 0, 4, 0, 0, '2015-01-31 06:52:10', '', 0, 1),
(318, '2015-01-25', '', 'customers.1', 283, 0, 4, 0, 0, '2015-01-31 06:53:07', '', 0, 1),
(319, '2015-01-25', 'hsd 283 ltr khtour', 'customers.1', 283, 0, 4, 0, 0, '2015-01-31 06:55:01', '', 0, 1),
(320, '2015-01-25', 'hsd 130 ltr sakhar', 'customers.1', 283, 0, 4, 0, 0, '2015-01-31 06:56:45', '', 0, 1),
(321, '2015-01-25', 'pincture+getts+4 aded', 'customers.1', 283, 0, 4, 0, 0, '2015-01-31 07:11:41', '', 0, 1),
(322, '2015-01-25', 'seat repair', 'customers.1', 283, 0, 4, 0, 0, '2015-01-31 07:13:07', '', 0, 1),
(323, '2015-01-25', 'tanki rakab', 'customers.1', 283, 0, 4, 0, 0, '2015-01-31 07:14:38', '', 0, 1),
(324, '2015-01-25', 'admore depo exp', 'customers.1', 283, 0, 4, 0, 0, '2015-01-31 07:16:05', '', 0, 1),
(325, '2015-01-25', 'gress+service skp', 'customers.1', 283, 0, 4, 0, 0, '2015-01-31 07:17:57', '', 0, 1),
(326, '2015-01-25', '14 ltr mobile oil', 'customers.1', 283, 0, 4, 0, 0, '2015-01-31 07:19:55', '', 0, 1),
(327, '2015-01-25', 'hsd 265 ltr ', 'customers.1', 283, 0, 4, 0, 0, '2015-01-31 07:21:45', '', 0, 1),
(328, '2015-01-29', '', 'customers.1', 280, 0, 7, 0, 0, '2015-01-31 07:33:26', '', 0, 1),
(329, '2015-01-31', '2 aded tyres 1.dot 322L(3dy 3514) 2.dot 322L(3dy 3614)', 'customers.1', 283, 0, 4, 0, 0, '2015-01-31 07:47:22', '', 0, 1),
(330, '2015-01-31', '', 'customers.1', 0, 0, 57, 0, 0, '2015-01-31 08:15:51', '', 0, 1),
(331, '2015-01-31', '', 'customers.1', 0, 0, 58, 0, 0, '2015-01-31 08:16:53', '', 0, 1),
(332, '2015-01-31', '', 'customers.1', 0, 0, 63, 0, 0, '2015-01-31 08:18:41', '', 0, 1),
(333, '2015-01-31', '', 'customers.1', 0, 0, 64, 0, 0, '2015-01-31 08:19:46', '', 0, 1),
(334, '2015-01-31', '', 'customers.1', 0, 0, 65, 0, 0, '2015-01-31 08:20:45', '', 0, 1),
(335, '2015-01-31', '', 'customers.1', 0, 0, 66, 0, 0, '2015-01-31 08:21:54', '', 0, 1),
(336, '2015-01-20', '', 'customers.21', 234, 0, 90, 0, 0, '2015-02-02 07:10:05', '', 0, 1),
(337, '2015-01-29', '', 'customers.1', 277, 0, 3, 0, 0, '2015-02-02 13:37:09', '', 0, 1),
(338, '2015-02-01', '80 LTR PMG SHORT RATE 71.0545', 'customers.24', 312, 0, 105, 0, 0, '2015-02-02 15:08:11', '', 0, 1),
(339, '2015-01-30', 'FUEL RECEIVED 47630 &  620 LTR SHORT FARNES', 'customers.18', 292, 0, 54, 0, 0, '2015-02-02 15:16:19', '', 0, 1),
(340, '2015-02-02', '', 'customers.18', 292, 0, 54, 0, 0, '2015-02-02 15:25:58', '', 0, 1),
(341, '2015-02-02', '', 'customers.18', 292, 0, 54, 0, 0, '2015-02-02 15:28:55', '', 0, 1),
(344, '2015-02-02', 'test', 'customers.2', 311, 0, 45, 0, 0, '2015-02-02 19:15:14', '', 0, 0),
(345, '2015-02-02', '', 'customers.2', 311, 0, 45, 0, 0, '2015-02-02 19:17:21', '', 0, 0),
(346, '2015-02-02', '', 'customers.24', 306, 0, 103, 0, 0, '2015-02-02 19:24:38', '', 0, 0),
(347, '2015-02-02', 'hsd 757 ltr short', 'customers.1', 293, 0, 1, 0, 0, '2015-02-03 05:55:15', '', 1, 1),
(348, '2015-02-02', 'hsd 845 ltr short', 'customers.1', 290, 0, 2, 0, 0, '2015-02-03 05:57:57', '', 1, 1),
(349, '2015-02-02', 'hsd 609 ltr short', 'customers.1', 284, 0, 9, 0, 0, '2015-02-03 06:00:26', '', 1, 1),
(350, '2015-01-31', '', 'customers.1', 284, 0, 9, 0, 0, '2015-02-03 06:05:07', '', 0, 1),
(351, '2015-01-31', '', 'customers.1', 284, 0, 9, 0, 0, '2015-02-03 06:06:45', '', 0, 1),
(352, '2015-01-31', '', 'customers.1', 284, 0, 9, 0, 0, '2015-02-03 06:08:33', '', 0, 1),
(353, '2015-01-31', '', 'customers.1', 284, 0, 9, 0, 0, '2015-02-03 06:10:14', '', 0, 1),
(354, '2015-01-31', '', 'customers.1', 284, 0, 9, 0, 0, '2015-02-03 06:11:33', '', 0, 1),
(355, '2015-01-31', 'screen tape +repair', 'customers.1', 284, 0, 9, 0, 0, '2015-02-03 06:14:28', '', 0, 1),
(356, '2015-01-31', 'pincture ', 'customers.1', 284, 0, 9, 0, 0, '2015-02-03 06:16:44', '', 0, 1),
(357, '2015-01-31', '', 'customers.1', 284, 0, 9, 0, 0, '2015-02-03 06:18:07', '', 0, 1),
(358, '2015-01-31', '14 ltr mobil oil', 'customers.1', 284, 0, 9, 0, 0, '2015-02-03 06:21:25', '', 0, 1),
(359, '2015-01-31', 'hsd 830 ltr', 'customers.1', 284, 0, 9, 0, 0, '2015-02-03 06:25:57', '', 0, 1),
(360, '2015-01-31', '', 'customers.1', 290, 0, 2, 0, 0, '2015-02-03 06:29:10', '', 0, 1),
(361, '2015-01-31', 'service greece makamal', 'customers.1', 290, 0, 2, 0, 0, '2015-02-03 06:30:43', '', 0, 1),
(362, '2015-01-31', '', 'customers.1', 290, 0, 2, 0, 0, '2015-02-03 06:31:39', '', 0, 1),
(363, '2015-01-31', '', 'customers.1', 290, 0, 2, 0, 0, '2015-02-03 06:32:30', '', 0, 1),
(364, '2015-01-31', 'number plate lkhwai', 'customers.1', 290, 0, 2, 0, 0, '2015-02-03 06:33:59', '', 0, 1),
(365, '2015-01-31', 'bumpar decoration', 'customers.1', 290, 0, 2, 0, 0, '2015-02-03 06:35:27', '', 0, 1),
(366, '2015-01-31', 'tokon lagwaye', 'customers.1', 290, 0, 2, 0, 0, '2015-02-03 06:37:04', '', 0, 1),
(367, '2015-01-31', '', 'customers.1', 290, 0, 2, 0, 0, '2015-02-03 06:48:31', '', 0, 1),
(368, '2015-01-31', 'kamani work machine + tralla.', 'customers.1', 290, 0, 2, 0, 0, '2015-02-03 06:51:16', '', 0, 1),
(369, '2015-01-31', '14 ltr mobil oil', 'customers.1', 290, 0, 2, 0, 0, '2015-02-03 06:52:52', '', 0, 1),
(370, '2015-01-31', 'hsd 846 ltr', 'customers.1', 290, 0, 2, 0, 0, '2015-02-03 06:54:39', '', 0, 0),
(372, '2015-02-03', '', 'contractors.1', 313, 326, 105, 0, 0, '2015-02-03 08:40:46', '', 0, 0),
(373, '2015-02-03', '', 'customers.3', 314, 328, 106, 0, 0, '2015-02-03 08:45:21', '', 0, 0),
(374, '2015-02-02', '', 'customers.2', 287, 288, 30, 0, 0, '2015-02-03 09:38:21', '', 0, 1),
(375, '2015-02-03', '', 'customers.1', 0, 0, 12, 0, 0, '2015-02-03 10:09:25', '', 0, 1),
(376, '2015-02-03', '', 'customers.23', 0, 0, 99, 0, 0, '2015-02-03 12:02:16', '', 0, 1),
(377, '2015-02-03', 'jgjgy', 'contractors.1', 315, 329, 103, 0, 0, '2015-02-03 12:34:45', '', 0, 0),
(378, '2015-02-03', 'jgjgy', 'contractors.1', 315, 329, 103, 0, 0, '2015-02-03 12:47:01', '', 0, 0),
(379, '2015-02-03', 'jgjgy', 'contractors.1', 315, 329, 103, 0, 0, '2015-02-03 13:27:26', '', 0, 0),
(380, '2015-02-03', 'jgjgy', 'contractors.1', 315, 329, 103, 0, 0, '2015-02-03 13:28:12', '', 0, 0),
(381, '2015-02-03', '', 'customers.4', 288, 289, 14, 0, 0, '2015-02-04 05:22:07', '', 0, 1),
(382, '2015-02-03', '', 'customers.15', 286, 287, 41, 0, 0, '2015-02-04 05:28:43', '', 0, 1),
(383, '2015-02-01', '', 'customers.24', 321, 336, 101, 0, 0, '2015-02-04 06:46:19', '', 0, 1),
(384, '2015-01-31', '', 'customers.1', 290, 0, 2, 0, 0, '2015-02-04 11:51:48', '', 0, 1),
(387, '2015-01-10', '', 'customers.1', 223, 0, 2, 0, 0, '2015-02-04 13:42:35', '', 0, 1),
(388, '2015-01-17', '', 'customers.1', 251, 0, 2, 0, 0, '2015-02-04 13:52:03', '', 0, 1),
(389, '2015-01-22', '', 'customers.1', 270, 0, 2, 0, 0, '2015-02-04 13:59:47', '', 0, 1),
(390, '2015-01-12', '', 'customers.1', 222, 0, 1, 0, 0, '2015-02-04 14:09:59', '', 0, 1),
(391, '2015-01-17', '', 'customers.1', 252, 0, 1, 0, 0, '2015-02-04 14:18:47', '', 0, 1),
(392, '2015-01-22', '', 'customers.1', 272, 0, 1, 0, 0, '2015-02-04 14:24:13', '', 0, 1),
(394, '2015-02-04', '', 'customers.15', 289, 290, 78, 0, 0, '2015-02-05 11:58:47', '', 0, 1),
(395, '2015-01-10', '', 'customers.1', 218, 0, 3, 0, 0, '2015-02-06 05:28:22', '', 0, 1),
(396, '2015-01-17', '', 'customers.1', 249, 0, 3, 0, 0, '2015-02-06 05:39:33', '', 0, 1),
(397, '2015-01-15', '', 'customers.1', 235, 0, 7, 0, 0, '2015-02-06 06:37:54', '', 0, 1),
(398, '2015-02-06', '', 'customers.2', 324, 340, 19, 0, 0, '2015-02-06 15:05:04', '', 0, 1),
(399, '2015-02-08', '', 'customers.1', 325, 341, 3, 0, 0, '2015-02-09 06:29:01', '', 0, 1),
(400, '2015-02-06', '', 'customers.25', 340, 357, 107, 0, 0, '2015-02-09 07:06:53', '', 0, 1),
(401, '2015-02-06', '', 'customers.25', 341, 358, 107, 0, 0, '2015-02-09 07:10:43', '', 0, 1),
(402, '2015-02-06', '', 'customers.25', 342, 359, 107, 0, 0, '2015-02-09 07:15:39', '', 0, 1),
(403, '2015-01-31', '', 'customers.1', 293, 0, 1, 0, 0, '2015-02-09 15:40:06', '', 0, 1),
(404, '2015-01-31', '', 'customers.1', 293, 0, 1, 0, 0, '2015-02-09 15:41:09', '', 0, 1),
(405, '2015-01-31', '', 'customers.1', 293, 0, 1, 0, 0, '2015-02-09 15:42:01', '', 0, 1),
(406, '2016-01-31', '', 'customers.1', 293, 0, 1, 0, 0, '2015-02-09 15:44:27', '', 0, 1),
(407, '2015-01-31', '', 'customers.1', 293, 0, 1, 0, 0, '2015-02-09 15:45:21', '', 0, 1),
(408, '2015-01-31', '', 'customers.1', 293, 0, 1, 0, 0, '2015-02-09 15:46:23', '', 0, 1),
(409, '2015-01-31', '', 'customers.1', 293, 0, 1, 0, 0, '2015-02-09 15:48:14', '', 0, 0),
(410, '2015-01-31', '', 'customers.1', 293, 0, 1, 0, 0, '2015-02-09 15:50:14', '', 0, 1),
(411, '2016-01-31', '', 'customers.1', 293, 0, 1, 0, 0, '2015-02-09 15:51:40', '', 0, 1),
(412, '2015-01-31', '', 'customers.1', 293, 0, 1, 0, 0, '2015-02-09 15:53:41', '', 0, 1),
(413, '2015-01-31', '', 'customers.1', 293, 0, 1, 0, 0, '2015-02-09 15:57:08', '', 0, 1),
(414, '2015-01-31', '', 'customers.1', 293, 0, 1, 0, 0, '2015-02-09 15:58:02', '', 0, 1),
(415, '2015-01-31', '', 'customers.1', 325, 0, 3, 0, 0, '2015-02-10 05:13:06', '', 0, 1),
(416, '2015-01-31', '', 'customers.1', 325, 0, 3, 0, 0, '2015-02-10 05:14:03', '', 0, 1),
(417, '2015-01-31', '', 'customers.1', 325, 0, 3, 0, 0, '2015-02-10 05:15:49', '', 0, 1),
(418, '2015-01-31', '', 'customers.1', 325, 0, 3, 0, 0, '2015-02-10 05:16:36', '', 0, 1),
(419, '2015-01-31', '', 'customers.1', 325, 0, 3, 0, 0, '2015-02-10 05:18:00', '', 0, 1),
(420, '2015-01-31', '', 'customers.1', 325, 0, 3, 0, 0, '2015-02-10 05:19:14', '', 0, 1),
(421, '2015-01-31', '', 'customers.1', 325, 0, 3, 0, 0, '2015-02-10 05:21:58', '', 0, 1),
(422, '2015-01-31', '', 'customers.1', 325, 0, 3, 0, 0, '2015-02-10 05:22:55', '', 0, 1),
(423, '2015-01-31', '', 'customers.1', 325, 0, 3, 0, 0, '2015-02-10 05:24:25', '', 0, 1),
(424, '2015-01-31', '', 'customers.1', 325, 0, 3, 0, 0, '2015-02-10 05:25:24', '', 0, 1),
(425, '2015-01-31', '', 'customers.1', 325, 0, 3, 0, 0, '2015-02-10 05:26:50', '', 0, 1),
(426, '2015-01-31', '', 'customers.1', 325, 0, 3, 0, 0, '2015-02-10 05:27:40', '', 0, 1),
(427, '2015-01-31', '', 'customers.1', 325, 0, 3, 0, 0, '2015-02-10 05:28:41', '', 0, 1),
(428, '2015-02-10', '', 'customers.5', 0, 0, 111, 0, 0, '2015-02-10 07:25:24', '', 0, 1),
(429, '2015-02-10', '', 'customers.1', 0, 0, 1, 0, 0, '2015-02-10 08:56:08', '', 0, 1),
(430, '2015-02-10', '', 'customers.1', 0, 0, 2, 0, 0, '2015-02-10 08:58:02', '', 0, 1),
(431, '2015-02-10', '', 'customers.1', 0, 0, 7, 0, 0, '2015-02-10 09:00:02', '', 0, 1),
(432, '2015-02-10', '', 'customers.1', 0, 0, 9, 0, 0, '2015-02-10 09:02:22', '', 0, 1),
(433, '2015-02-10', '', 'customers.1', 0, 0, 12, 0, 0, '2015-02-10 09:03:11', '', 0, 1),
(434, '2014-12-24', '', 'customers.1', 0, 0, 3, 0, 0, '2015-02-10 09:39:45', '', 0, 1),
(435, '2015-01-06', '', 'customers.1', 0, 0, 4, 0, 0, '2015-02-10 10:04:36', '', 0, 0),
(436, '2014-12-09', '', 'customers.1', 0, 0, 4, 0, 0, '2015-02-10 10:11:44', '', 0, 1),
(437, '2015-01-02', '', 'customers.1', 0, 0, 4, 0, 0, '2015-02-10 10:19:04', '', 0, 1),
(438, '2015-01-06', '', 'customers.1', 0, 0, 3, 0, 0, '2015-02-10 10:28:13', '', 0, 1),
(439, '2014-12-02', '', 'customers.1', 0, 0, 9, 0, 0, '2015-02-10 10:30:54', '', 0, 1),
(440, '2015-01-12', '', 'customers.1', 0, 0, 9, 0, 0, '2015-02-10 10:37:18', '', 0, 1),
(441, '2014-12-24', '', 'customers.1', 0, 0, 12, 0, 0, '2015-02-10 10:39:55', '', 0, 1),
(442, '2015-01-13', '', 'customers.1', 0, 0, 12, 0, 0, '2015-02-10 10:42:20', '', 0, 1),
(443, '2014-12-12', '', 'customers.1', 0, 0, 7, 0, 0, '2015-02-10 10:44:52', '', 0, 1),
(444, '2015-01-02', '', 'customers.1', 0, 0, 7, 0, 0, '2015-02-10 10:46:42', '', 0, 1),
(445, '2014-12-02', '', 'customers.1', 0, 0, 1, 0, 0, '2015-02-10 10:50:45', '', 0, 1),
(446, '2015-01-10', '', 'customers.1', 0, 0, 1, 0, 0, '2015-02-10 10:53:07', '', 0, 1),
(447, '2014-12-03', '', 'customers.1', 0, 0, 2, 0, 0, '2015-02-10 10:55:55', '', 0, 1),
(448, '2015-01-08', '', 'customers.1', 0, 0, 2, 0, 0, '2015-02-10 10:58:07', '', 0, 1),
(449, '2015-02-10', '', 'customers.1', 336, 353, 2, 0, 0, '2015-02-10 11:54:54', '', 0, 1),
(450, '2015-02-09', '', 'customers.26', 355, 378, 113, 0, 0, '2015-02-10 13:25:03', '', 0, 1),
(451, '2015-02-09', '', 'customers.26', 355, 380, 113, 0, 0, '2015-02-10 13:26:18', '', 0, 1),
(452, '2015-02-07', '', 'customers.1', 284, 285, 9, 0, 0, '2015-02-10 14:25:33', '', 0, 1),
(453, '2015-02-07', '', 'customers.1', 284, 285, 9, 0, 0, '2015-02-10 14:25:40', '', 0, 1),
(454, '2015-02-07', '', 'customers.1', 290, 291, 2, 0, 0, '2015-02-10 14:29:29', '', 0, 1),
(455, '2015-02-07', '', 'customers.1', 293, 294, 1, 0, 0, '2015-02-10 14:30:34', '', 0, 1),
(456, '2015-02-09', '', 'customers.26', 355, 0, 113, 0, 0, '2015-02-11 05:08:39', '', 0, 1),
(457, '2015-02-03', '', 'users.1', 331, 347, 12, 0, 0, '2015-02-11 07:01:04', '', 0, 0),
(458, '2015-02-03', '', 'users.1', 331, 348, 12, 0, 0, '2015-02-11 07:07:34', '', 0, 1),
(459, '2015-01-31', '', 'customers.1', 294, 0, 12, 0, 0, '2015-02-11 07:26:43', '', 0, 1),
(460, '2015-02-03', '', 'customers.1', 331, 0, 12, 0, 0, '2015-02-11 07:29:25', '', 0, 1),
(461, '2015-02-03', '', 'customers.1', 331, 0, 12, 0, 0, '2015-02-11 07:32:34', '', 0, 1),
(462, '2015-02-07', '', 'customers.1', 336, 0, 2, 0, 0, '2015-02-11 07:40:06', '', 0, 1),
(463, '2015-02-07', '', 'customers.1', 336, 0, 2, 0, 0, '2015-02-11 07:42:27', '', 0, 1),
(464, '2015-02-07', '', 'customers.1', 336, 0, 2, 0, 0, '2015-02-11 07:46:45', '', 0, 1),
(465, '2015-02-07', '', 'customers.1', 336, 0, 2, 0, 0, '2015-02-11 07:47:46', '', 0, 1),
(466, '2015-02-07', '', 'customers.1', 336, 0, 2, 0, 0, '2015-02-11 07:48:58', '', 0, 1),
(467, '2015-02-07', '', 'customers.1', 336, 0, 2, 0, 0, '2015-02-11 07:49:43', '', 0, 1),
(468, '2015-02-07', '', 'customers.1', 336, 0, 2, 0, 0, '2015-02-11 07:50:29', '', 0, 1),
(469, '2015-02-07', '', 'customers.1', 336, 0, 2, 0, 0, '2015-02-11 07:51:50', '', 0, 1),
(470, '2015-02-07', '', 'customers.1', 336, 0, 2, 0, 0, '2015-02-11 07:53:36', '', 0, 1),
(471, '2015-02-02', '', 'users.1', 331, 347, 12, 0, 0, '2015-02-11 08:08:08', '', 0, 1),
(472, '2015-02-09', '', 'customers.26', 355, 0, 113, 0, 0, '2015-02-11 09:08:33', '', 0, 1),
(473, '2015-02-10', '', 'customers.26', 367, 0, 113, 0, 0, '2015-02-11 09:10:48', '', 0, 1),
(474, '2015-02-10', '', 'customers.26', 367, 0, 113, 0, 0, '2015-02-11 09:11:46', '', 0, 1);

/*!40101 SET CHARACTER_SET_CLIENT=@OLD_CHARACTER_SET_CLIENT */;
/*!40101 SET CHARACTER_SET_RESULTS=@OLD_CHARACTER_SET_RESULTS */;
/*!40101 SET COLLATION_CONNECTION=@OLD_COLLATION_CONNECTION */;
