-- phpMyAdmin SQL Dump
-- version 4.0.4
-- http://www.phpmyadmin.net
--
-- Host: localhost
-- Generation Time: Jan 26, 2015 at 05:53 PM
-- Server version: 5.6.12-log
-- PHP Version: 5.4.16

SET SQL_MODE = "NO_AUTO_VALUE_ON_ZERO";
SET time_zone = "+00:00";


/*!40101 SET @OLD_CHARACTER_SET_CLIENT=@@CHARACTER_SET_CLIENT */;
/*!40101 SET @OLD_CHARACTER_SET_RESULTS=@@CHARACTER_SET_RESULTS */;
/*!40101 SET @OLD_COLLATION_CONNECTION=@@COLLATION_CONNECTION */;
/*!40101 SET NAMES utf8 */;

-- --------------------------------------------------------

--
-- Table structure for table `accounting_year`
--

CREATE TABLE IF NOT EXISTS `accounting_year` (
  `id` int(11) NOT NULL AUTO_INCREMENT,
  `from` date NOT NULL,
  PRIMARY KEY (`id`)
) ENGINE=InnoDB  DEFAULT CHARSET=latin1 AUTO_INCREMENT=2 ;

--
-- Dumping data for table `accounting_year`
--

INSERT INTO `accounting_year` (`id`, `from`) VALUES
(1, '2015-07-01');

-- --------------------------------------------------------

--
-- Table structure for table `account_titles`
--

CREATE TABLE IF NOT EXISTS `account_titles` (
  `id` int(11) NOT NULL AUTO_INCREMENT,
  `title` varchar(200) NOT NULL,
  PRIMARY KEY (`id`)
) ENGINE=InnoDB  DEFAULT CHARSET=latin1 AUTO_INCREMENT=25 ;

--
-- Dumping data for table `account_titles`
--

INSERT INTO `account_titles` (`id`, `title`) VALUES
(1, 'Fuel'),
(3, 'Cash'),
(17, 'Lubricant'),
(18, 'Tool Tax'),
(19, 'Meal'),
(20, 'Filter'),
(21, 'Chalan'),
(22, 'Service'),
(23, 'Greece'),
(24, 'Others');

-- --------------------------------------------------------

--
-- Table structure for table `admin`
--

CREATE TABLE IF NOT EXISTS `admin` (
  `id` tinyint(4) NOT NULL AUTO_INCREMENT,
  `username` varchar(15) NOT NULL,
  `password` varchar(20) NOT NULL,
  PRIMARY KEY (`id`)
) ENGINE=InnoDB  DEFAULT CHARSET=latin1 AUTO_INCREMENT=2 ;

--
-- Dumping data for table `admin`
--

INSERT INTO `admin` (`id`, `username`, `password`) VALUES
(1, 'virik', 'virik123');

-- --------------------------------------------------------

--
-- Table structure for table `carriage_contractors`
--

CREATE TABLE IF NOT EXISTS `carriage_contractors` (
  `id` int(11) NOT NULL AUTO_INCREMENT,
  `name` varchar(100) DEFAULT NULL,
  `idCard` varchar(17) NOT NULL DEFAULT '0',
  `phone` varchar(15) NOT NULL DEFAULT '0',
  `email` varchar(100) NOT NULL DEFAULT '0',
  `address` varchar(200) NOT NULL DEFAULT '0',
  `image` text NOT NULL,
  `entryDate` datetime NOT NULL DEFAULT '0000-00-00 00:00:00',
  PRIMARY KEY (`id`)
) ENGINE=InnoDB  DEFAULT CHARSET=latin1 AUTO_INCREMENT=3 ;

--
-- Dumping data for table `carriage_contractors`
--

INSERT INTO `carriage_contractors` (`id`, `name`, `idCard`, `phone`, `email`, `address`, `image`, `entryDate`) VALUES
(1, 'IRFAN VIRK', '6789909876', 'VIRKOILCOMPANY@', 'VIRKOILCOMPANY@YAHOO.COM', 'SHEIKHUPURA', '0', '2014-12-02 15:35:40'),
(2, 'virk oil company', '093818273384901', '021-35875606', '', 'khrachi', '0', '2014-12-31 13:11:14');

-- --------------------------------------------------------

--
-- Table structure for table `cities`
--

CREATE TABLE IF NOT EXISTS `cities` (
  `id` int(11) NOT NULL AUTO_INCREMENT,
  `cityName` varchar(100) NOT NULL,
  PRIMARY KEY (`id`)
) ENGINE=InnoDB  DEFAULT CHARSET=latin1 AUTO_INCREMENT=8 ;

--
-- Dumping data for table `cities`
--

INSERT INTO `cities` (`id`, `cityName`) VALUES
(1, 'NRL'),
(2, 'MBT'),
(3, 'PMC'),
(4, 'CPI'),
(5, 'RBT'),
(6, 'MEHMODKOT'),
(7, 'TARUJABA');

-- --------------------------------------------------------

--
-- Table structure for table `companies`
--

CREATE TABLE IF NOT EXISTS `companies` (
  `id` int(11) NOT NULL AUTO_INCREMENT,
  `name` varchar(150) DEFAULT NULL,
  `phone` varchar(15) NOT NULL DEFAULT '0',
  `email` varchar(100) NOT NULL DEFAULT '0',
  `address` varchar(200) NOT NULL DEFAULT '0',
  `image` text NOT NULL,
  `entryDate` date NOT NULL DEFAULT '0000-00-00',
  PRIMARY KEY (`id`)
) ENGINE=InnoDB  DEFAULT CHARSET=latin1 AUTO_INCREMENT=4 ;

--
-- Dumping data for table `companies`
--

INSERT INTO `companies` (`id`, `name`, `phone`, `email`, `address`, `image`, `entryDate`) VALUES
(1, 'ATTOCK PETROLEUM LIMITED', '0515127250-54', '', 'MORGHA RAWALPINDI', '0', '2014-12-02'),
(2, 'al-haj enterprisers', '056-3540422', '', '', '0', '2014-12-31'),
(3, 'amir afser carriage', '', '', 'RAWALPINDI', '0', '2015-01-20');

-- --------------------------------------------------------

--
-- Table structure for table `company_accounts`
--

CREATE TABLE IF NOT EXISTS `company_accounts` (
  `id` int(11) NOT NULL AUTO_INCREMENT,
  `trip_detail_id` int(11) NOT NULL,
  `company_id` int(11) NOT NULL,
  `payment_date` date NOT NULL,
  `amount` double NOT NULL DEFAULT '0',
  `entryDate` datetime NOT NULL DEFAULT '0000-00-00 00:00:00',
  PRIMARY KEY (`id`)
) ENGINE=InnoDB DEFAULT CHARSET=latin1 AUTO_INCREMENT=1 ;

-- --------------------------------------------------------

--
-- Table structure for table `contractor_accounts`
--

CREATE TABLE IF NOT EXISTS `contractor_accounts` (
  `id` int(11) NOT NULL AUTO_INCREMENT,
  `trip_detail_id` int(11) NOT NULL,
  `contractor_id` int(11) NOT NULL,
  `payment_date` date NOT NULL DEFAULT '0000-00-00',
  `amount` double NOT NULL DEFAULT '0',
  `entryDate` datetime NOT NULL DEFAULT '0000-00-00 00:00:00',
  PRIMARY KEY (`id`)
) ENGINE=InnoDB DEFAULT CHARSET=latin1 AUTO_INCREMENT=1 ;

-- --------------------------------------------------------

--
-- Table structure for table `contractor_company_commissions`
--

CREATE TABLE IF NOT EXISTS `contractor_company_commissions` (
  `id` int(11) NOT NULL AUTO_INCREMENT,
  `contractor_id` int(11) NOT NULL,
  `company_id` int(11) NOT NULL,
  `commission_1` float NOT NULL,
  `commission_2` float NOT NULL,
  `commission_3` float NOT NULL,
  `wht` float NOT NULL DEFAULT '0',
  `entryDate` datetime NOT NULL,
  PRIMARY KEY (`id`)
) ENGINE=InnoDB  DEFAULT CHARSET=latin1 AUTO_INCREMENT=4 ;

--
-- Dumping data for table `contractor_company_commissions`
--

INSERT INTO `contractor_company_commissions` (`id`, `contractor_id`, `company_id`, `commission_1`, `commission_2`, `commission_3`, `wht`, `entryDate`) VALUES
(1, 1, 1, 6, 2, 0, 0, '2014-12-02 15:43:21'),
(2, 2, 2, 5.5, 0, 0, 0, '2014-12-31 13:19:48'),
(3, 2, 3, 4.5, 0, 0, 0, '2015-01-20 20:06:47');

-- --------------------------------------------------------

--
-- Table structure for table `contractor_customer_commissions`
--

CREATE TABLE IF NOT EXISTS `contractor_customer_commissions` (
  `id` int(11) NOT NULL AUTO_INCREMENT,
  `contractor_id` int(11) NOT NULL,
  `customer_id` int(11) NOT NULL,
  `freight_commission` float NOT NULL,
  `commission_1` float NOT NULL,
  `commission_2` float NOT NULL,
  `entryDate` datetime NOT NULL,
  PRIMARY KEY (`id`)
) ENGINE=InnoDB  DEFAULT CHARSET=latin1 AUTO_INCREMENT=23 ;

--
-- Dumping data for table `contractor_customer_commissions`
--

INSERT INTO `contractor_customer_commissions` (`id`, `contractor_id`, `customer_id`, `freight_commission`, `commission_1`, `commission_2`, `entryDate`) VALUES
(1, 1, 1, 10, 0, 0, '2014-12-02 15:39:13'),
(2, 1, 2, 10, 0, 0, '2014-12-02 15:39:33'),
(3, 1, 9, 10, 0, 0, '2014-12-02 15:39:46'),
(4, 1, 8, 10, 0, 0, '2014-12-02 15:39:58'),
(5, 1, 7, 10, 0, 0, '2014-12-02 15:40:10'),
(6, 1, 6, 7, 0, 0, '2014-12-02 15:40:24'),
(7, 1, 5, 10, 0, 0, '2014-12-02 15:40:34'),
(8, 1, 4, 10, 0, 0, '2014-12-02 15:40:49'),
(9, 1, 3, 8, 0, 0, '2014-12-02 15:41:04'),
(10, 1, 10, 10, 0, 0, '2014-12-04 16:43:52'),
(11, 1, 13, 10, 0, 0, '2014-12-04 16:44:33'),
(12, 1, 14, 10, 0, 0, '2014-12-12 10:14:39'),
(13, 1, 15, 10, 0, 0, '2014-12-12 10:15:31'),
(14, 1, 16, 10, 0, 0, '2014-12-12 10:15:48'),
(15, 1, 17, 10, 0, 0, '2014-12-12 10:16:03'),
(16, 1, 12, 10, 0, 0, '2014-12-12 10:26:32'),
(17, 1, 11, 10, 0, 0, '2014-12-12 10:26:49'),
(18, 1, 18, 7, 0, 0, '2014-12-17 11:40:35'),
(19, 1, 19, 10, 0, 0, '2014-12-23 14:34:27'),
(20, 1, 20, 10, 0, 0, '2015-01-01 10:27:04'),
(21, 1, 21, 10, 0, 0, '2015-01-20 20:01:34'),
(22, 1, 22, 10, 0, 0, '2015-01-20 20:01:46');

-- --------------------------------------------------------

--
-- Table structure for table `customers`
--

CREATE TABLE IF NOT EXISTS `customers` (
  `id` bigint(20) NOT NULL AUTO_INCREMENT,
  `name` varchar(100) NOT NULL,
  `idCard` int(17) NOT NULL DEFAULT '0',
  `phone` varchar(15) NOT NULL DEFAULT '0',
  `email` varchar(100) NOT NULL DEFAULT '0',
  `address` varchar(200) NOT NULL DEFAULT '0',
  `image` text,
  `entryDate` datetime NOT NULL DEFAULT '0000-00-00 00:00:00',
  PRIMARY KEY (`id`)
) ENGINE=InnoDB  DEFAULT CHARSET=latin1 AUTO_INCREMENT=23 ;

--
-- Dumping data for table `customers`
--

INSERT INTO `customers` (`id`, `name`, `idCard`, `phone`, `email`, `address`, `image`, `entryDate`) VALUES
(1, 'IRFAN VIRK', 35404, '03007769422', 'VIRKOILCOMPANY@YAHOO.COM', 'SHEIKHUPURA', '0', '2014-12-02 14:40:22'),
(2, 'JAMSHEED SARA', 0, '0321 4406636', '', 'SHEIKHUPURA', '0', '2014-12-02 14:42:08'),
(3, 'MAHER SHAHID', 0, '0300 8718078', '', 'GUJRANWALA', '0', '2014-12-02 14:43:30'),
(4, 'HAFIZ NAEEM / SAMMAD', 0, '0300 4006482', '', 'LAHORE', '0', '2014-12-02 14:44:36'),
(5, 'SHEIKH QASAM', 0, '0300 4234641', '', 'LAHORE', '0', '2014-12-02 14:45:40'),
(6, 'NASEER PASRURIA', 0, '0300 8741987', '', 'GUJRANWALA', '0', '2014-12-02 14:46:43'),
(7, 'HAFIZ AZAM', 0, '0300 8408300', '', 'LAHORE', '0', '2014-12-02 14:48:00'),
(8, 'HAJI NAZEER', 0, '0300 6440807', '', 'GUJRANWALA', '0', '2014-12-02 14:48:50'),
(9, 'KHALID SAILKOT', 0, '0300 7161500', '', 'SAILKOT', '0', '2014-12-02 14:49:53'),
(10, 'CH BASHRAT', 0, '0300 8470825', '', 'LHR', '0', '2014-12-02 19:18:35'),
(11, 'SAJAD OTCL', 1234, '0333 4422811', '', 'OTCL', '0', '2014-12-04 12:01:08'),
(12, 'IFTIKHAR SHAH', 123, '0321 6017487', '', 'SARGODHA', '0', '2014-12-04 13:11:54'),
(13, 'ARSLAN TRADERS', 98326, '0321  8463975', '', 'LAHORE', '0', '2014-12-04 16:32:26'),
(14, 'HIGHWAY F/S', 35202, '0302 6114775', '', 'GUJRANWALA', '0', '2014-12-04 17:03:23'),
(15, 'SAIF CHEEMA', 765432, '0300 8454403', '', 'SARGODHA', '0', '2014-12-06 14:50:08'),
(16, 'NAEEM GUJRAT', 34563, '0303 6955005', '', 'GUJRAT', '0', '2014-12-06 17:33:52'),
(17, 'HEAD MARALA GREAD', 146789, '0347 3408527', '', 'SAILKOT', '0', '2014-12-08 17:39:23'),
(18, 'NAWAB F/S', 67586, '0333 8606128', '', 'SAILKOT', '0', '2014-12-17 11:38:50'),
(19, 'DR.YOUNIS', 3678120, '', '', 'MACHIKEY', '0', '2014-12-23 14:33:57'),
(20, 'UNIQUE ENTERPRISERS', 2147483647, '', '', 'RAWALPINDI', '0', '2015-01-01 10:26:34'),
(21, 'CH MUKHTAR', 35103, 'MUHAMMAD IDREES', '', 'PATOKI . MUHAMMAD IDREES', '0', '2015-01-13 13:40:59'),
(22, 'MEHAR BAKHASH', 34404, 'NILL', '', 'SARGHODA', '0', '2015-01-16 14:37:39');

-- --------------------------------------------------------

--
-- Table structure for table `customer_accounts`
--

CREATE TABLE IF NOT EXISTS `customer_accounts` (
  `id` int(11) NOT NULL AUTO_INCREMENT,
  `trip_detail_id` int(11) NOT NULL,
  `customer_id` int(11) NOT NULL,
  `payment_date` date NOT NULL DEFAULT '0000-00-00',
  `amount` double NOT NULL DEFAULT '0',
  `entryDate` datetime NOT NULL,
  PRIMARY KEY (`id`)
) ENGINE=InnoDB  DEFAULT CHARSET=latin1 AUTO_INCREMENT=2 ;

-- --------------------------------------------------------

--
-- Table structure for table `drivers`
--

CREATE TABLE IF NOT EXISTS `drivers` (
  `id` int(11) NOT NULL AUTO_INCREMENT,
  `name` varchar(100) DEFAULT NULL,
  `idCard` varchar(17) NOT NULL DEFAULT '0',
  `phone` varchar(15) NOT NULL DEFAULT '0',
  `email` varchar(100) NOT NULL DEFAULT '0',
  `address` varchar(200) NOT NULL DEFAULT '0',
  `image` text,
  `entryDate` datetime NOT NULL DEFAULT '0000-00-00 00:00:00',
  PRIMARY KEY (`id`)
) ENGINE=InnoDB  DEFAULT CHARSET=latin1 AUTO_INCREMENT=9 ;

--
-- Dumping data for table `drivers`
--

INSERT INTO `drivers` (`id`, `name`, `idCard`, `phone`, `email`, `address`, `image`, `entryDate`) VALUES
(1, 'RANA ABID', '1', '', '', '', '0', '2014-12-04 16:19:47'),
(2, 'RANA ABID 786', '09876', '', '', '', '0', '2014-12-04 16:20:21'),
(3, 'M BAKHSH BLOUCH', '38202-1291218-9', '0300 7293018', '', 'SARGODHA', '0', '2014-12-04 16:55:31'),
(4, 'NAMIT ULLAHA', '11201-0313496-7', '0347 7065113', '', 'LAKI MARWAT', '0', '2014-12-04 17:52:00'),
(5, 'KHIZER HAYAT', '33202-2121254-3', '0345 6260993', '', 'JHANG', '0', '2014-12-04 18:10:14'),
(6, 'AHMAD ALI/ VAGRA', '33100-5080863-5', '0346 6628049', '', 'FAISALABAD', '0', '2014-12-04 18:11:36'),
(7, 'MUKHTAR HUSSAIN', '33202-2639419-9', '0300 8967422', '', 'JHANG', '0', '2014-12-04 18:13:26'),
(8, 'M NADEEM', '36304-8192996-1', '0301 4735592', '', 'MULTAN', '0', '2014-12-04 18:15:47');

-- --------------------------------------------------------

--
-- Table structure for table `drivers_expenses`
--

CREATE TABLE IF NOT EXISTS `drivers_expenses` (
  `id` int(11) NOT NULL AUTO_INCREMENT,
  `driver_id` int(11) NOT NULL,
  `description` varchar(200) NOT NULL,
  `expense` float NOT NULL DEFAULT '0',
  `expense_date` date NOT NULL DEFAULT '0000-00-00',
  `entryDate` datetime NOT NULL DEFAULT '0000-00-00 00:00:00',
  PRIMARY KEY (`id`)
) ENGINE=InnoDB DEFAULT CHARSET=latin1 AUTO_INCREMENT=1 ;

-- --------------------------------------------------------

--
-- Table structure for table `freights`
--

CREATE TABLE IF NOT EXISTS `freights` (
  `id` int(11) NOT NULL AUTO_INCREMENT,
  `route_id` int(11) NOT NULL,
  `freight` float NOT NULL,
  `startDate` date NOT NULL,
  `endDate` date NOT NULL,
  PRIMARY KEY (`id`)
) ENGINE=InnoDB  DEFAULT CHARSET=latin1 AUTO_INCREMENT=64 ;

--
-- Dumping data for table `freights`
--

INSERT INTO `freights` (`id`, `route_id`, `freight`, `startDate`, `endDate`) VALUES
(1, 1, 0, '2014-12-02', '2014-12-13'),
(2, 2, 0, '2014-12-02', '2014-12-13'),
(3, 3, 0, '2014-12-02', '2014-12-13'),
(4, 4, 0, '2014-12-02', '2014-12-13'),
(5, 5, 0, '2014-12-02', '2014-12-13'),
(6, 3, 0, '2014-12-02', '2014-12-13'),
(7, 7, 0, '2014-12-02', '2014-12-13'),
(8, 8, 0, '2014-12-02', '2014-12-13'),
(9, 9, 0, '2014-12-02', '2014-12-13'),
(10, 10, 0, '2014-12-02', '2014-12-13'),
(11, 11, 0, '2014-12-02', '2014-12-13'),
(12, 6, 0, '2014-12-02', '2014-12-13'),
(13, 11, 2.09079, '2014-12-01', '2014-12-31'),
(14, 9, 1.34047, '2014-12-01', '2014-12-31'),
(15, 8, 0.64601, '2014-12-01', '2014-12-31'),
(16, 7, 0.64601, '2014-12-01', '2014-12-31'),
(17, 4, 6.03753, '2014-12-01', '2014-12-31'),
(18, 1, 5.41645, '2014-12-01', '2014-12-31'),
(19, 11, 2.09079, '2014-12-01', '2015-01-31'),
(20, 9, 1.34047, '2014-12-01', '2015-01-31'),
(21, 8, 0.64601, '2014-12-01', '2015-01-31'),
(22, 7, 0.64601, '2014-12-01', '2015-01-31'),
(23, 4, 6.03753, '2014-12-01', '2015-01-31'),
(24, 1, 5.41645, '2014-12-01', '2015-01-31'),
(25, 8, 0.6669, '2014-11-01', '2014-11-30'),
(26, 7, 0.64601, '2014-11-01', '2014-11-30'),
(27, 8, 0.67482, '2014-09-01', '2014-09-30'),
(28, 7, 0.67482, '2014-09-01', '2014-09-30'),
(29, 8, 0.67126, '2014-10-01', '2014-10-31'),
(30, 7, 0.67126, '2014-10-01', '2014-10-31'),
(31, 8, 0.6679, '2014-11-01', '2014-11-30'),
(32, 7, 0.6679, '2014-11-01', '2014-11-30'),
(33, 4, 6.2736, '2014-10-01', '2014-10-31'),
(34, 2, 5.41645, '2014-12-01', '2015-12-31'),
(35, 3, 6.03753, '1014-12-01', '2015-01-31'),
(36, 11, 2.09079, '2014-12-01', '2014-12-31'),
(37, 9, 1.34047, '2014-12-01', '2014-12-31'),
(38, 8, 0.64601, '2014-12-01', '2014-12-31'),
(39, 7, 0.64601, '2014-12-01', '2014-12-31'),
(40, 4, 6.03753, '2014-12-01', '2014-12-31'),
(41, 3, 6.03753, '1014-12-01', '2014-12-31'),
(42, 2, 5.41645, '2014-12-01', '2014-12-31'),
(43, 1, 5.41645, '2014-12-01', '2014-12-31'),
(44, 11, 2.09079, '2014-12-01', '2014-12-31'),
(45, 9, 1.34047, '2014-12-01', '2014-12-31'),
(46, 8, 0.64601, '2014-12-01', '2014-12-31'),
(47, 7, 0.64601, '2014-12-01', '2014-12-31'),
(48, 4, 6.03753, '2014-12-01', '2014-12-31'),
(49, 3, 6.03753, '1014-12-01', '2014-12-31'),
(50, 2, 5.41645, '2014-12-01', '2014-12-31'),
(51, 1, 5.41645, '2014-12-01', '2014-12-31'),
(52, 11, 2.00945, '2015-01-01', '2015-01-31'),
(53, 9, 1.28833, '2014-12-01', '2015-01-31'),
(54, 8, 0.62088, '2015-01-01', '2015-01-31'),
(55, 8, 0.62088, '2015-01-01', '2015-01-31'),
(56, 9, 1.34047, '2014-12-01', '2014-12-31'),
(57, 7, 0.62088, '2015-01-01', '2015-01-31'),
(58, 4, 5.8026, '2015-01-01', '2015-01-31'),
(59, 3, 6.03753, '2014-12-01', '2014-12-31'),
(60, 3, 5.8026, '2015-01-01', '2015-01-31'),
(61, 2, 5.41645, '2014-12-01', '2014-12-31'),
(62, 2, 5.20569, '2015-01-01', '2015-01-31'),
(63, 1, 5.20569, '2015-01-01', '2015-01-31');

-- --------------------------------------------------------

--
-- Table structure for table `freight_history`
--

CREATE TABLE IF NOT EXISTS `freight_history` (
  `id` int(11) NOT NULL AUTO_INCREMENT,
  `route_id` int(11) NOT NULL,
  `freight` float NOT NULL,
  `entryDate` datetime NOT NULL,
  PRIMARY KEY (`id`)
) ENGINE=InnoDB  DEFAULT CHARSET=latin1 AUTO_INCREMENT=7 ;

--
-- Dumping data for table `freight_history`
--

INSERT INTO `freight_history` (`id`, `route_id`, `freight`, `entryDate`) VALUES
(1, 1, 5.41645, '2014-12-04 23:02:37'),
(2, 2, 5.41645, '2014-12-04 23:02:46'),
(3, 3, 6.03753, '2014-12-04 23:02:56'),
(4, 4, 6.03753, '2014-12-04 23:03:08'),
(5, 7, 0.64601, '2014-12-04 23:03:19'),
(6, 9, 1.34047, '2014-12-04 23:03:30');

-- --------------------------------------------------------

--
-- Table structure for table `other_agents`
--

CREATE TABLE IF NOT EXISTS `other_agents` (
  `id` int(11) NOT NULL AUTO_INCREMENT,
  `name` varchar(100) NOT NULL,
  `idCard` varchar(20) NOT NULL,
  `phone` varchar(100) NOT NULL,
  `email` varchar(100) NOT NULL,
  `address` varchar(200) NOT NULL,
  `image` text NOT NULL,
  `entryDate` datetime NOT NULL,
  PRIMARY KEY (`id`)
) ENGINE=InnoDB  DEFAULT CHARSET=latin1 AUTO_INCREMENT=3 ;

--
-- Dumping data for table `other_agents`
--

INSERT INTO `other_agents` (`id`, `name`, `idCard`, `phone`, `email`, `address`, `image`, `entryDate`) VALUES
(1, 'haji mushtaq', '087654356886', '', '', 'SHEIKHUPURA', '0', '2015-01-12 20:16:14'),
(2, 'haider f/s', 'jggu98765321', '', '', 'MACHIKEY', '0', '2015-01-12 20:16:46');

-- --------------------------------------------------------

--
-- Table structure for table `other_tankers_expenses`
--

CREATE TABLE IF NOT EXISTS `other_tankers_expenses` (
  `id` int(11) NOT NULL AUTO_INCREMENT,
  `tanker_id` int(11) NOT NULL,
  `description` varchar(200) NOT NULL,
  `amount` float NOT NULL,
  `expense_date` date NOT NULL,
  `entryDate` datetime NOT NULL,
  PRIMARY KEY (`id`)
) ENGINE=InnoDB  DEFAULT CHARSET=latin1 AUTO_INCREMENT=56 ;

--
-- Dumping data for table `other_tankers_expenses`
--

INSERT INTO `other_tankers_expenses` (`id`, `tanker_id`, `description`, `amount`, `expense_date`, `entryDate`) VALUES
(1, 2, 'super buraj stone tire 2 addad (Tire no.1) dot 322 L3TY3714-y4m20565 (Tire no .2) dot 322L3TY3514-Y4U500129 (Meter reading) 236338', 81000, '2014-12-11', '2014-12-15 16:19:08'),
(2, 3, 'REMANING LIECSING', 750970, '2014-12-02', '2014-12-22 18:27:47'),
(3, 1, 'LIECSING DECEMBER ( KIST)', 219217, '2014-12-02', '2014-12-22 18:30:57'),
(4, 2, 'LIESING DECEMBER (KIST)', 219217, '2014-12-02', '2014-12-22 18:32:08'),
(5, 9, 'LIESING DECEMBER (KIST)', 157155, '2014-12-08', '2014-12-22 18:32:54'),
(6, 12, 'LIESING DECEMBER (KIST)', 156000, '2014-12-08', '2014-12-22 18:33:34'),
(7, 7, 'LIESING INSTALMENT DECEMBER', 213820, '2014-12-08', '2014-12-22 19:35:27'),
(8, 3, 'ORAX INSURENCE 15-12-2014 TO 14-12-2015', 167000, '2014-12-19', '2014-12-23 13:58:26'),
(9, 57, 'ORIX total amount gari 11982972 instalments 36 per instalment 287527 and advance payment to 1632000', 1632000, '2014-12-23', '2014-12-23 15:36:53'),
(10, 57, 'autocom tanker total ayment 2950000 advance pay 885000', 885000, '2014-12-23', '2014-12-23 15:38:27'),
(11, 58, 'ORIX total amount gari 11982972 instalments 36 per instalment 287527 and advance payment to 1632000', 1632000, '2014-12-23', '2014-12-23 15:46:58'),
(12, 58, 'autocom tanker total ayment 2950000 advance pay 885000', 885000, '2014-12-23', '2014-12-23 15:48:17'),
(13, 63, 'ORIX total amount gari 13605560 instalments 36 per instalment 326460 and advance payment to 1853000', 1853000, '2014-12-23', '2014-12-23 15:55:21'),
(14, 63, 'autocom tanker total ayment 2599000 advance pay 779700', 779700, '2014-12-23', '2014-12-23 15:56:38'),
(15, 64, 'ORIX total amount gari 13605560 instalments 36 per instalment 326460 and advance payment to 1853000', 1853000, '2014-12-23', '2014-12-23 15:58:24'),
(16, 64, 'autocom tanker total ayment 2599000 advance pay 779700', 779700, '2014-12-23', '2014-12-23 15:59:05'),
(17, 65, 'ORIX total amount gari 13605560 instalments 36 per instalment 326460 and advance payment to 1853000', 1853000, '2014-12-23', '2014-12-23 16:00:31'),
(18, 65, 'autocom tanker total ayment 2599000 advance pay 779700', 779700, '2014-12-23', '2014-12-23 16:01:20'),
(19, 66, 'ORIX total amount gari 13605560 instalments 36 per instalment 326460 and advance payment to 1853000', 1853000, '2014-12-23', '2014-12-23 16:02:10'),
(20, 66, 'autocom tanker total ayment 2599000 advance pay 779700', 779700, '2014-12-23', '2014-12-23 16:02:32'),
(21, 61, 'autocom tanker total ayment 2599000 advance pay 779700', 779700, '0014-02-12', '2014-12-23 16:04:17'),
(22, 61, 'autocom tanker total ayment 2599000 advance pay 779700', 779700, '2014-12-23', '2014-12-23 16:04:58'),
(23, 62, 'autocom tanker total ayment 2599000 advance pay 779700', 779700, '2014-12-23', '2014-12-23 16:05:55'),
(24, 59, 'autocom tanker total ayment 3170000 advance pay 951000', 951000, '2014-12-22', '2014-12-23 16:07:24'),
(25, 60, 'autocom tanker total ayment 3170000 advance pay 951000', 951000, '2014-12-23', '2014-12-23 16:12:27'),
(26, 57, 'First instalment of december', 287527, '2014-12-27', '2014-12-27 16:35:11'),
(27, 58, 'First instalment of december', 287527, '2014-12-27', '2014-12-27 16:36:02'),
(28, 63, 'First instalment of december', 326460, '2014-12-27', '2014-12-27 16:37:01'),
(29, 64, 'First instalment of december', 326460, '2014-12-27', '2014-12-27 16:37:29'),
(30, 65, 'First instalment of december', 326460, '2014-12-27', '2014-12-27 16:37:56'),
(31, 66, 'First instalment of december', 326460, '2014-12-27', '2014-12-27 16:38:29'),
(32, 1, 'Tire 2 adad super buraj stone (Tire no: 1) Dot 322L3DY-3614 (Tire no: 2) Dot322L3DY-3514 (Meter reading-251608)', 79000, '2014-12-28', '2014-12-31 15:01:23'),
(33, 77, 'autocom tanker total ayment 1000000 advance pay 300000', 300000, '2015-01-08', '2015-01-08 12:23:47'),
(34, 76, 'autocom tanker total ayment 1000000 advance pay 300000', 300000, '2015-01-08', '2015-01-08 12:27:38'),
(35, 75, 'autocom tanker total ayment 1000000 advance pay 300000', 300000, '2015-01-08', '2015-01-08 12:28:49'),
(36, 74, 'autocom tanker total ayment 1000000 advance pay 300000', 300000, '2015-01-08', '2015-01-08 12:30:36'),
(37, 73, 'autocom tanker total ayment 1000000 advance pay 300000', 300000, '2015-01-08', '2015-01-08 12:31:42'),
(39, 58, 'autocom tanker total ayment 2950000 second instalment 60 % pay 885000', 885000, '2015-01-08', '2015-01-08 12:36:56'),
(40, 57, 'autocom tanker total ayment 2950000 second instalment 60 % pay 885000', 885000, '2015-01-08', '2015-01-08 12:37:44'),
(41, 59, 'autocom tanker total ayment 3170000 second instalment total 60 % pay 951000', 951000, '2015-01-08', '2015-01-08 12:41:37'),
(42, 60, 'autocom tanker total ayment 3170000 second instalment total 60 % pay 951000', 951000, '2015-01-08', '2015-01-08 12:43:32'),
(43, 61, 'autocom tanker total ayment 2599000 second instalment total 60 % pay 779700', 779700, '2015-01-08', '2015-01-08 12:45:29'),
(44, 62, 'autocom tanker total ayment 2599000 second instalment total 60 % pay 779700', 779700, '2015-01-08', '2015-01-08 12:47:09'),
(45, 63, 'autocom tanker total ayment 2599000 second instalment total 60 % pay 779700', 779700, '2015-01-08', '2015-01-08 12:47:51'),
(46, 64, 'autocom tanker total ayment 2599000 second instalment total 60 % pay 779700', 779700, '2015-01-08', '2015-01-08 12:48:23'),
(47, 65, 'autocom tanker total ayment 2599000 second instalment total 60 % pay 779700', 779700, '2015-01-08', '2015-01-08 12:48:54'),
(49, 66, 'autocom tanker total payment 2599000 second instalment total 60 % pay 779700', 779700, '2015-01-08', '2015-01-09 12:18:35'),
(51, 1, 'LIESING  (KIST) JANUARY 2015', 219217, '2015-01-08', '2015-01-09 14:57:35'),
(52, 2, 'LIESING  (KIST) JANUARY 2015', 219217, '2015-01-08', '2015-01-09 14:58:40'),
(53, 7, 'LIESING  (KIST) JANUARY 2015', 213820, '2015-01-08', '2015-01-09 15:00:01'),
(54, 9, 'LIESING  (KIST) JANUARY 2015', 157155, '2015-01-08', '2015-01-09 15:01:58'),
(55, 12, 'LIESING  (KIST) JANUARY 2015', 156000, '2015-01-08', '2015-01-09 15:02:42');

-- --------------------------------------------------------

--
-- Table structure for table `products`
--

CREATE TABLE IF NOT EXISTS `products` (
  `id` int(11) NOT NULL AUTO_INCREMENT,
  `productName` varchar(100) NOT NULL,
  PRIMARY KEY (`id`)
) ENGINE=InnoDB  DEFAULT CHARSET=latin1 AUTO_INCREMENT=5 ;

--
-- Dumping data for table `products`
--

INSERT INTO `products` (`id`, `productName`) VALUES
(1, 'PMG'),
(2, 'HSD'),
(3, 'FARNES'),
(4, 'KAROCINE');

-- --------------------------------------------------------

--
-- Table structure for table `routes`
--

CREATE TABLE IF NOT EXISTS `routes` (
  `id` int(11) NOT NULL AUTO_INCREMENT,
  `source` varchar(100) NOT NULL,
  `destination` varchar(100) NOT NULL,
  `product` varchar(100) NOT NULL,
  `freight` float NOT NULL,
  `entryDate` datetime NOT NULL,
  `active` tinyint(4) NOT NULL DEFAULT '1',
  PRIMARY KEY (`id`)
) ENGINE=InnoDB  DEFAULT CHARSET=latin1 AUTO_INCREMENT=13 ;

--
-- Dumping data for table `routes`
--

INSERT INTO `routes` (`id`, `source`, `destination`, `product`, `freight`, `entryDate`, `active`) VALUES
(1, '1', '2', '1', 0, '2014-12-02 15:20:10', 1),
(2, '3', '2', '1', 0, '2014-12-02 15:20:38', 1),
(3, '3', '4', '1', 0, '2014-12-02 15:21:25', 1),
(4, '1', '4', '1', 0, '2014-12-02 15:21:57', 1),
(5, '1', '5', '1', 0, '2014-12-02 15:22:52', 1),
(6, '3', '5', '1', 0, '2014-12-02 15:23:10', 1),
(7, '2', '4', '1', 0, '2014-12-02 15:23:28', 1),
(8, '2', '4', '2', 0, '2014-12-02 15:23:51', 1),
(9, '2', '5', '2', 0, '2014-12-02 15:24:41', 1),
(10, '1', '6', '1', 0, '2014-12-05 14:58:01', 1),
(11, '2', '7', '2', 0, '2014-12-05 14:59:07', 1);

-- --------------------------------------------------------

--
-- Table structure for table `tankers`
--

CREATE TABLE IF NOT EXISTS `tankers` (
  `id` int(11) NOT NULL AUTO_INCREMENT,
  `customerId` int(11) NOT NULL,
  `truck_number` varchar(20) NOT NULL,
  `engine_number` varchar(20) NOT NULL,
  `chase_number` varchar(30) NOT NULL,
  `fitness_certificate` tinyint(4) NOT NULL DEFAULT '0',
  `capacity` double NOT NULL,
  `entryDate` datetime NOT NULL,
  PRIMARY KEY (`id`)
) ENGINE=InnoDB  DEFAULT CHARSET=latin1 AUTO_INCREMENT=99 ;

--
-- Dumping data for table `tankers`
--

INSERT INTO `tankers` (`id`, `customerId`, `truck_number`, `engine_number`, `chase_number`, `fitness_certificate`, `capacity`, `entryDate`) VALUES
(1, 1, 'TLV 239', 'JO8CTGM-15301', 'SG1JDPA-13035', 1, 60000, '2014-12-02 14:55:16'),
(2, 1, 'TLV 238', 'JO8CTGM-15300', 'SG1JDPA-13034', 1, 60000, '2014-12-02 14:56:59'),
(3, 1, 'TLU 670', 'JO8CTGM-15360', 'FMIJKPT-14388', 1, 60000, '2014-12-02 15:00:19'),
(4, 1, 'TLV 163', 'JO8CFM-24321', 'FGIJDPT-12231', 1, 40000, '2014-12-02 15:03:17'),
(5, 1, 'MNE 2725', '3328', '7826261', 1, 15000, '2014-12-02 15:08:13'),
(6, 3, 'TLG 637', 'JO8CFM-26891', 'FGIJDPT-12478', 1, 50000, '2014-12-02 15:09:30'),
(7, 1, 'TLV 800', 'JO8CTGM-15903', 'FMIJKPT-14433', 1, 60000, '2014-12-02 15:12:16'),
(8, 1, 'Z 7512', 'EH700213546', 'GT175H11086', 1, 25000, '2014-12-02 15:14:11'),
(9, 1, 'LES 1454', 'JO8CFM-25343', 'FGIJDPT-12385', 1, 50000, '2014-12-02 15:17:37'),
(10, 3, 'LXP 8317', 'HO7DH-41970', 'KLBFR61', 1, 40000, '2014-12-02 19:13:35'),
(11, 5, 'TLX 779', '26925', '12482', 1, 50000, '2014-12-02 19:35:16'),
(12, 1, 'les 588', '26210', '12450', 1, 50000, '2014-12-03 10:34:59'),
(13, 10, 'AKA-1378', 'HO6CTE-13966', 'FF174LA-12420', 1, 25000, '2014-12-03 10:37:12'),
(14, 4, 'TLX-815', '26892', '12479', 1, 50000, '2014-12-03 10:38:46'),
(15, 14, 'STC 5478', '6058761', 'J4G/6-204647', 1, 10000, '2014-12-03 10:45:03'),
(16, 3, 'TLG 837', 'JO8CFM-26890', 'FGIJDPT-12477', 1, 50000, '2014-12-03 10:46:35'),
(17, 2, 'LRC 3327', '15175', 'AU176MA41047', 1, 15000, '2014-12-03 10:49:20'),
(18, 10, 'TLX 921', '26989', '12498', 1, 44000, '2014-12-03 19:42:57'),
(19, 2, 'TLW 687', 'JO8CTGM-15495', 'SG1JDPA-13037', 1, 60000, '2014-12-03 19:44:15'),
(20, 2, 'les 687', '15939', '13043', 1, 60000, '2014-12-04 10:43:56'),
(21, 6, 'TLG 487', '17051', '14334', 1, 54000, '2014-12-04 10:45:31'),
(22, 10, 'LXC 7983', '004810', '3410436658073', 1, 40000, '2014-12-04 10:57:52'),
(23, 8, 'K 6738', '6BGI-792160', '1645908', 1, 30000, '2014-12-04 13:24:29'),
(24, 4, 'TLF 814', '1970204', '4130030', 1, 50000, '2014-12-04 13:31:18'),
(25, 9, 'SWA 065', 'HO7DH-45547', 'AK1JRKA-11336', 1, 30000, '2014-12-04 13:43:10'),
(26, 8, 'GAG 3078', 'EH700-171272', 'KR120-10031', 1, 15000, '2014-12-04 13:44:46'),
(27, 8, 'LR 6988', '5/J6-224069', 'J6LZ-56807339', 1, 10000, '2014-12-04 13:46:18'),
(28, 6, 'TUB 887', '58749', '10322', 1, 0, '2014-12-04 15:58:31'),
(29, 6, 'LRC 7787', '704543', 'CJQ3BZ0/T-601442', 1, 16000, '2014-12-04 16:00:17'),
(30, 2, 'TLV 687', '24710', '12284', 1, 50000, '2014-12-04 16:05:23'),
(31, 12, 'TLU  230', '344955-60094031', '9BM345306.MB909050', 1, 40000, '2014-12-04 16:53:36'),
(32, 13, 'TTA 068', 'H07D-AM-10534', '094726299474', 1, 24000, '2014-12-04 17:49:00'),
(33, 11, 'C 8393', 'NE-6026309', 'CPB-12H-26666', 1, 30000, '2014-12-05 14:27:22'),
(34, 6, 'GLT 8967', '184920', '16904', 1, 0, '2014-12-05 14:28:57'),
(35, 6, 'LS-6757', '393058', '2488108', 1, 0, '2014-12-05 14:29:34'),
(36, 8, 'TLU 678', 'JO8CTGM-15234', 'FMIJKPT-14322', 1, 50000, '2014-12-05 15:10:58'),
(37, 3, 'CH 237', '6BGI-713554', 'FTR 12K-3601615', 1, 27000, '2014-12-05 20:09:37'),
(38, 9, 'LRJ 5821', '16190', '41372', 1, 50000, '2014-12-06 13:53:44'),
(39, 2, 'TLU 187', 'JO8CFM-23915', 'FGIJDPT-12191', 1, 40000, '2014-12-06 14:09:55'),
(40, 16, 'K 2565', '53651', '08334', 1, 15000, '2014-12-06 17:40:18'),
(41, 15, 'LES-14-168', '52276968', 'AHFMB22P-4130176', 1, 50000, '2014-12-08 15:49:12'),
(42, 3, 'TLV 037', '01877591', '6120009', 1, 50000, '2014-12-08 15:51:46'),
(43, 2, 'TLD-020', 'JO8CTGM-10261', 'SGIJDPA-10299', 1, 40000, '2014-12-08 18:56:38'),
(44, 17, 'P 8129', '112852', '50330', 1, 25000, '2014-12-08 19:24:18'),
(45, 2, 'TLQ-087', 'JO8CFM-22253', 'FGIJDPT-12025', 1, 40000, '2014-12-08 20:29:09'),
(46, 7, 'GLT-9888', 'EH700-54948', 'FF173-16331', 1, 25000, '2014-12-09 18:15:31'),
(47, 8, 'JU-3727', 'JO8CJ-21939', 'AK176-43114', 1, 50000, '2014-12-10 16:29:43'),
(48, 7, 'C-8870', '10740', 'FF174-10487', 1, 25000, '2014-12-10 18:01:26'),
(49, 11, 'z-3475', '020268', '11123', 1, 40000, '2014-12-11 16:26:16'),
(50, 3, 'Les-2217', 'Jo8cfm 16410', 'FLIJRPA-10952', 1, 25000, '2014-12-12 10:36:44'),
(51, 7, 'LS-4317', '109370', '26817', 1, 40000, '2014-12-12 10:41:55'),
(52, 7, 'TTB-470', 'EH700-137914', 'FF173-13780', 1, 25000, '2014-12-15 21:09:43'),
(53, 2, 'RIN-7386', 'EH700-165627', 'FF174-10108', 1, 30000, '2014-12-17 10:03:08'),
(54, 18, 'RIS-13-1900', '6124092', '87881', 1, 50000, '2014-12-17 19:34:38'),
(55, 18, 'RIS 12-1900', '6128948', '87719', 1, 50000, '2014-12-20 16:48:58'),
(56, 11, 'TTD 247', '175366', '15808', 1, 15000, '2014-12-22 17:46:06'),
(57, 1, '1', '65378', '98312', 1, 40000, '2014-12-23 14:37:13'),
(58, 1, '2', '74363', '90183', 1, 40000, '2014-12-23 14:37:50'),
(59, 1, '3', '853610', '8436239', 1, 48000, '2014-12-23 15:02:20'),
(60, 19, '4', '631938', 'K8392173', 1, 48000, '2014-12-23 15:03:08'),
(61, 1, '5', '8912-31', '381883-1', 1, 50000, '2014-12-23 15:23:49'),
(62, 1, '6', '98765430', '665435', 1, 50000, '2014-12-23 15:24:48'),
(63, 1, '7', '987658', '665524', 1, 50000, '2014-12-23 15:27:07'),
(64, 1, '8', '987237', '66843', 1, 50000, '2014-12-23 15:27:40'),
(65, 1, '9', '876544', '45678', 1, 50000, '2014-12-23 15:30:00'),
(66, 1, '10', '878372', '455731', 1, 50000, '2014-12-23 15:32:41'),
(67, 11, 'c 3166', '121123', '85272', 1, 31000, '2014-12-31 19:16:03'),
(68, 20, 'TLT-069', 'KHU97T5', 'KHUI7548', 1, 60000, '2015-01-01 10:32:56'),
(69, 11, 'K 2992', '97654', '864789', 1, 25000, '2015-01-01 10:46:02'),
(70, 20, 'TLT-076', '36602', '3506095', 1, 60000, '2015-01-01 12:27:12'),
(71, 15, 'Rii-239', '02611', '700340', 1, 15000, '2015-01-03 10:41:34'),
(72, 6, 'TLD-030', '10262', '163000', 1, 60000, '2015-01-03 18:40:49'),
(73, 1, '11', '93701', '3190109', 1, 16000, '2015-01-08 11:57:56'),
(74, 1, '12', 'oe373919', '3718398019', 1, 16000, '2015-01-08 11:58:15'),
(75, 1, '13', '9371992', '3ijkwio', 1, 24000, '2015-01-08 11:59:14'),
(76, 1, '14', 'wdji39', 'smijoqwj', 1, 24000, '2015-01-08 11:59:33'),
(77, 1, '15', 'nwkjw21', 'mwo2km', 1, 32000, '2015-01-08 11:59:56'),
(78, 15, 'SPA-158', 'P11CTC.12075', 'AK1JRKA.11757', 1, 60000, '2015-01-10 14:49:18'),
(79, 5, 'TLE-777', '220', '12391', 1, 50000, '2015-01-12 11:17:30'),
(80, 20, 'TLK-810', '11012', '10980', 1, 60000, '2015-01-13 18:18:40'),
(81, 21, 'TLK-370', '10473', '13291', 1, 66000, '2015-01-13 18:25:16'),
(82, 20, 'TLL-807', '11503', '11061', 1, 60000, '2015-01-13 21:04:03'),
(83, 20, 'TLL-604', 'JO8C.TGM.11488', 'SG1JDPA-1105', 1, 60000, '2015-01-13 21:08:23'),
(85, 20, 'TLT-052', '01807870', 'AAD.39095', 1, 60000, '2015-01-13 21:12:30'),
(86, 20, 'PP-1866', 'NE6.019058P', 'CPB12H.24214', 1, 40000, '2015-01-13 21:14:57'),
(87, 20, 'TLL-152', 'FE6.121853.CP', 'CDA411P.00590.P', 1, 60000, '2015-01-13 21:16:52'),
(88, 20, 'TLE-832', '10330', '10362', 1, 56000, '2015-01-13 21:18:44'),
(89, 20, 'TLT-060', '01784235', '38935', 1, 60000, '2015-01-13 21:20:35'),
(90, 21, 'TLT-031', '10433', '10023', 1, 60000, '2015-01-13 21:22:29'),
(91, 21, 'TLL-431', '12479', '20002', 1, 60000, '2015-01-13 21:23:33'),
(92, 21, 'JP-9133', '01824734', '48283', 1, 60000, '2015-01-15 11:38:42'),
(93, 20, 'TLL-630', '11493', '11057', 1, 60000, '2015-01-16 10:14:27'),
(94, 22, 'JQ-0038', '10505', '10525', 1, 50000, '2015-01-16 14:40:23'),
(95, 1, '16', '89377239', '98378291', 1, 32000, '2015-01-20 19:55:43'),
(96, 1, '17', 'skjhduiwi23239u', 'kjshu3818', 1, 32000, '2015-01-20 19:56:04'),
(97, 1, '18', 'skjhduiwi2323', 'kjshu38', 1, 32000, '2015-01-20 19:56:21'),
(98, 1, '19', 'skjhduiwi2', 'kjshu383i88', 1, 32000, '2015-01-20 19:56:41');

-- --------------------------------------------------------

--
-- Table structure for table `trips`
--

CREATE TABLE IF NOT EXISTS `trips` (
  `id` int(11) NOT NULL AUTO_INCREMENT,
  `customer_id` int(11) NOT NULL,
  `contractor_id` int(11) NOT NULL,
  `company_id` int(11) NOT NULL,
  `tanker_id` int(11) NOT NULL,
  `contractor_commission` float NOT NULL,
  `contractor_commission_1` float NOT NULL DEFAULT '0',
  `contractor_commission_2` float NOT NULL DEFAULT '0',
  `company_commission_1` float NOT NULL DEFAULT '0',
  `company_commission_2` float NOT NULL DEFAULT '0',
  `company_commission_3` float NOT NULL DEFAULT '0',
  `company_wht` float NOT NULL DEFAULT '0',
  `other_taxes` float NOT NULL DEFAULT '0',
  `email_date` date NOT NULL DEFAULT '0000-00-00',
  `filling_date` date NOT NULL DEFAULT '0000-00-00',
  `receiving_date` date NOT NULL DEFAULT '0000-00-00',
  `stn_receiving_date` date NOT NULL DEFAULT '0000-00-00',
  `decanding_date` date NOT NULL DEFAULT '0000-00-00',
  `driver_id_1` int(11) NOT NULL,
  `driver_id_2` int(11) NOT NULL,
  `driver_id_3` int(11) NOT NULL,
  `invoice_date` date NOT NULL DEFAULT '0000-00-00',
  `invoice_number` varchar(20) NOT NULL,
  `start_meter` double NOT NULL,
  `end_meter` double NOT NULL,
  `entryDate` date NOT NULL,
  `active` tinyint(4) NOT NULL DEFAULT '1',
  PRIMARY KEY (`id`)
) ENGINE=InnoDB  DEFAULT CHARSET=latin1 AUTO_INCREMENT=274 ;

--
-- Dumping data for table `trips`
--

INSERT INTO `trips` (`id`, `customer_id`, `contractor_id`, `company_id`, `tanker_id`, `contractor_commission`, `contractor_commission_1`, `contractor_commission_2`, `company_commission_1`, `company_commission_2`, `company_commission_3`, `company_wht`, `other_taxes`, `email_date`, `filling_date`, `receiving_date`, `stn_receiving_date`, `decanding_date`, `driver_id_1`, `driver_id_2`, `driver_id_3`, `invoice_date`, `invoice_number`, `start_meter`, `end_meter`, `entryDate`, `active`) VALUES
(1, 1, 1, 1, 3, 10, 0, 0, 6, 2, 0, 0, 0, '2014-12-01', '2014-12-01', '2014-12-04', '2014-12-05', '2014-12-04', 4, 4, 4, '2014-12-04', '1040010099', 0, 0, '2014-12-01', 0),
(2, 1, 1, 1, 7, 10, 0, 0, 6, 2, 0, 0, 0, '2014-12-01', '2014-12-01', '2014-12-04', '2014-12-05', '2014-12-04', 7, 7, 7, '2014-12-04', '1040010100', 0, 0, '2014-12-01', 0),
(3, 5, 1, 1, 11, 10, 0, 0, 6, 2, 0, 0, 0, '2014-12-02', '2014-12-02', '2014-12-05', '2014-05-12', '2014-12-05', 8, 8, 8, '2014-05-12', '1040010201', 0, 0, '2014-12-02', 0),
(4, 3, 1, 1, 10, 8, 0, 0, 6, 2, 0, 0, 0, '2014-12-02', '2014-12-02', '2014-12-06', '2014-12-08', '2014-12-06', 8, 8, 8, '2014-12-02', '1070002739', 0, 0, '2014-12-02', 0),
(5, 14, 1, 1, 15, 10, 0, 0, 6, 2, 0, 0, 0, '2014-12-01', '2014-12-01', '2014-12-01', '2014-12-05', '2014-12-01', 8, 8, 8, '2014-12-01', '1040009725', 0, 0, '2014-12-01', 0),
(6, 2, 1, 1, 17, 10, 0, 0, 6, 2, 0, 0, 0, '2014-12-02', '2014-12-02', '2014-12-03', '2014-12-04', '2014-12-03', 2, 2, 2, '0000-00-00', '', 0, 0, '2014-12-02', 0),
(7, 10, 1, 1, 13, 10, 0, 0, 6, 2, 0, 0, 0, '2014-12-02', '2014-12-02', '2014-12-03', '2014-12-12', '2014-12-04', 8, 8, 8, '2014-12-03', '1030008239', 0, 0, '2014-12-02', 0),
(8, 3, 1, 1, 16, 8, 0, 0, 6, 2, 0, 0, 0, '2014-12-02', '2014-12-02', '2014-12-03', '2014-12-08', '2014-12-03', 8, 8, 8, '2014-12-02', '1040009974', 0, 0, '2014-12-02', 0),
(9, 14, 1, 1, 15, 10, 0, 0, 6, 2, 0, 0, 0, '2014-12-02', '2014-12-02', '2014-12-02', '2014-12-05', '2014-12-02', 8, 8, 8, '2014-12-02', '1040009881', 0, 0, '2014-12-02', 0),
(10, 10, 1, 1, 18, 10, 0, 0, 6, 2, 0, 0, 0, '2014-12-03', '2014-12-03', '2014-12-03', '2014-12-04', '2014-12-03', 2, 2, 2, '2014-12-03', '1040010069', 0, 0, '2014-12-03', 0),
(11, 10, 1, 1, 22, 10, 0, 0, 6, 2, 0, 0, 0, '2014-12-01', '2014-12-01', '2014-12-01', '2014-12-03', '2014-12-01', 8, 8, 8, '2014-12-01', '1040009801', 0, 0, '2014-12-01', 0),
(12, 8, 1, 1, 23, 10, 0, 0, 6, 2, 0, 0, 0, '2014-12-03', '2014-12-03', '2014-12-06', '2014-12-06', '2014-12-06', 8, 8, 8, '2014-12-06', '1040010264', 0, 0, '2014-12-03', 0),
(13, 4, 1, 1, 24, 10, 0, 0, 6, 2, 0, 0, 0, '2014-12-01', '2014-12-01', '2014-12-04', '2014-12-04', '2014-12-04', 8, 8, 8, '2014-12-04', '1040010101', 0, 0, '2014-12-01', 0),
(14, 6, 1, 1, 21, 7, 0, 0, 6, 2, 0, 0, 0, '2014-12-03', '2014-12-03', '2014-12-04', '2014-12-04', '2014-12-04', 8, 8, 8, '2014-12-03', '1040010064', 0, 0, '2014-12-03', 0),
(15, 10, 1, 1, 22, 10, 0, 0, 6, 2, 0, 0, 0, '2014-12-03', '2014-12-03', '2014-12-03', '2014-12-04', '2014-12-03', 2, 2, 2, '2014-12-03', '1040010063', 0, 0, '2014-12-03', 0),
(16, 8, 1, 1, 26, 10, 0, 0, 6, 2, 0, 0, 0, '2014-12-01', '2014-12-01', '2014-12-02', '2014-12-10', '2014-12-03', 8, 8, 8, '2014-12-01', '1040009832', 0, 0, '2014-12-01', 0),
(17, 9, 1, 1, 25, 10, 0, 0, 6, 2, 0, 0, 0, '2014-12-01', '2014-12-01', '0004-12-01', '2014-12-05', '2014-12-01', 8, 8, 8, '2014-12-01', '1040009823', 0, 0, '2014-12-01', 0),
(18, 1, 1, 1, 9, 10, 0, 0, 6, 2, 0, 0, 0, '2014-12-04', '2014-12-04', '2014-12-08', '2014-12-08', '2014-12-08', 1, 1, 1, '2014-12-08', '1040010377', 0, 0, '2014-12-04', 0),
(19, 2, 1, 1, 30, 10, 0, 0, 6, 2, 0, 0, 0, '2014-12-04', '2014-12-04', '2014-12-08', '2014-12-08', '2014-12-08', 1, 1, 1, '2014-12-08', '1040010376', 0, 0, '2014-12-04', 0),
(20, 13, 1, 1, 32, 10, 0, 0, 6, 2, 0, 0, 0, '2014-12-04', '2014-12-04', '2014-12-05', '2014-12-08', '2014-12-05', 4, 4, 4, '2014-12-05', '1030008393', 0, 0, '2014-12-04', 0),
(21, 10, 1, 1, 22, 10, 0, 0, 6, 2, 0, 0, 0, '2014-12-04', '2014-12-04', '2014-12-04', '2014-05-12', '2014-12-05', 4, 4, 4, '2014-04-12', '1040010153', 0, 0, '2014-12-04', 0),
(22, 14, 1, 1, 15, 10, 0, 0, 6, 2, 0, 0, 0, '2014-12-03', '2014-12-03', '2014-12-03', '2014-12-05', '2014-12-03', 8, 8, 8, '2014-12-03', '1040009978', 0, 0, '2014-12-03', 0),
(23, 14, 1, 1, 15, 10, 0, 0, 6, 2, 0, 0, 0, '2014-12-05', '2014-12-05', '2014-12-06', '2014-12-08', '2014-12-06', 8, 8, 8, '2014-12-05', '1040010178', 0, 0, '2014-12-05', 0),
(24, 6, 1, 1, 28, 7, 0, 0, 6, 2, 0, 0, 0, '2014-12-04', '2014-12-04', '2014-12-04', '2014-05-12', '2014-12-04', 8, 8, 8, '2014-04-12', '1040010135', 0, 0, '2014-12-04', 0),
(25, 6, 1, 1, 29, 7, 0, 0, 6, 2, 0, 0, 0, '2014-12-04', '2014-12-04', '2014-12-04', '2014-12-06', '2014-12-04', 8, 8, 8, '2014-12-04', '1040010154', 0, 0, '2014-12-04', 0),
(26, 6, 1, 1, 35, 7, 0, 0, 6, 2, 0, 0, 0, '2014-12-04', '2014-12-04', '2014-12-04', '2014-12-06', '2014-12-04', 8, 8, 8, '2014-12-04', '1040010160', 0, 0, '2014-12-04', 0),
(27, 6, 1, 1, 34, 7, 0, 0, 6, 2, 0, 0, 0, '2014-12-04', '2014-12-04', '2014-12-04', '2014-12-06', '2014-12-04', 8, 8, 8, '2014-12-04', '1040010146', 0, 0, '2014-12-04', 0),
(28, 8, 1, 1, 36, 10, 0, 0, 6, 2, 0, 0, 0, '2014-12-01', '2014-12-01', '2014-12-05', '2014-05-12', '2014-11-05', 8, 8, 8, '2014-12-05', '1040010193', 0, 0, '2014-12-01', 0),
(29, 1, 1, 1, 1, 10, 0, 0, 6, 2, 0, 0, 0, '2014-05-12', '2014-12-05', '2014-12-08', '2014-12-08', '2014-12-08', 8, 8, 8, '2014-12-08', '1040010386', 0, 0, '2014-12-05', 0),
(30, 1, 1, 1, 2, 10, 0, 0, 6, 2, 0, 0, 0, '2014-05-12', '2014-12-05', '2014-12-08', '2014-12-08', '2014-12-08', 8, 8, 8, '2014-12-08', '1040010387', 0, 0, '2014-12-05', 0),
(31, 1, 1, 1, 12, 10, 0, 0, 6, 2, 0, 0, 0, '2014-05-12', '2014-12-05', '2014-12-08', '2014-12-08', '2014-12-08', 8, 8, 8, '2014-12-08', '1040010378', 0, 0, '2014-12-05', 0),
(32, 4, 1, 1, 14, 10, 0, 0, 6, 2, 0, 0, 0, '2014-05-12', '2014-12-05', '2014-12-08', '2014-12-08', '2014-12-08', 8, 8, 8, '2014-12-08', '1040010404', 0, 0, '2014-12-05', 0),
(33, 11, 1, 1, 33, 10, 0, 0, 6, 2, 0, 0, 0, '2014-05-12', '2014-12-05', '2014-12-06', '2014-12-08', '2014-12-06', 8, 8, 8, '2014-12-08', '1110001367', 0, 0, '2014-12-05', 0),
(34, 10, 1, 1, 22, 10, 0, 0, 6, 2, 0, 0, 0, '2014-05-12', '2014-12-05', '2014-12-05', '2014-12-06', '2014-12-05', 8, 8, 8, '2014-12-05', '1040010242', 0, 0, '2014-12-05', 0),
(35, 8, 1, 1, 36, 10, 0, 0, 6, 2, 0, 0, 0, '2012-05-12', '2014-12-05', '2014-12-06', '2014-12-10', '2014-12-07', 8, 8, 8, '0000-00-00', '', 0, 0, '2014-12-05', 0),
(36, 5, 1, 1, 11, 10, 0, 0, 6, 2, 0, 0, 0, '2014-12-05', '2014-12-05', '2014-12-06', '2014-12-11', '2014-12-07', 8, 8, 8, '0000-00-00', '', 0, 0, '2014-12-05', 0),
(37, 9, 1, 1, 25, 10, 0, 0, 6, 2, 0, 0, 0, '2014-12-03', '2014-12-03', '2014-12-04', '2014-12-05', '2014-12-04', 8, 8, 8, '2014-12-03', '', 0, 0, '2014-12-03', 0),
(38, 9, 1, 1, 25, 10, 0, 0, 6, 2, 0, 0, 0, '2014-12-03', '2014-12-03', '2014-12-04', '2014-12-05', '2014-12-03', 8, 8, 8, '2014-12-03', '1040010038', 0, 0, '2014-12-03', 0),
(39, 9, 1, 1, 25, 10, 0, 0, 6, 2, 0, 0, 0, '2014-12-05', '2014-12-05', '2014-12-06', '2014-12-09', '2014-12-08', 8, 8, 8, '0000-00-00', '', 0, 0, '2014-12-05', 0),
(40, 3, 1, 1, 37, 8, 0, 0, 6, 2, 0, 0, 0, '2014-12-05', '2014-12-05', '2014-12-06', '2014-12-11', '2014-12-07', 8, 8, 8, '2014-12-05', '1040010189', 0, 0, '2014-12-05', 0),
(41, 2, 1, 1, 20, 10, 0, 0, 6, 2, 0, 0, 0, '2014-12-03', '2014-12-03', '2014-12-06', '2014-12-06', '2014-12-06', 8, 8, 8, '2014-12-06', '1040010297', 0, 0, '2014-12-03', 0),
(42, 9, 1, 1, 38, 10, 0, 0, 6, 2, 0, 0, 0, '2014-12-03', '2014-12-03', '2014-12-06', '2014-12-06', '2014-12-06', 8, 8, 8, '2014-12-06', '1040010268', 0, 0, '2014-12-03', 0),
(43, 1, 1, 1, 5, 10, 0, 0, 6, 2, 0, 0, 0, '2014-12-05', '2014-12-05', '2014-12-05', '2014-12-08', '2014-12-06', 8, 8, 8, '2014-12-05', '1040010172', 0, 0, '2014-12-05', 0),
(44, 16, 1, 1, 40, 10, 0, 0, 6, 2, 0, 0, 0, '2014-12-01', '2014-12-01', '2014-12-02', '2014-12-06', '2014-02-03', 8, 8, 8, '2014-12-01', '1040009717', 0, 0, '2014-12-01', 0),
(45, 16, 1, 1, 40, 10, 0, 0, 6, 2, 0, 0, 0, '2014-12-02', '2014-12-02', '2014-12-03', '2014-12-06', '2014-12-03', 8, 8, 8, '2014-12-02', '1040009930', 0, 0, '2014-12-02', 0),
(46, 16, 1, 1, 40, 10, 0, 0, 6, 2, 0, 0, 0, '2014-12-02', '2014-12-02', '2014-12-02', '2014-12-06', '2014-12-03', 8, 8, 8, '2014-12-02', '', 0, 0, '2014-12-02', 0),
(47, 2, 1, 1, 19, 10, 0, 0, 6, 2, 0, 0, 0, '2014-12-06', '2014-12-06', '2014-12-09', '2014-12-09', '2014-12-09', 8, 8, 8, '2014-12-09', '1040010483', 0, 0, '2014-12-06', 0),
(48, 2, 1, 1, 39, 10, 0, 0, 6, 2, 0, 0, 0, '2014-12-06', '2014-12-06', '2014-12-09', '2014-12-09', '2014-12-09', 8, 8, 8, '2014-12-09', '1040010464', 0, 0, '2014-12-06', 0),
(49, 10, 1, 1, 22, 10, 0, 0, 6, 2, 0, 0, 0, '2014-12-06', '2014-12-06', '2014-12-08', '2014-12-08', '2014-12-08', 8, 8, 8, '2014-12-06', '1040010329', 0, 0, '2014-12-06', 0),
(50, 9, 1, 1, 38, 10, 0, 0, 6, 2, 0, 0, 0, '2014-12-06', '2014-12-06', '2014-12-06', '2014-12-09', '2014-12-08', 8, 8, 8, '0000-00-00', '', 0, 0, '2014-12-06', 0),
(51, 8, 1, 1, 23, 10, 0, 0, 6, 2, 0, 0, 0, '2014-12-06', '2014-12-06', '2014-12-08', '2014-12-10', '2014-12-09', 8, 8, 8, '0000-00-00', '', 0, 0, '2014-12-06', 0),
(52, 16, 1, 1, 40, 10, 0, 0, 6, 2, 0, 0, 0, '2014-12-06', '2014-12-06', '2014-12-08', '2014-12-12', '2014-12-09', 8, 8, 8, '2014-12-06', '1040010311', 0, 0, '2014-12-06', 0),
(53, 3, 1, 1, 16, 8, 0, 0, 6, 2, 0, 0, 0, '2014-12-06', '2014-12-06', '2014-12-10', '2014-12-11', '2014-12-10', 8, 8, 8, '2014-12-06', '1070002847', 0, 0, '2014-12-06', 0),
(54, 3, 1, 1, 42, 8, 0, 0, 6, 2, 0, 0, 0, '2014-12-08', '2014-12-08', '2014-12-12', '2014-12-17', '2014-12-12', 8, 8, 8, '2014-12-08', '1070002866', 0, 0, '2014-12-08', 0),
(55, 1, 1, 1, 3, 10, 0, 0, 6, 2, 0, 0, 0, '2014-12-08', '2014-12-08', '2014-12-11', '2014-12-11', '2014-12-11', 8, 8, 8, '2014-12-11', '1040010597', 0, 0, '2014-12-08', 0),
(56, 15, 1, 1, 41, 10, 0, 0, 6, 2, 0, 0, 0, '2014-12-08', '2014-12-08', '2014-12-11', '2014-12-11', '2014-12-11', 8, 8, 8, '2014-12-11', '1040010598', 0, 0, '2014-12-08', 0),
(57, 13, 1, 1, 32, 10, 0, 0, 6, 2, 0, 0, 0, '2014-12-08', '2014-12-08', '2014-12-09', '2014-12-10', '2014-12-10', 8, 8, 8, '2014-12-09', '1030008642', 0, 0, '2014-12-08', 0),
(58, 14, 1, 1, 15, 10, 0, 0, 6, 2, 0, 0, 0, '2014-12-08', '2014-12-08', '2014-12-08', '2014-12-13', '2014-12-09', 8, 8, 8, '2013-12-08', '1040010342', 0, 0, '2014-12-08', 0),
(59, 17, 1, 1, 44, 10, 0, 0, 6, 2, 0, 0, 0, '2014-12-08', '2014-12-08', '2014-12-09', '2014-12-12', '2014-12-10', 8, 8, 8, '0000-00-00', '', 0, 0, '2014-12-08', 0),
(60, 2, 1, 1, 43, 10, 0, 0, 6, 2, 0, 0, 0, '2014-12-08', '2014-12-08', '2014-12-09', '2014-12-13', '2014-12-10', 8, 8, 8, '2014-12-09', '1030008641', 0, 0, '2014-12-08', 0),
(61, 2, 1, 1, 45, 10, 0, 0, 6, 2, 0, 0, 0, '2014-12-08', '2014-12-08', '2014-12-09', '2014-12-13', '2014-12-10', 8, 8, 8, '2014-12-09', '1030008640', 0, 0, '2014-12-08', 0),
(62, 10, 1, 1, 22, 10, 0, 0, 6, 2, 0, 0, 0, '2014-12-09', '2014-12-09', '2014-12-10', '2014-12-10', '2014-12-10', 8, 8, 8, '2014-12-09', '1040010498', 0, 0, '2014-12-09', 0),
(63, 9, 1, 1, 25, 10, 0, 0, 6, 2, 0, 0, 0, '2014-12-09', '2014-12-09', '2014-12-10', '2014-12-13', '2014-12-11', 8, 8, 8, '2014-12-09', '1040010493', 0, 0, '2014-12-09', 0),
(64, 11, 1, 1, 33, 10, 0, 0, 6, 2, 0, 0, 0, '2014-12-09', '2014-12-09', '2014-12-10', '2014-12-13', '2014-12-10', 8, 8, 8, '2014-12-10', '1110001390', 0, 0, '2014-12-09', 0),
(65, 7, 1, 1, 46, 10, 0, 0, 6, 2, 0, 0, 0, '2014-12-09', '2014-12-09', '2014-12-10', '2014-12-12', '2014-12-11', 8, 8, 8, '2014-12-09', '1040010469', 0, 0, '2014-12-09', 0),
(66, 1, 1, 1, 7, 10, 0, 0, 6, 2, 0, 0, 0, '2014-12-09', '2014-12-09', '2014-12-12', '2014-12-12', '2014-12-12', 8, 8, 8, '2014-12-12', '1040010681', 0, 0, '2014-12-09', 0),
(67, 2, 1, 1, 20, 10, 0, 0, 6, 2, 0, 0, 0, '2014-12-09', '2014-12-09', '2014-12-12', '2014-12-12', '2014-12-12', 8, 8, 8, '2014-12-12', '1040010680', 0, 0, '2014-12-09', 0),
(68, 3, 1, 1, 10, 8, 0, 0, 6, 2, 0, 0, 0, '2014-12-10', '2014-12-10', '2014-12-15', '2014-12-16', '2014-12-16', 8, 8, 8, '2014-12-10', '1070002923', 0, 0, '2014-12-10', 0),
(69, 9, 1, 1, 38, 10, 0, 0, 6, 2, 0, 0, 0, '2014-12-10', '2014-12-10', '2014-12-13', '2014-12-13', '2014-12-13', 8, 8, 8, '2014-12-13', '1040010716', 0, 0, '2014-12-10', 0),
(70, 8, 1, 1, 47, 10, 0, 0, 6, 2, 0, 0, 0, '2014-12-10', '2014-12-10', '2014-12-15', '2014-12-15', '2014-12-15', 8, 8, 8, '2014-12-15', '1040010817', 0, 0, '2014-12-10', 0),
(71, 10, 1, 1, 18, 10, 0, 0, 6, 2, 0, 0, 0, '2014-12-10', '2014-12-10', '2014-12-11', '2014-12-11', '2014-12-11', 8, 8, 8, '2014-12-10', '1040010550', 0, 0, '2014-12-10', 0),
(72, 3, 1, 1, 37, 8, 0, 0, 6, 2, 0, 0, 0, '2014-12-08', '2014-12-08', '2014-12-09', '2014-12-10', '2014-12-10', 8, 8, 8, '2014-12-08', '1040010337', 0, 0, '2014-12-08', 0),
(73, 1, 1, 1, 9, 10, 0, 0, 6, 2, 0, 0, 0, '2014-12-11', '2014-12-11', '2014-12-13', '2014-12-13', '2014-12-13', 8, 8, 8, '2014-12-13', '1040010748', 0, 0, '2014-12-11', 0),
(74, 1, 1, 1, 2, 10, 0, 0, 6, 2, 0, 0, 0, '2014-12-11', '2014-12-11', '2014-12-13', '2014-12-13', '2014-12-13', 8, 8, 8, '2014-12-13', '1040010747', 0, 0, '2014-12-11', 0),
(75, 4, 1, 1, 14, 10, 0, 0, 6, 2, 0, 0, 0, '2014-12-11', '2014-12-11', '2014-12-13', '2014-12-13', '2014-12-13', 8, 8, 8, '2014-12-13', '1040010751', 0, 0, '2014-12-11', 0),
(76, 2, 1, 1, 30, 10, 0, 0, 6, 2, 0, 0, 0, '2014-12-11', '2014-12-11', '2014-12-15', '2014-12-15', '2014-12-15', 8, 8, 8, '2014-12-15', '1040010816', 0, 0, '2014-12-11', 0),
(77, 10, 1, 1, 22, 10, 0, 0, 6, 2, 0, 0, 0, '2014-12-11', '2014-12-11', '2014-12-12', '2014-12-12', '2014-12-12', 8, 8, 8, '2014-12-11', '1040010593', 0, 0, '2014-12-11', 0),
(78, 11, 1, 1, 49, 10, 0, 0, 6, 2, 0, 0, 0, '2014-12-11', '2014-12-11', '2014-12-12', '2014-12-22', '2014-12-13', 8, 8, 8, '2014-12-12', '1110001414', 0, 0, '2014-12-11', 0),
(79, 12, 1, 1, 31, 10, 0, 0, 6, 2, 0, 0, 0, '2014-12-11', '2014-12-11', '2014-12-15', '2014-12-15', '2014-12-15', 8, 8, 8, '2014-12-15', '1040010815', 0, 0, '2014-12-11', 0),
(80, 8, 1, 1, 36, 10, 0, 0, 6, 2, 0, 0, 0, '2014-12-11', '2014-12-11', '2014-12-17', '2014-12-17', '2014-12-17', 8, 8, 8, '2014-12-17', '1040010931', 0, 0, '2014-12-11', 0),
(81, 3, 1, 1, 50, 8, 0, 0, 6, 2, 0, 0, 0, '2014-12-11', '2014-12-11', '2014-12-13', '2014-12-13', '2014-12-13', 8, 8, 8, '2014-12-13', '1040010749', 0, 0, '2014-12-11', 0),
(82, 7, 1, 1, 51, 10, 0, 0, 6, 2, 0, 0, 0, '2014-12-11', '2014-12-11', '2014-12-12', '2014-12-17', '2014-12-13', 8, 8, 8, '2014-12-11', '1040010605', 0, 0, '2014-12-11', 0),
(83, 7, 1, 1, 46, 10, 0, 0, 6, 2, 0, 0, 0, '2014-12-09', '2014-12-09', '2014-12-10', '2014-12-12', '2014-12-11', 8, 8, 8, '2014-12-09', '', 0, 0, '2014-12-09', 0),
(84, 17, 1, 1, 44, 10, 0, 0, 6, 2, 0, 0, 0, '2014-12-12', '2014-12-12', '2014-12-12', '2014-12-15', '2014-12-12', 8, 8, 8, '0000-00-00', '', 0, 0, '2014-12-12', 0),
(85, 16, 1, 1, 40, 10, 0, 0, 6, 2, 0, 0, 0, '2014-12-12', '2014-12-12', '2014-12-13', '2014-12-16', '2014-12-14', 8, 8, 8, '2014-12-12', '1040010692', 0, 0, '2014-12-12', 0),
(86, 1, 1, 1, 1, 10, 0, 0, 6, 2, 0, 0, 0, '2014-12-13', '2014-12-13', '2014-12-16', '2014-12-16', '2014-12-16', 8, 8, 8, '2014-12-16', '1040010889', 0, 0, '2014-12-13', 0),
(87, 1, 1, 1, 12, 10, 0, 0, 6, 2, 0, 0, 0, '2014-12-13', '2014-12-13', '2014-12-16', '2014-12-16', '2014-12-16', 8, 8, 8, '2014-12-16', '1040010890', 0, 0, '2014-12-13', 0),
(88, 1, 1, 1, 3, 10, 0, 0, 6, 2, 0, 0, 0, '2014-12-13', '2014-12-13', '2014-12-16', '2014-12-16', '2014-12-16', 8, 8, 8, '2014-12-16', '1040010888', 0, 0, '2014-12-13', 0),
(89, 2, 1, 1, 19, 10, 0, 0, 6, 2, 0, 0, 0, '2014-12-13', '2014-12-13', '2014-12-16', '2014-12-16', '2014-12-16', 8, 8, 8, '2014-12-16', '1040010891', 0, 0, '2014-12-13', 0),
(90, 11, 1, 1, 33, 10, 0, 0, 6, 2, 0, 0, 0, '2014-12-13', '2014-12-13', '2014-12-15', '2014-12-17', '2014-12-16', 8, 8, 8, '2014-12-16', '1110001444', 0, 0, '2014-12-13', 0),
(91, 9, 1, 1, 38, 10, 0, 0, 6, 2, 0, 0, 0, '2014-12-13', '2014-12-13', '2014-12-13', '2014-12-18', '2014-12-13', 8, 8, 8, '0000-00-00', '', 0, 0, '2014-12-13', 0),
(92, 10, 1, 1, 22, 10, 0, 0, 6, 2, 0, 0, 0, '2014-12-13', '2014-12-13', '2014-12-15', '2014-12-15', '2014-12-15', 8, 8, 8, '2014-12-13', '1040010722', 0, 0, '2014-12-13', 0),
(93, 14, 1, 1, 15, 10, 0, 0, 6, 2, 0, 0, 0, '2014-12-13', '2014-12-13', '2014-12-15', '2014-12-15', '2014-12-16', 8, 8, 8, '2014-12-13', '1040010759', 0, 0, '2014-12-13', 0),
(94, 3, 1, 1, 16, 8, 0, 0, 6, 2, 0, 0, 0, '2014-12-15', '2014-12-15', '2014-12-19', '2014-12-22', '2014-12-19', 8, 8, 8, '2014-12-15', '1070003002', 0, 0, '2014-12-15', 0),
(95, 2, 1, 1, 39, 10, 0, 0, 6, 2, 0, 0, 0, '2014-12-15', '2014-12-15', '2014-12-17', '2014-12-22', '2014-12-17', 8, 8, 8, '2014-12-17', '1030009146', 0, 0, '2014-12-15', 0),
(96, 17, 1, 1, 44, 10, 0, 0, 6, 2, 0, 0, 0, '2014-12-15', '2014-12-15', '2014-12-15', '2014-12-16', '2014-12-16', 8, 8, 8, '2014-12-15', '1040010783', 0, 0, '2014-12-15', 0),
(97, 1, 1, 1, 2, 10, 0, 0, 6, 2, 0, 0, 0, '2014-12-15', '2014-12-15', '2014-12-18', '2014-12-18', '2014-12-18', 8, 8, 8, '2014-12-18', '1040010997', 0, 0, '2014-12-15', 0),
(98, 1, 1, 1, 9, 10, 0, 0, 6, 2, 0, 0, 0, '2014-12-15', '2014-12-15', '2014-12-18', '2014-12-18', '2014-12-18', 8, 8, 8, '2014-12-18', '1040010998', 0, 0, '2014-12-15', 0),
(99, 1, 1, 1, 7, 10, 0, 0, 6, 2, 0, 0, 0, '2014-12-15', '2014-12-15', '2014-12-18', '2014-12-18', '2014-12-18', 8, 8, 8, '2014-12-18', '1040010996', 0, 0, '2014-12-15', 0),
(100, 2, 1, 1, 20, 10, 0, 0, 6, 2, 0, 0, 0, '2014-12-15', '2014-12-15', '2014-12-19', '2014-12-19', '2014-12-19', 8, 8, 8, '2014-12-19', '1040011057', 0, 0, '2014-12-15', 0),
(101, 10, 1, 1, 22, 10, 0, 0, 6, 2, 0, 0, 0, '2014-12-15', '2014-12-15', '2014-12-16', '2014-12-16', '2014-12-16', 8, 8, 8, '2014-12-15', '1040010844', 0, 0, '2014-12-15', 0),
(102, 7, 1, 1, 52, 10, 0, 0, 6, 2, 0, 0, 0, '2014-12-15', '2014-12-15', '2014-12-16', '2014-12-17', '2014-12-16', 8, 8, 8, '2014-12-15', '1040010823', 0, 0, '2014-12-15', 0),
(103, 14, 1, 1, 15, 10, 0, 0, 6, 2, 0, 0, 0, '2014-12-15', '2014-12-15', '2014-12-16', '2014-12-17', '2014-12-16', 8, 8, 8, '2014-12-15', '1040010839', 0, 0, '2014-12-15', 0),
(104, 8, 1, 1, 47, 10, 0, 0, 6, 2, 0, 0, 0, '2014-12-15', '2014-12-15', '2014-12-16', '2014-12-17', '2014-12-16', 8, 8, 8, '0000-00-00', '', 0, 0, '2014-12-15', 0),
(105, 2, 1, 1, 45, 10, 0, 0, 6, 2, 0, 0, 0, '2014-12-16', '2014-12-16', '2014-12-18', '2014-12-22', '2014-12-18', 8, 8, 8, '2014-12-18', '1030009225', 0, 0, '2014-12-16', 0),
(106, 16, 1, 1, 40, 10, 0, 0, 6, 2, 0, 0, 0, '2014-12-16', '2014-12-16', '2014-12-17', '2014-12-27', '2014-12-17', 8, 8, 8, '2014-12-16', '1040010893', 0, 0, '2014-12-16', 0),
(107, 2, 1, 1, 53, 10, 0, 0, 6, 2, 0, 0, 0, '2014-12-16', '2014-12-16', '2014-12-18', '2014-12-22', '2014-12-18', 8, 8, 8, '2014-12-18', '1030009224', 0, 0, '2014-12-16', 0),
(108, 3, 1, 1, 42, 8, 0, 0, 6, 2, 0, 0, 0, '2014-12-15', '2014-12-15', '2014-12-19', '2014-12-22', '2014-12-19', 8, 8, 8, '2014-12-15', '1070003003', 0, 0, '2014-12-15', 0),
(109, 7, 1, 1, 52, 10, 0, 0, 6, 2, 0, 0, 0, '2014-12-15', '2014-12-15', '2014-12-16', '2014-12-17', '2014-12-16', 8, 8, 8, '0000-00-00', '', 0, 0, '2014-12-15', 0),
(110, 7, 1, 1, 51, 10, 0, 0, 6, 2, 0, 0, 0, '2014-12-11', '2014-12-11', '2014-12-12', '2014-12-17', '2014-12-13', 8, 8, 8, '0000-00-00', '', 0, 0, '2014-12-11', 0),
(111, 14, 1, 1, 15, 10, 0, 0, 6, 2, 0, 0, 0, '2014-12-17', '2014-12-17', '2014-12-18', '2014-12-18', '2014-12-18', 8, 8, 8, '2014-12-17', '1040010923', 0, 0, '2014-12-17', 0),
(112, 17, 1, 1, 44, 10, 0, 0, 6, 2, 0, 0, 0, '2014-12-17', '2014-12-17', '2014-12-18', '2014-12-19', '2014-12-18', 8, 8, 8, '2014-12-17', '1040010927', 0, 0, '2014-12-17', 0),
(113, 10, 1, 1, 22, 10, 0, 0, 6, 2, 0, 0, 0, '2014-12-17', '2014-12-17', '2014-12-18', '2014-12-18', '2014-12-18', 8, 8, 8, '2014-12-17', '1040010940', 0, 0, '2014-12-17', 0),
(114, 11, 1, 1, 33, 10, 0, 0, 6, 2, 0, 0, 0, '2014-12-17', '2014-12-17', '2014-12-19', '2014-12-26', '2014-12-19', 8, 8, 8, '2014-12-19', '1110001474', 0, 0, '2014-12-17', 0),
(115, 8, 1, 1, 36, 10, 0, 0, 6, 2, 0, 0, 0, '2014-12-17', '2014-12-17', '2014-12-18', '2014-12-22', '2014-12-18', 8, 8, 8, '0000-00-00', '', 0, 0, '2014-12-17', 0),
(116, 8, 1, 1, 26, 10, 0, 0, 6, 2, 0, 0, 0, '2014-12-17', '2014-12-17', '0000-00-00', '0000-00-00', '0000-00-00', 8, 8, 8, '2014-12-17', '1040010922', 0, 0, '2014-12-17', 0),
(117, 18, 1, 1, 54, 7, 0, 0, 6, 2, 0, 0, 0, '2014-12-17', '2014-12-17', '2014-12-20', '2014-12-20', '2014-12-20', 8, 8, 8, '2014-12-20', '1040011117', 0, 0, '2014-12-17', 0),
(118, 9, 1, 1, 38, 10, 0, 0, 6, 2, 0, 0, 0, '2014-12-17', '2014-12-17', '2014-12-22', '2014-12-22', '2014-12-22', 8, 8, 8, '2014-12-22', '1040011138', 0, 0, '2014-12-17', 0),
(119, 3, 1, 1, 10, 8, 0, 0, 6, 2, 0, 0, 0, '2014-12-18', '2014-12-18', '2014-12-22', '2014-12-26', '2014-12-22', 8, 8, 8, '2014-12-18', '1070003068', 0, 0, '2014-12-18', 0),
(120, 3, 1, 1, 6, 8, 0, 0, 6, 2, 0, 0, 0, '2014-12-18', '2014-12-18', '2014-12-19', '2014-12-22', '2014-12-19', 8, 8, 8, '2014-12-18', '1040011007', 0, 0, '2014-12-18', 0),
(121, 1, 1, 1, 1, 10, 0, 0, 6, 2, 0, 0, 0, '2014-12-18', '2014-12-18', '2014-12-22', '2014-12-22', '2014-12-22', 8, 8, 8, '2014-12-22', '1040011161', 0, 0, '2014-12-18', 0),
(122, 1, 1, 1, 3, 10, 0, 0, 6, 2, 0, 0, 0, '2014-12-18', '2014-12-18', '2014-12-22', '2014-12-22', '2014-12-22', 8, 8, 8, '2014-12-22', '1040011159', 0, 0, '2014-12-18', 0),
(123, 1, 1, 1, 12, 10, 0, 0, 6, 2, 0, 0, 0, '2014-12-19', '2014-12-19', '2014-12-23', '2014-12-23', '2014-12-23', 8, 8, 8, '2014-12-23', '1040011217', 0, 0, '2014-12-19', 0),
(124, 2, 1, 1, 19, 10, 0, 0, 6, 2, 0, 0, 0, '2014-12-19', '2014-12-19', '2014-12-22', '2014-12-22', '2014-12-22', 8, 8, 8, '2014-12-22', '1040011158', 0, 0, '2014-12-19', 0),
(125, 4, 1, 1, 14, 10, 0, 0, 6, 2, 0, 0, 0, '2014-12-19', '2014-12-19', '2014-12-22', '2014-12-22', '2014-12-22', 8, 8, 8, '2014-12-22', '1040011162', 0, 0, '2014-12-19', 0),
(126, 4, 1, 1, 24, 10, 0, 0, 6, 2, 0, 0, 0, '2014-12-19', '2014-12-19', '2014-12-22', '2014-12-22', '2014-12-22', 8, 8, 8, '2014-12-22', '1040011160', 0, 0, '2014-12-19', 0),
(127, 5, 1, 1, 11, 10, 0, 0, 6, 2, 0, 0, 0, '2014-12-19', '2014-12-19', '2014-12-23', '2014-12-23', '2014-12-23', 8, 8, 8, '2014-12-23', '1040011215', 0, 0, '2014-12-19', 0),
(128, 14, 1, 1, 15, 10, 0, 0, 6, 2, 0, 0, 0, '2014-12-19', '2014-12-19', '2014-12-20', '2014-12-23', '2004-12-20', 8, 8, 8, '2014-12-19', '1040011048', 0, 0, '2014-12-19', 0),
(129, 17, 1, 1, 44, 10, 0, 0, 6, 2, 0, 0, 0, '2014-12-19', '2014-12-19', '2014-12-20', '2014-12-22', '2014-12-20', 8, 8, 8, '2014-12-19', '1040011064', 0, 0, '2014-12-19', 0),
(130, 12, 1, 1, 31, 10, 0, 0, 6, 2, 0, 0, 0, '2014-12-20', '2014-12-20', '2014-12-24', '2014-12-24', '2014-12-24', 8, 8, 8, '2014-12-24', '1040011288', 0, 0, '2014-12-20', 0),
(131, 1, 1, 1, 2, 10, 0, 0, 6, 2, 0, 0, 0, '2014-12-20', '2014-12-20', '2014-12-23', '2014-12-23', '2014-12-23', 8, 8, 8, '2014-12-23', '1040011216', 0, 0, '2014-12-20', 0),
(132, 1, 1, 1, 9, 10, 0, 0, 6, 2, 0, 0, 0, '2014-12-20', '2014-12-20', '2014-12-23', '2014-12-23', '2014-12-23', 8, 8, 8, '2014-12-23', '1040011214', 0, 0, '2014-12-20', 0),
(133, 8, 1, 1, 23, 10, 0, 0, 6, 2, 0, 0, 0, '2014-12-20', '2014-12-20', '2014-12-24', '2014-12-27', '2014-12-24', 8, 8, 8, '2014-12-20', '1070003109', 0, 0, '2014-12-20', 0),
(134, 2, 1, 1, 43, 10, 0, 0, 6, 2, 0, 0, 0, '2014-12-20', '2014-12-20', '2014-12-22', '2015-02-02', '2014-12-22', 8, 8, 8, '2014-12-22', '1030009415', 0, 0, '2014-12-20', 0),
(135, 18, 1, 1, 55, 7, 0, 0, 6, 2, 0, 0, 0, '2014-12-20', '2014-12-20', '2014-12-24', '2014-12-24', '2014-12-24', 8, 8, 8, '2014-12-24', '1040011287', 0, 0, '2014-12-20', 0),
(136, 8, 1, 1, 47, 10, 0, 0, 6, 2, 0, 0, 0, '2014-12-22', '2014-12-22', '2014-12-26', '2014-12-26', '2014-12-26', 8, 8, 8, '2014-12-26', '1040011368', 0, 0, '2014-12-22', 0),
(137, 3, 1, 1, 42, 8, 0, 0, 6, 2, 0, 0, 0, '2014-12-22', '2014-12-22', '2014-12-27', '2014-12-29', '2014-12-27', 8, 8, 8, '2014-12-22', '1070003131', 0, 0, '2014-12-22', 0),
(138, 3, 1, 1, 6, 8, 0, 0, 6, 2, 0, 0, 0, '2014-12-22', '2014-12-22', '2014-12-26', '2014-12-29', '2014-12-26', 8, 8, 8, '2014-12-22', '1070003133', 0, 0, '2014-12-22', 0),
(139, 3, 1, 1, 16, 8, 0, 0, 6, 2, 0, 0, 0, '2014-12-22', '2014-12-22', '2014-12-26', '2014-12-29', '2014-12-26', 8, 8, 8, '2014-12-22', '1070003132', 0, 0, '2014-12-22', 0),
(140, 10, 1, 1, 22, 10, 0, 0, 6, 2, 0, 0, 0, '2014-12-22', '2014-12-22', '2014-12-23', '2014-12-23', '2014-12-23', 8, 8, 8, '2014-12-22', '1040011183', 0, 0, '2014-12-22', 0),
(141, 9, 1, 1, 38, 10, 0, 0, 6, 2, 0, 0, 0, '2014-12-22', '2014-12-22', '2014-12-22', '2014-12-26', '2014-12-23', 8, 8, 8, '2014-12-22', '', 0, 0, '2014-12-22', 0),
(142, 11, 1, 1, 56, 10, 0, 0, 6, 2, 0, 0, 0, '2014-12-22', '2014-12-22', '2014-12-23', '2014-12-23', '2014-12-23', 8, 8, 8, '2014-12-22', '1040011152', 0, 0, '2014-12-22', 0),
(143, 17, 1, 1, 44, 10, 0, 0, 6, 2, 0, 0, 0, '2014-12-22', '2014-12-22', '2014-12-23', '2014-12-26', '2014-12-23', 8, 8, 8, '2014-12-22', '1040011153', 0, 0, '2014-12-22', 0),
(144, 14, 1, 1, 15, 10, 0, 0, 6, 2, 0, 0, 0, '2014-12-23', '2014-12-23', '2014-12-24', '2014-12-30', '2014-12-24', 8, 8, 8, '2014-12-23', '1040011199', 0, 0, '2014-12-23', 0),
(145, 2, 1, 1, 30, 10, 0, 0, 6, 2, 0, 0, 0, '2014-12-23', '2014-12-23', '2014-12-26', '2014-12-26', '2014-12-26', 8, 8, 8, '2014-12-26', '1040011378', 0, 0, '2014-12-23', 0),
(146, 18, 1, 1, 54, 7, 0, 0, 6, 2, 0, 0, 0, '2014-12-23', '2014-12-23', '2014-12-26', '2014-12-26', '2014-12-26', 8, 8, 8, '2014-12-26', '1040011369', 0, 0, '2014-12-23', 0),
(147, 11, 1, 1, 33, 10, 0, 0, 6, 2, 0, 0, 0, '2014-12-22', '2014-12-22', '2014-12-23', '2014-12-26', '2014-12-23', 8, 8, 8, '2014-12-24', '1110001513', 0, 0, '2014-12-22', 0),
(148, 2, 1, 1, 20, 10, 0, 0, 6, 2, 0, 0, 0, '2014-12-29', '2014-12-29', '2015-01-01', '2015-01-01', '2015-01-01', 8, 8, 8, '2015-01-01', '1040011753', 0, 0, '2014-12-29', 0),
(149, 8, 1, 1, 47, 10, 0, 0, 6, 2, 0, 0, 0, '2014-12-26', '2014-12-26', '2014-12-27', '2014-12-30', '2014-12-27', 8, 8, 8, '0000-00-00', '', 0, 0, '2014-12-26', 0),
(150, 1, 2, 2, 1, 10, 0, 0, 6, 2, 0, 0, 0, '2014-12-27', '2014-12-27', '2014-12-30', '2014-12-30', '2014-12-30', 8, 8, 8, '2014-12-30', '1740000681', 0, 0, '2014-12-27', 0),
(151, 1, 2, 2, 2, 10, 0, 0, 6, 2, 0, 0, 0, '2014-12-27', '2014-12-27', '2014-12-30', '2014-12-30', '2014-12-30', 8, 8, 8, '2014-12-30', '1740000682', 0, 0, '2014-12-27', 0),
(152, 13, 1, 1, 32, 10, 0, 0, 6, 2, 0, 0, 0, '2014-12-29', '2014-12-29', '2014-12-30', '2015-01-01', '2014-12-30', 8, 8, 8, '2014-12-30', '1030009835', 0, 0, '2014-12-29', 0),
(153, 1, 1, 1, 7, 10, 0, 0, 6, 2, 0, 0, 0, '2014-12-29', '2014-12-29', '2015-01-01', '2015-01-01', '2015-01-01', 8, 8, 8, '2015-01-01', '1040011754', 0, 0, '2014-12-29', 0),
(154, 3, 1, 1, 10, 8, 0, 0, 6, 2, 0, 0, 0, '2014-12-30', '2014-12-30', '2015-01-03', '2015-01-03', '2015-01-03', 8, 8, 8, '2015-01-03', '1040011972', 0, 0, '2014-12-30', 0),
(158, 2, 1, 1, 39, 0, 0, 0, 0, 0, 0, 0, 0, '2014-12-31', '2014-12-31', '2015-01-02', '2015-01-07', '2015-01-02', 8, 8, 8, '2015-01-02', '1030009954', 0, 0, '2014-12-31', 0),
(159, 2, 1, 1, 45, 0, 0, 0, 0, 0, 0, 0, 0, '2014-12-31', '2014-12-31', '2015-01-02', '2015-01-07', '2015-01-02', 8, 8, 8, '2015-01-02', '1030009963', 0, 0, '2014-12-31', 0),
(160, 1, 1, 1, 3, 0, 0, 0, 0, 0, 0, 0, 0, '2014-12-31', '2014-12-31', '2015-01-03', '2015-01-03', '2015-01-03', 8, 8, 8, '2015-01-03', '1040011971', 0, 0, '2014-12-31', 0),
(161, 11, 1, 1, 33, 10, 0, 0, 6, 2, 0, 0, 0, '2014-12-31', '2014-12-31', '2015-01-01', '2015-01-05', '2015-01-01', 8, 8, 8, '2015-01-01', '1110001550', 0, 0, '2014-12-31', 0),
(162, 11, 1, 1, 67, 10, 0, 0, 6, 2, 0, 0, 0, '2014-12-31', '2014-12-31', '2015-01-01', '2015-01-05', '2015-01-01', 8, 8, 8, '2015-01-01', '1110001549', 0, 0, '2014-12-31', 0),
(163, 14, 1, 1, 15, 10, 0, 0, 6, 2, 0, 0, 0, '2014-11-17', '2014-11-17', '2014-11-18', '2014-12-30', '2014-11-18', 8, 8, 8, '0000-00-00', '', 0, 0, '2014-11-17', 0),
(164, 14, 1, 1, 15, 10, 0, 0, 6, 2, 0, 0, 0, '2014-11-19', '2014-11-19', '2014-11-20', '2014-12-30', '2014-11-20', 8, 8, 8, '0000-00-00', '', 0, 0, '2014-11-19', 0),
(165, 14, 1, 1, 15, 10, 0, 0, 6, 2, 0, 0, 0, '2014-11-24', '2014-11-24', '2014-11-25', '2014-12-30', '2014-11-25', 8, 8, 8, '0000-00-00', '', 0, 0, '2014-11-24', 0),
(166, 20, 1, 1, 68, 10, 0, 0, 6, 2, 0, 0, 0, '2014-11-19', '2014-11-19', '2014-11-20', '2014-12-30', '2014-11-20', 8, 8, 8, '0000-00-00', '', 0, 0, '2014-11-19', 0),
(167, 14, 2, 2, 15, 0, 0, 0, 5.5, 0, 0, 0, 0, '2014-11-01', '2014-11-01', '2014-11-01', '2014-12-30', '2014-11-01', 8, 8, 8, '0000-00-00', '', 0, 0, '2014-11-01', 0),
(168, 14, 2, 2, 15, 0, 0, 0, 5.5, 0, 0, 0, 0, '2014-11-02', '2014-11-02', '2014-11-02', '2014-12-30', '2014-11-02', 8, 8, 8, '0000-00-00', '', 0, 0, '2014-11-02', 0),
(169, 14, 2, 2, 15, 0, 0, 0, 5.5, 0, 0, 0, 0, '2014-11-05', '2014-11-05', '2014-11-06', '2014-12-30', '2014-11-06', 8, 8, 8, '0000-00-00', '', 0, 0, '2014-11-05', 0),
(170, 14, 2, 2, 15, 0, 0, 0, 5.5, 0, 0, 0, 0, '2014-11-07', '2014-11-07', '2014-11-08', '2014-12-30', '2014-11-08', 8, 8, 8, '0000-00-00', '', 0, 0, '2014-11-07', 0),
(171, 14, 2, 2, 15, 0, 0, 0, 5.5, 0, 0, 0, 0, '2014-11-10', '2014-11-10', '2014-11-11', '2014-12-30', '2014-11-11', 8, 8, 8, '0000-00-00', '', 0, 0, '2014-11-10', 0),
(172, 14, 2, 2, 15, 0, 0, 0, 5.5, 0, 0, 0, 0, '2014-11-12', '2014-11-12', '2014-11-13', '2014-12-30', '2014-11-13', 8, 8, 8, '0000-00-00', '', 0, 0, '2014-11-12', 0),
(173, 14, 2, 2, 15, 0, 0, 0, 5.5, 0, 0, 0, 0, '2014-11-14', '2014-11-14', '2014-11-15', '2014-12-30', '2014-11-15', 8, 8, 8, '0000-00-00', '', 0, 0, '2014-11-14', 0),
(174, 11, 2, 2, 69, 0, 0, 0, 5.5, 0, 0, 0, 0, '2014-11-05', '2014-11-05', '2014-11-06', '2014-12-30', '2014-11-06', 8, 8, 8, '0000-00-00', '', 0, 0, '2014-11-05', 0),
(175, 11, 2, 2, 69, 0, 0, 0, 5.5, 0, 0, 0, 0, '2014-11-11', '2014-11-11', '2014-11-12', '2014-12-30', '2014-11-12', 8, 8, 8, '0000-00-00', '', 0, 0, '2014-11-11', 0),
(176, 11, 2, 2, 69, 10, 0, 0, 5.5, 0, 0, 0, 0, '2014-10-17', '2014-10-17', '2014-10-18', '2014-12-30', '2014-10-18', 8, 8, 8, '0000-00-00', '', 0, 0, '2014-10-17', 0),
(177, 11, 2, 2, 69, 10, 0, 0, 5.5, 0, 0, 0, 0, '2014-10-22', '2014-10-22', '2014-10-22', '2014-12-30', '2014-10-22', 8, 8, 8, '0000-00-00', '', 0, 0, '2014-10-22', 0),
(178, 11, 2, 2, 69, 10, 0, 0, 5.5, 0, 0, 0, 0, '2014-10-22', '2014-10-22', '2014-10-22', '2014-12-30', '2014-10-22', 8, 8, 8, '0000-00-00', '', 0, 0, '2014-10-22', 0),
(179, 11, 2, 2, 69, 0, 0, 0, 5.5, 0, 0, 0, 0, '2014-10-27', '2014-10-27', '2014-10-28', '2014-12-30', '2014-10-28', 8, 8, 8, '0000-00-00', '', 0, 0, '2014-10-27', 0),
(180, 11, 2, 2, 69, 10, 0, 0, 5.5, 0, 0, 0, 0, '2014-09-12', '2014-09-12', '2014-09-12', '2014-12-30', '2014-09-12', 8, 8, 8, '0000-00-00', '', 0, 0, '2014-09-12', 0),
(181, 20, 2, 2, 70, 10, 0, 0, 5.5, 0, 0, 0, 0, '2014-10-11', '2014-10-11', '2014-10-16', '2015-01-01', '2014-10-16', 8, 8, 8, '2014-10-11', '1070001730', 0, 0, '2014-10-11', 0),
(182, 14, 1, 1, 15, 10, 0, 0, 6, 2, 0, 0, 0, '2015-01-01', '2015-01-01', '2015-01-01', '2015-01-01', '2015-01-01', 8, 8, 8, '2015-01-01', '1040011633', 0, 0, '2015-01-01', 0),
(183, 16, 1, 1, 40, 10, 0, 0, 6, 2, 0, 0, 0, '2015-01-01', '2015-01-01', '2015-01-02', '2015-01-08', '2015-01-02', 8, 8, 8, '2015-01-01', '1040011730', 0, 0, '2015-01-01', 0),
(184, 8, 1, 1, 26, 10, 0, 0, 6, 2, 0, 0, 0, '2015-01-01', '2015-01-01', '2015-01-01', '2015-01-02', '2015-01-01', 8, 8, 8, '2015-01-01', '1040011638', 0, 0, '2015-01-01', 0),
(185, 3, 1, 1, 6, 8, 0, 0, 6, 2, 0, 0, 0, '2015-01-01', '2015-01-01', '2015-01-05', '2015-01-06', '2015-01-05', 8, 8, 8, '2015-01-01', '1070003277', 0, 0, '2015-01-01', 0),
(186, 10, 1, 1, 22, 10, 0, 0, 6, 2, 0, 0, 0, '2015-01-01', '2015-01-01', '2015-01-03', '2015-01-03', '2015-01-03', 8, 8, 8, '2015-01-01', '1040011784', 0, 0, '2015-01-01', 0),
(187, 14, 1, 1, 15, 10, 0, 0, 6, 2, 0, 0, 0, '2015-01-01', '2015-01-01', '2015-01-02', '2015-01-05', '2015-01-02', 8, 8, 8, '2015-01-01', '1040011800', 0, 0, '2015-01-01', 0),
(188, 17, 1, 1, 44, 10, 0, 0, 6, 2, 0, 0, 0, '2015-01-02', '2015-01-02', '2015-01-03', '2015-01-07', '2015-01-03', 8, 8, 8, '0000-00-00', '', 0, 0, '2015-01-02', 0),
(189, 15, 1, 1, 71, 10, 0, 0, 6, 2, 0, 0, 0, '2015-01-02', '2015-01-02', '0000-00-00', '0000-00-00', '0000-00-00', 8, 8, 8, '0000-00-00', '', 0, 0, '2015-01-02', 0),
(190, 3, 1, 1, 37, 8, 0, 0, 6, 2, 0, 0, 0, '2015-01-03', '2015-01-03', '2015-01-03', '2015-01-06', '2015-01-03', 8, 8, 8, '2015-01-03', '1040012035', 0, 0, '2015-01-03', 0),
(191, 2, 1, 1, 19, 10, 0, 0, 6, 2, 0, 0, 0, '2015-01-03', '2015-01-03', '2015-01-06', '2015-01-06', '2015-01-06', 8, 8, 8, '2015-01-06', '1040012217', 0, 0, '2015-01-03', 0),
(193, 6, 1, 1, 29, 7, 0, 0, 6, 2, 0, 0, 0, '2015-01-05', '2015-01-05', '2015-01-06', '2015-01-08', '2015-01-06', 8, 8, 8, '2015-01-05', '1040012104', 0, 0, '2015-01-05', 0),
(194, 14, 1, 1, 15, 10, 0, 0, 6, 2, 0, 0, 0, '2015-01-05', '2015-01-05', '2015-01-06', '2015-01-08', '2015-01-06', 8, 8, 8, '2015-01-05', '1040012099', 0, 0, '2015-01-05', 0),
(195, 10, 1, 1, 13, 10, 0, 0, 6, 2, 0, 0, 0, '2015-01-05', '2015-01-05', '2015-01-06', '2015-01-13', '2015-01-06', 8, 8, 8, '2015-01-06', '1030010225', 0, 0, '2015-01-05', 0),
(196, 1, 1, 1, 2, 10, 0, 0, 6, 2, 0, 0, 0, '2015-01-05', '2015-01-05', '2015-01-08', '2015-01-08', '2015-01-08', 8, 8, 8, '2015-01-08', '1040012372', 0, 0, '2015-01-05', 0),
(197, 13, 1, 1, 32, 10, 0, 0, 6, 2, 0, 0, 0, '2015-01-06', '2015-01-06', '2015-01-07', '2015-01-08', '2015-01-07', 8, 8, 8, '2015-01-07', '1030010290', 0, 0, '2015-01-06', 0),
(198, 1, 1, 1, 1, 10, 0, 0, 6, 2, 0, 0, 0, '2015-01-06', '2015-01-06', '2015-01-09', '2015-01-09', '2015-01-09', 8, 8, 8, '2015-01-06', '1070003386', 0, 0, '2015-01-06', 0),
(199, 3, 1, 1, 16, 8, 0, 0, 6, 2, 0, 0, 0, '2015-01-06', '2015-01-06', '2015-01-10', '2015-01-13', '2015-01-10', 8, 8, 8, '2015-01-06', '1070003390', 0, 0, '2015-01-06', 0),
(200, 4, 1, 1, 14, 10, 0, 0, 6, 2, 0, 0, 0, '2015-01-06', '2015-01-06', '2015-01-09', '2015-01-09', '2015-01-09', 8, 8, 8, '2015-01-09', '1040012468', 0, 0, '2015-01-06', 0),
(201, 3, 1, 1, 37, 8, 0, 0, 6, 2, 0, 0, 0, '2015-01-06', '2015-01-06', '2015-01-08', '2015-01-09', '2015-01-08', 8, 8, 8, '2015-01-08', '1030010377', 0, 0, '2015-01-06', 0),
(202, 2, 1, 1, 19, 10, 0, 0, 6, 2, 0, 0, 0, '2015-01-06', '2015-01-06', '2015-01-07', '2015-01-08', '2015-01-07', 8, 8, 8, '0000-00-00', '', 0, 0, '2015-01-06', 0),
(203, 17, 1, 1, 44, 10, 0, 0, 6, 2, 0, 0, 0, '2015-01-06', '2015-01-06', '2015-01-07', '2015-01-12', '2015-01-07', 8, 8, 8, '2015-01-06', '1040012199', 0, 0, '2015-01-06', 0),
(204, 3, 1, 1, 42, 8, 0, 0, 6, 2, 0, 0, 0, '2015-01-07', '2015-01-07', '2015-01-10', '2015-01-13', '2015-01-10', 8, 8, 8, '2015-01-07', '1070003415', 0, 0, '2015-01-07', 0),
(205, 8, 1, 1, 26, 10, 0, 0, 6, 2, 0, 0, 0, '2015-01-08', '2015-01-08', '2015-01-09', '2015-01-12', '2015-01-09', 8, 8, 8, '2015-01-08', '1040012416', 0, 0, '2015-01-08', 0),
(206, 1, 1, 1, 9, 10, 0, 0, 6, 2, 0, 0, 0, '2015-01-08', '2015-01-09', '2015-01-12', '2015-01-12', '2015-01-12', 8, 8, 8, '2015-01-09', '1830000023', 0, 0, '2015-01-09', 0),
(207, 3, 1, 1, 10, 8, 0, 0, 6, 2, 0, 0, 0, '2015-01-08', '2015-01-09', '2015-01-13', '2015-01-15', '2015-01-13', 8, 8, 8, '2015-01-09', '1830000021', 0, 0, '2015-01-09', 0),
(208, 2, 1, 1, 30, 10, 0, 0, 6, 2, 0, 0, 0, '2015-01-08', '2015-01-09', '2015-01-12', '2015-01-12', '2015-01-12', 8, 8, 8, '2015-01-12', '1040012683', 0, 0, '2015-01-09', 0),
(209, 1, 1, 1, 12, 10, 0, 0, 6, 2, 0, 0, 0, '2015-01-08', '2015-01-09', '2015-01-12', '2015-01-12', '2015-01-12', 8, 8, 8, '2015-01-12', '1040012681', 0, 0, '2015-01-09', 0),
(210, 1, 1, 1, 7, 10, 0, 0, 6, 2, 0, 0, 0, '2015-01-08', '2015-01-09', '2015-01-12', '2015-01-12', '2015-01-12', 8, 8, 8, '2015-01-12', '1040012684', 0, 0, '2015-01-09', 0),
(211, 2, 1, 1, 20, 10, 0, 0, 6, 2, 0, 0, 0, '2015-01-08', '2015-01-09', '2015-01-12', '2015-01-12', '2015-01-12', 8, 8, 8, '2015-01-12', '1040012682', 0, 0, '2015-01-09', 0),
(212, 14, 1, 1, 15, 10, 0, 0, 6, 2, 0, 0, 0, '2015-01-09', '2015-01-09', '2015-01-10', '2015-01-12', '2015-01-10', 8, 8, 8, '2015-01-09', '1040012455', 0, 0, '2015-01-09', 0),
(213, 10, 1, 1, 22, 10, 0, 0, 6, 2, 0, 0, 0, '2015-01-10', '2015-01-10', '2015-01-12', '2015-01-12', '2015-01-12', 8, 8, 8, '2015-01-10', '1040012573', 0, 0, '2015-01-10', 0),
(214, 4, 1, 1, 24, 10, 0, 0, 6, 2, 0, 0, 0, '2015-01-10', '2015-01-11', '2015-01-13', '2015-01-13', '2015-01-13', 8, 8, 8, '2015-01-13', '1040012808', 0, 0, '2015-01-10', 0),
(216, 17, 1, 1, 44, 10, 0, 0, 6, 2, 0, 0, 0, '2015-01-09', '2015-01-09', '2015-01-09', '2015-01-09', '2015-01-10', 8, 8, 8, '2015-01-09', '1040012545', 0, 0, '2015-01-09', 0),
(217, 3, 1, 1, 6, 8, 0, 0, 6, 2, 0, 0, 0, '2015-01-10', '2015-01-12', '2015-01-15', '2015-01-16', '2015-01-15', 8, 8, 8, '2015-01-12', '1830000027', 0, 0, '2015-01-12', 0),
(218, 1, 1, 1, 3, 10, 0, 0, 6, 2, 0, 0, 0, '2015-01-10', '2015-01-12', '2015-01-14', '2015-01-14', '2015-01-14', 8, 8, 8, '2015-01-14', '1040012876', 0, 0, '2015-01-12', 0),
(219, 15, 1, 1, 78, 10, 0, 0, 6, 2, 0, 0, 0, '2015-01-10', '2015-01-12', '2015-01-15', '2015-01-15', '2015-01-15', 8, 8, 8, '2015-01-15', '1040012953', 0, 0, '2015-01-12', 0),
(220, 8, 1, 1, 26, 10, 0, 0, 6, 2, 0, 0, 0, '2015-01-12', '2015-01-12', '2015-01-13', '2015-01-14', '2015-01-13', 8, 8, 8, '2015-01-12', '1040012754', 0, 0, '2015-01-12', 0),
(221, 2, 1, 1, 17, 10, 0, 0, 6, 2, 0, 0, 0, '2015-01-12', '2015-01-12', '2015-01-13', '2015-01-16', '2015-01-13', 8, 8, 8, '2015-01-13', '1030010663', 0, 0, '2015-01-12', 0),
(222, 1, 1, 1, 1, 10, 0, 0, 6, 2, 0, 0, 0, '2015-01-12', '2015-01-12', '2015-01-14', '2015-01-14', '2015-01-14', 8, 8, 8, '2015-01-14', '1040012898', 0, 0, '2015-01-12', 0),
(223, 1, 1, 1, 2, 10, 0, 0, 6, 2, 0, 0, 0, '2015-01-12', '2015-01-12', '2015-01-14', '2015-01-14', '2015-01-14', 8, 8, 8, '2015-01-14', '1040012897', 0, 0, '2015-01-12', 0),
(224, 4, 1, 1, 14, 10, 0, 0, 6, 2, 0, 0, 0, '2015-01-12', '2015-01-12', '2015-01-15', '2015-01-15', '2015-01-15', 8, 8, 8, '2015-01-15', '1040012955', 0, 0, '2015-01-12', 0),
(225, 2, 1, 1, 19, 10, 0, 0, 6, 2, 0, 0, 0, '2015-01-12', '2015-01-13', '2015-01-15', '2015-01-15', '2015-01-15', 8, 8, 8, '2015-01-15', '1040012994', 0, 0, '2015-01-13', 0),
(226, 2, 1, 1, 43, 10, 0, 0, 6, 2, 0, 0, 0, '2015-01-12', '2015-01-13', '2015-01-15', '2015-01-15', '2015-01-15', 8, 8, 8, '2015-01-15', '1040012993', 0, 0, '2015-01-13', 0),
(227, 17, 1, 1, 44, 10, 0, 0, 6, 2, 0, 0, 0, '2015-01-13', '2015-01-13', '2015-01-14', '2015-01-16', '2015-01-14', 8, 8, 8, '2015-01-13', '1040012821', 0, 0, '2015-01-13', 0),
(228, 10, 1, 1, 22, 10, 0, 0, 6, 2, 0, 0, 0, '2015-01-13', '2015-01-13', '2015-01-14', '2015-01-14', '2015-01-14', 8, 8, 8, '2015-01-13', '1040012837', 0, 0, '2015-01-13', 0),
(229, 13, 1, 1, 32, 10, 0, 0, 6, 2, 0, 0, 0, '2015-01-13', '2015-01-13', '2015-01-14', '2015-01-15', '2015-01-14', 8, 8, 8, '2015-01-14', '1030010769', 0, 0, '2015-01-13', 0),
(230, 8, 1, 1, 26, 10, 0, 0, 6, 2, 0, 0, 0, '2015-01-14', '2015-01-14', '2015-01-15', '2015-01-16', '2015-01-15', 8, 8, 8, '2015-01-14', '1040012889', 0, 0, '2015-01-14', 0),
(231, 7, 1, 1, 46, 10, 0, 0, 6, 2, 0, 0, 0, '2015-01-14', '2015-01-14', '2015-01-15', '2015-01-24', '2015-01-15', 8, 8, 8, '2015-01-14', '1040012908', 0, 0, '2015-01-14', 0),
(232, 20, 1, 1, 85, 10, 0, 0, 6, 2, 0, 0, 0, '2015-01-13', '2015-01-14', '2015-01-19', '2015-01-19', '2015-01-19', 8, 8, 8, '2015-01-19', '1040013262', 0, 0, '2015-01-14', 0),
(233, 21, 1, 1, 81, 10, 0, 0, 6, 2, 0, 0, 0, '2015-01-13', '2015-01-14', '2015-01-18', '2015-01-19', '2015-01-18', 8, 8, 8, '2015-01-18', '1040013159', 0, 0, '2015-01-14', 0),
(234, 21, 2, 3, 90, 10, 0, 0, 6, 2, 0, 0, 0, '2015-01-13', '2015-01-14', '2015-01-17', '2015-01-20', '2015-01-17', 8, 8, 8, '2015-01-20', '1740000794', 0, 0, '2015-01-14', 0),
(235, 1, 1, 1, 7, 10, 0, 0, 6, 2, 0, 0, 0, '2015-01-14', '2015-01-14', '2015-01-17', '2015-01-17', '2015-01-17', 8, 8, 8, '2015-01-17', '1040013106', 0, 0, '2015-01-14', 0),
(236, 1, 1, 1, 12, 10, 0, 0, 6, 2, 0, 0, 0, '2015-01-14', '2015-01-14', '2015-01-17', '2015-01-17', '2015-01-17', 8, 8, 8, '2015-01-17', '1040013108', 0, 0, '2015-01-14', 0),
(237, 1, 1, 1, 9, 10, 0, 0, 6, 2, 0, 0, 0, '2015-01-14', '2015-01-14', '2015-01-17', '2015-01-17', '2015-01-17', 8, 8, 8, '2015-01-17', '1040013107', 0, 0, '2015-01-14', 0),
(238, 3, 1, 1, 16, 8, 0, 0, 6, 2, 0, 0, 0, '2015-01-14', '2015-01-14', '2015-01-17', '2015-01-17', '2015-01-17', 8, 8, 8, '2015-01-17', '1040013109', 0, 0, '2015-01-14', 0),
(239, 21, 1, 1, 92, 10, 0, 0, 6, 2, 0, 0, 0, '2015-01-13', '2015-01-15', '2015-01-19', '2015-01-19', '2015-01-19', 8, 8, 8, '2015-01-19', '1040013210', 0, 0, '2015-01-15', 0),
(240, 9, 1, 1, 38, 10, 0, 0, 6, 2, 0, 0, 0, '2015-01-13', '2015-01-15', '2015-01-18', '2015-01-23', '2015-01-18', 8, 8, 8, '0000-00-00', '', 0, 0, '2015-01-15', 0),
(241, 5, 1, 1, 11, 10, 0, 0, 6, 2, 0, 0, 0, '2015-01-14', '2015-01-15', '2015-01-18', '2015-01-19', '2015-01-18', 8, 8, 8, '2015-01-18', '1040013160', 0, 0, '2015-01-15', 0),
(242, 14, 1, 1, 15, 10, 0, 0, 6, 2, 0, 0, 0, '2015-01-15', '2015-01-15', '2015-01-16', '2015-01-17', '2015-01-16', 8, 8, 8, '2015-01-15', '1040012984', 0, 0, '2015-01-15', 0),
(243, 3, 1, 1, 42, 8, 0, 0, 6, 2, 0, 0, 0, '2015-01-15', '2015-01-15', '2015-01-19', '2015-01-19', '2015-01-19', 8, 8, 8, '2015-01-19', '1040013208', 0, 0, '2015-01-15', 0),
(244, 20, 1, 1, 87, 10, 0, 0, 6, 2, 0, 0, 0, '2015-01-13', '2015-01-15', '2015-01-19', '2015-01-19', '2015-01-19', 8, 8, 8, '2015-01-19', '1040013261', 0, 0, '2015-01-15', 0),
(245, 20, 1, 1, 93, 10, 0, 0, 6, 2, 0, 0, 0, '2015-01-13', '2015-01-15', '2015-01-19', '2015-01-19', '2015-01-19', 8, 8, 8, '2015-01-19', '1040013263', 0, 0, '2015-01-15', 0),
(246, 20, 1, 1, 82, 10, 0, 0, 6, 2, 0, 0, 0, '2015-01-13', '2015-01-15', '2015-01-19', '2015-01-19', '2015-01-19', 8, 8, 8, '2015-01-19', '1040013264', 0, 0, '2015-01-15', 0),
(247, 22, 1, 1, 94, 10, 0, 0, 6, 2, 0, 0, 0, '2015-01-13', '2015-01-16', '2015-01-19', '2015-01-19', '2015-01-19', 8, 8, 8, '2015-01-19', '1040013209', 0, 0, '2015-01-16', 0),
(248, 17, 1, 1, 44, 10, 0, 0, 6, 2, 0, 0, 0, '2015-01-16', '2015-01-16', '2015-01-17', '2015-01-20', '2015-01-17', 8, 8, 8, '2015-01-16', '1040013029', 0, 0, '2015-01-16', 0),
(249, 1, 1, 1, 3, 10, 0, 0, 6, 2, 0, 0, 0, '2015-01-16', '2015-01-16', '2015-01-19', '2015-01-19', '2015-01-19', 8, 8, 8, '2015-01-19', '1040013201', 0, 0, '2015-01-16', 0),
(250, 1, 1, 1, 4, 10, 0, 0, 6, 2, 0, 0, 0, '2015-01-16', '2015-01-16', '2015-01-19', '2015-01-19', '2015-01-19', 8, 8, 8, '2015-01-19', '1040013199', 0, 0, '2015-01-16', 0),
(251, 1, 1, 1, 2, 10, 0, 0, 6, 2, 0, 0, 0, '2015-01-16', '2015-01-16', '2015-01-19', '2015-01-19', '2015-01-19', 8, 8, 8, '2015-01-19', '1040013202', 0, 0, '2015-01-16', 0),
(252, 1, 1, 1, 1, 10, 0, 0, 6, 2, 0, 0, 0, '2015-01-16', '2015-01-16', '2015-01-19', '2015-01-19', '2015-01-19', 8, 8, 8, '2015-01-19', '1040013200', 0, 0, '2015-01-16', 0),
(253, 4, 1, 1, 24, 10, 0, 0, 6, 2, 0, 0, 0, '2015-01-15', '2015-01-16', '2015-01-19', '2015-01-19', '2015-01-19', 8, 8, 8, '2015-01-19', '1040013211', 0, 0, '2015-01-16', 0),
(254, 2, 1, 1, 20, 10, 0, 0, 6, 2, 0, 0, 0, '2015-01-15', '2015-01-16', '2015-01-19', '2015-01-19', '2015-01-19', 8, 8, 8, '2015-01-19', '1040013203', 0, 0, '2015-01-16', 0),
(255, 2, 1, 1, 30, 10, 0, 0, 6, 2, 0, 0, 0, '2015-01-15', '2015-01-17', '2015-01-20', '2015-01-20', '2015-01-20', 8, 8, 8, '2015-01-20', '1040013322', 0, 0, '2015-01-17', 0),
(256, 2, 1, 1, 45, 10, 0, 0, 6, 2, 0, 0, 0, '2015-01-15', '2015-01-17', '2015-01-21', '2015-01-21', '2015-01-21', 8, 8, 8, '2015-01-21', '1040013400', 0, 0, '2015-01-17', 0),
(257, 2, 1, 1, 39, 10, 0, 0, 6, 2, 0, 0, 0, '2015-01-15', '2015-01-17', '2015-01-21', '2015-01-21', '2015-01-21', 8, 8, 8, '2015-01-21', '1040013399', 0, 0, '2015-01-17', 0),
(258, 20, 1, 1, 80, 10, 0, 0, 6, 2, 0, 0, 0, '2015-01-13', '2015-01-17', '2015-01-22', '2015-01-22', '2015-01-22', 8, 8, 8, '2015-01-22', '1040013470', 0, 0, '2015-01-17', 0),
(259, 9, 1, 1, 25, 10, 0, 0, 6, 2, 0, 0, 0, '2015-01-15', '2015-01-17', '2015-01-20', '2015-01-20', '2015-01-20', 8, 8, 8, '2015-01-20', '1040013321', 0, 0, '2015-01-17', 0),
(260, 1, 1, 1, 7, 10, 0, 0, 6, 2, 0, 0, 0, '2015-01-19', '2015-01-19', '2015-01-22', '2015-01-22', '2015-01-22', 8, 8, 8, '2015-01-22', '', 0, 0, '2015-01-19', 0),
(261, 1, 1, 1, 12, 10, 0, 0, 6, 2, 0, 0, 0, '2015-01-19', '2015-01-19', '2015-01-22', '2015-01-22', '2015-01-22', 8, 8, 8, '2015-01-22', '', 0, 0, '2015-01-19', 0),
(262, 8, 1, 1, 23, 10, 0, 0, 6, 2, 0, 0, 0, '2015-01-17', '2015-01-20', '0215-01-22', '2015-01-24', '2015-01-22', 8, 8, 8, '2015-01-20', '1830000051', 0, 0, '2015-01-20', 0),
(263, 8, 1, 1, 36, 10, 0, 0, 6, 2, 0, 0, 0, '2015-01-17', '2015-01-20', '0000-00-00', '0000-00-00', '0000-00-00', 8, 8, 8, '0000-00-00', '', 0, 0, '2015-01-20', 0),
(264, 20, 1, 1, 68, 10, 0, 0, 6, 2, 0, 0, 0, '2015-01-12', '2015-01-21', '0000-00-00', '0000-00-00', '0000-00-00', 8, 8, 8, '0000-00-00', '', 0, 0, '2015-01-21', 0),
(265, 20, 1, 1, 88, 10, 0, 0, 6, 2, 0, 0, 0, '2015-01-13', '2015-01-17', '2015-01-23', '2015-01-23', '2015-01-23', 8, 8, 8, '2015-01-23', '1040013550', 0, 0, '2015-01-17', 0),
(266, 17, 1, 1, 44, 10, 0, 0, 6, 2, 0, 0, 0, '2015-01-20', '2015-01-20', '2015-01-21', '2015-01-23', '2015-01-21', 8, 8, 8, '2015-01-20', '1040013342', 0, 0, '2015-01-20', 0),
(267, 3, 1, 1, 10, 8, 0, 0, 6, 2, 0, 0, 0, '2015-01-20', '2015-01-20', '2015-01-23', '2015-01-23', '2015-01-23', 8, 8, 8, '2015-01-23', '1040013549', 0, 0, '2015-01-20', 0),
(268, 20, 1, 1, 89, 10, 0, 0, 6, 2, 0, 0, 0, '2015-01-12', '2015-01-19', '2015-01-24', '2015-01-24', '2015-01-24', 8, 8, 8, '2015-01-24', '1040013628', 0, 0, '2015-01-19', 0),
(269, 1, 1, 1, 9, 10, 0, 0, 6, 2, 0, 0, 0, '2015-01-19', '2015-01-21', '2015-01-24', '2015-01-24', '2015-01-24', 8, 8, 8, '2015-01-21', '1830000055', 0, 0, '2015-01-21', 0),
(270, 1, 1, 1, 2, 10, 0, 0, 6, 2, 0, 0, 0, '2015-01-22', '2015-01-22', '0000-00-00', '0000-00-00', '0000-00-00', 8, 8, 8, '0000-00-00', '', 0, 0, '2015-01-22', 0),
(271, 9, 1, 1, 25, 10, 0, 0, 6, 2, 0, 0, 0, '2015-01-06', '2015-01-06', '2015-01-07', '2015-01-23', '2015-01-07', 8, 8, 8, '0000-00-00', '', 0, 0, '2015-01-06', 0),
(272, 1, 1, 1, 1, 10, 0, 0, 6, 2, 0, 0, 0, '2015-01-23', '2015-01-23', '0000-00-00', '0000-00-00', '0000-00-00', 8, 8, 8, '0000-00-00', '', 0, 0, '2015-01-23', 0),
(273, 17, 1, 1, 44, 10, 0, 0, 6, 2, 0, 0, 0, '2015-01-23', '2015-01-23', '0000-00-00', '0000-00-00', '0000-00-00', 8, 8, 8, '0000-00-00', '', 0, 0, '2015-01-23', 0);

-- --------------------------------------------------------

--
-- Table structure for table `trips_details`
--

CREATE TABLE IF NOT EXISTS `trips_details` (
  `id` bigint(20) NOT NULL AUTO_INCREMENT,
  `trip_id` bigint(20) NOT NULL,
  `source` int(11) NOT NULL,
  `destination` int(11) NOT NULL,
  `product` int(11) NOT NULL,
  `product_quantity` double NOT NULL,
  `qty_at_destination` double NOT NULL,
  `qty_after_decanding` double NOT NULL,
  `price_unit` float NOT NULL,
  `freight_unit` double(10,6) NOT NULL DEFAULT '0.000000',
  `company_freight_unit` double(15,6) NOT NULL DEFAULT '0.000000',
  `stn_number` varchar(100) NOT NULL,
  PRIMARY KEY (`id`)
) ENGINE=InnoDB  DEFAULT CHARSET=latin1 AUTO_INCREMENT=274 ;

--
-- Dumping data for table `trips_details`
--

INSERT INTO `trips_details` (`id`, `trip_id`, `source`, `destination`, `product`, `product_quantity`, `qty_at_destination`, `qty_after_decanding`, `price_unit`, `freight_unit`, `company_freight_unit`, `stn_number`) VALUES
(1, 1, 1, 2, 1, 60000, 59248, 59345, 81.9376, 5.416450, 5.416450, '1070017812'),
(2, 2, 1, 2, 1, 60000, 59134, 59134, 81.9376, 5.416450, 5.416450, '1070017809'),
(3, 3, 3, 2, 1, 50000, 50000, 50000, 0, 5.416450, 5.416450, '1070018080'),
(4, 4, 1, 4, 1, 40000, 40000, 40000, 0, 6.037530, 6.037530, '1070018040'),
(5, 5, 2, 4, 2, 10000, 10000, 10000, 0, 0.646010, 0.646010, '1070017755'),
(6, 6, 2, 5, 2, 15000, 15000, 15000, 0, 1.340470, 1.340470, '1070018037'),
(7, 7, 2, 5, 2, 25000, 25000, 25000, 0, 1.340470, 1.340470, '1070018042'),
(8, 8, 2, 4, 2, 50000, 50000, 50000, 0, 0.646010, 0.646010, '1070018085'),
(9, 9, 2, 4, 2, 10000, 10000, 10000, 0, 0.646010, 0.646010, '1070017951'),
(10, 10, 2, 4, 2, 44000, 44000, 44000, 0, 0.646010, 0.646010, '1070018245'),
(11, 11, 2, 4, 2, 40000, 40000, 40000, 0, 0.646010, 0.646010, '1070017811'),
(12, 12, 1, 2, 1, 30000, 30000, 30000, 0, 5.416450, 5.416450, '1070018193'),
(13, 13, 1, 2, 1, 50000, 50000, 50000, 0, 5.416450, 5.416450, '1070017857'),
(14, 14, 2, 4, 2, 54000, 54000, 54000, 0, 0.646010, 0.646010, '1070018240'),
(15, 15, 2, 4, 2, 40000, 40000, 40000, 0, 0.646010, 0.646010, '1070018236'),
(16, 16, 2, 4, 1, 15000, 15000, 15000, 0, 0.646010, 0.646010, '1070017859'),
(17, 17, 2, 4, 2, 30000, 30000, 30000, 0, 0.646010, 0.646010, '1070017850'),
(18, 18, 1, 2, 1, 50000, 49180, 49600, 81.9376, 5.416450, 5.416450, '1070018324'),
(19, 19, 1, 2, 1, 50000, 50000, 50000, 0, 5.416450, 5.416450, '1070018335'),
(20, 20, 2, 5, 2, 24000, 24000, 24000, 0, 1.340470, 1.340470, '1070018322'),
(21, 21, 2, 4, 2, 40000, 40000, 40000, 0, 0.646010, 0.646010, '1070018364'),
(22, 22, 2, 4, 2, 10000, 10000, 10000, 0, 0.646010, 0.646010, '1070018130'),
(23, 23, 2, 4, 2, 10000, 10000, 10000, 0, 0.646010, 0.646010, '1070018423'),
(24, 24, 2, 4, 2, 16000, 16000, 16000, 0, 0.646010, 0.646010, '1070018349'),
(25, 25, 2, 4, 2, 16000, 16000, 16000, 0, 0.646010, 0.646010, '1070018365'),
(26, 26, 2, 4, 2, 16000, 16000, 16000, 0, 0.646010, 0.646010, '1070018368'),
(27, 27, 2, 4, 2, 25000, 25000, 25000, 0, 0.646010, 0.646010, '1070018361'),
(28, 28, 1, 2, 1, 50000, 50000, 50000, 0, 5.416450, 5.416450, '1070017806'),
(29, 29, 1, 2, 1, 60000, 59177, 59600, 81.9376, 5.416450, 5.416450, '1070018512'),
(30, 30, 1, 2, 1, 60000, 59262, 59600, 81.9376, 5.416450, 5.416450, '1070018498'),
(31, 31, 1, 2, 1, 50000, 49219, 49219, 81.9376, 5.416450, 5.416450, '1070018494'),
(32, 32, 1, 2, 1, 50000, 50000, 50000, 0, 5.416450, 5.416450, '1070018724'),
(33, 33, 2, 7, 2, 30000, 30000, 30000, 0, 2.090790, 2.090790, '1070018510'),
(34, 34, 2, 4, 2, 40000, 40000, 40000, 0, 0.646010, 0.646010, '1070018550'),
(35, 35, 2, 4, 1, 50000, 50000, 50000, 0, 0.646010, 0.646010, '1070018469'),
(36, 36, 2, 4, 1, 50000, 50000, 50000, 0, 0.646010, 0.646010, '1070018477'),
(37, 37, 2, 4, 2, 10000, 10000, 10000, 0, 0.646010, 0.646010, '1070018212'),
(38, 38, 2, 4, 1, 20000, 20000, 20000, 0, 0.646010, 0.646010, '1070018213'),
(39, 39, 2, 4, 2, 30000, 30000, 30000, 0, 0.646010, 0.646010, '1070018458'),
(40, 40, 2, 4, 2, 27000, 27000, 27000, 0, 0.646010, 0.646010, '1070018444'),
(41, 41, 1, 2, 1, 60000, 60000, 60000, 0, 5.416450, 5.416450, '1070018216'),
(42, 42, 1, 2, 1, 50000, 50000, 50000, 0, 5.416450, 5.416450, '1070018200'),
(43, 43, 2, 4, 2, 15000, 15000, 15000, 0, 0.646010, 0.646010, '1070018412'),
(44, 44, 2, 4, 2, 15000, 15000, 15000, 0, 0.646010, 0.646010, '1070017750'),
(45, 45, 2, 4, 1, 10000, 10000, 10000, 0, 0.646010, 0.646010, '1070018010'),
(46, 46, 2, 4, 1, 5000, 5000, 5000, 0, 0.646010, 0.646010, '1070018011'),
(47, 47, 1, 2, 1, 60000, 60000, 60000, 0, 5.416450, 5.416450, '1070018665'),
(48, 48, 1, 2, 1, 40000, 40000, 40000, 0, 5.416450, 5.416450, '1070018666'),
(49, 49, 2, 4, 2, 40000, 40000, 40000, 0, 0.646010, 0.646010, '1070018660'),
(50, 50, 2, 4, 1, 50000, 50000, 50000, 0, 0.646010, 0.646010, '1070018587'),
(51, 51, 2, 4, 1, 30000, 30000, 30000, 0, 0.646010, 0.646010, '1070018577'),
(52, 52, 2, 4, 2, 15000, 15000, 15000, 0, 0.646010, 0.646010, '1070018650'),
(53, 53, 1, 4, 1, 50000, 50000, 50000, 0, 6.037530, 6.037530, '1070018683'),
(54, 54, 1, 4, 1, 50000, 50000, 50000, 0, 6.037530, 6.037530, '1070018791'),
(55, 55, 1, 2, 1, 60000, 58806, 59320, 81.9376, 5.416450, 5.416450, '1070018766'),
(56, 56, 1, 2, 1, 50000, 50000, 50000, 0, 5.416450, 5.416450, '1070018765'),
(57, 57, 2, 5, 2, 24000, 24000, 24000, 0, 1.340470, 1.340470, '1070018745'),
(58, 58, 2, 4, 2, 10000, 10000, 10000, 0, 0.646010, 0.646010, '1070018710'),
(59, 59, 2, 4, 2, 25000, 25000, 25000, 0, 0.646010, 0.646010, '1070018742'),
(60, 60, 2, 5, 2, 40000, 40000, 40000, 0, 1.340470, 1.340470, '1070018726'),
(61, 61, 2, 5, 2, 40000, 40000, 40000, 0, 1.340470, 1.340470, '1070018727'),
(62, 62, 2, 4, 2, 40000, 40000, 40000, 0, 0.646010, 0.646010, '1070018994'),
(63, 63, 2, 4, 2, 30000, 30000, 30000, 0, 0.646010, 0.646010, '1070018992'),
(64, 64, 2, 7, 2, 30000, 30000, 30000, 0, 2.090790, 2.090790, '1070018903'),
(65, 65, 2, 4, 2, 15000, 15000, 15000, 0, 0.646010, 0.646010, '1070018939'),
(66, 66, 1, 2, 1, 60000, 58876, 58876, 81.9376, 5.416450, 5.416450, '1070019010'),
(67, 67, 1, 2, 1, 60000, 60000, 60000, 0, 5.416450, 5.416450, '1070019011'),
(68, 68, 1, 4, 1, 40000, 40000, 40000, 0, 6.037530, 6.037530, '1070019114'),
(69, 69, 1, 2, 1, 50000, 50000, 50000, 0, 5.416450, 5.416450, '1070019108'),
(70, 70, 1, 2, 1, 50000, 50000, 50000, 0, 5.416450, 5.416450, '1070019106'),
(71, 71, 2, 4, 2, 44000, 44000, 44000, 0, 0.646010, 0.646010, '1070019110'),
(72, 72, 2, 4, 2, 27000, 27000, 27000, 0, 0.646010, 0.646010, '1070018704'),
(73, 73, 1, 2, 1, 50000, 49063, 49415, 81.9376, 5.416450, 5.416450, '1070019198'),
(74, 74, 1, 2, 1, 60000, 58893, 59330, 81.9376, 5.416450, 5.416450, '1070019208'),
(75, 75, 1, 2, 1, 50000, 50000, 50000, 0, 5.416450, 5.416450, '1070019201'),
(76, 76, 1, 2, 1, 50000, 50000, 50000, 0, 5.416450, 5.416450, '1070019245'),
(77, 77, 2, 4, 1, 40000, 40000, 40000, 0, 0.646010, 0.646010, '1070019222'),
(78, 78, 2, 7, 2, 40000, 40000, 40000, 0, 2.090790, 2.090790, '1070019260'),
(79, 79, 1, 2, 1, 40000, 39534, 39534, 81.9376, 5.416450, 5.416450, '1070019290'),
(80, 80, 1, 2, 1, 50000, 50000, 50000, 0, 5.416450, 5.416450, '1070019279'),
(81, 81, 1, 2, 1, 25000, 25000, 25000, 0, 5.416450, 5.416450, '1070019291'),
(82, 82, 2, 4, 2, 20000, 20000, 20000, 0, 0.646010, 0.646010, '1070019263'),
(83, 83, 2, 4, 1, 10000, 10000, 10000, 0, 0.646010, 0.646010, '1070018940'),
(84, 84, 2, 4, 2, 25000, 25000, 25000, 0, 0.646010, 0.646010, '1070019312'),
(85, 85, 2, 4, 2, 15000, 15000, 15000, 0, 0.646010, 0.646010, '1070019381'),
(86, 86, 1, 2, 1, 60000, 58897, 59330, 81.9376, 5.416450, 5.416450, '1070019494'),
(87, 87, 1, 2, 1, 50000, 49220, 49220, 81.9376, 5.416450, 5.416450, '1070019484'),
(88, 88, 1, 2, 1, 60000, 58954, 59335, 81.9376, 5.416450, 5.416450, '1070019512'),
(89, 89, 1, 2, 1, 60000, 60000, 60000, 0, 5.416450, 5.416450, '1070019499'),
(90, 90, 2, 7, 2, 30000, 30000, 30000, 0, 2.090790, 2.090790, '1070019452'),
(91, 91, 2, 4, 1, 50000, 50000, 50000, 0, 0.646010, 0.646010, '1070019434'),
(92, 92, 2, 4, 2, 40000, 40000, 40000, 0, 0.646010, 0.646010, '1070019449'),
(93, 93, 2, 4, 2, 10000, 10000, 10000, 0, 0.646010, 0.646010, '1070019493'),
(94, 94, 1, 4, 1, 50000, 50000, 50000, 0, 6.037530, 6.037530, '1070019644'),
(95, 95, 2, 5, 2, 40000, 40000, 40000, 0, 1.340470, 1.340470, '1070019602'),
(96, 96, 2, 4, 2, 25000, 25000, 25000, 0, 0.646010, 0.646010, '1070019571'),
(97, 97, 1, 2, 1, 60000, 58980, 59340, 81.9376, 5.416450, 5.416450, '1070019591'),
(98, 98, 1, 2, 1, 50000, 49098, 49300, 81.9376, 5.416450, 5.416450, '1070019590'),
(99, 99, 1, 2, 1, 60000, 58719, 58719, 81.9376, 5.416450, 5.416450, '1070019588'),
(100, 100, 1, 2, 1, 60000, 60000, 60000, 0, 5.416450, 5.416450, '1070019623'),
(101, 101, 2, 4, 2, 40000, 40000, 40000, 0, 0.646010, 0.646010, '1070019657'),
(102, 102, 2, 4, 2, 15000, 15000, 15000, 0, 0.646010, 0.646010, '1070019609'),
(103, 103, 2, 4, 2, 10000, 10000, 10000, 0, 0.646010, 0.646010, '1070019655'),
(104, 104, 2, 4, 1, 50000, 50000, 50000, 0, 0.646010, 0.646010, '1070019603'),
(105, 105, 2, 5, 2, 40000, 40000, 40000, 0, 1.340470, 1.340470, '1070019803'),
(106, 106, 2, 4, 2, 15000, 15000, 15000, 0, 0.646010, 0.646010, '1070019801'),
(107, 107, 2, 5, 2, 30000, 30000, 30000, 0, 1.340470, 1.340470, '1070019845'),
(108, 108, 1, 4, 1, 50000, 50000, 50000, 0, 6.037530, 6.037530, '1070019645'),
(109, 109, 2, 4, 1, 10000, 10000, 10000, 0, 0.646010, 0.646010, '1070019610'),
(110, 110, 2, 4, 1, 20000, 20000, 20000, 0, 0.646010, 0.646010, '1070019264'),
(111, 111, 2, 4, 2, 10000, 10000, 10000, 0, 0.646010, 0.646010, '1070019892'),
(112, 112, 2, 4, 2, 25000, 25000, 25000, 0, 0.646010, 0.646010, '1070019928'),
(113, 113, 2, 4, 2, 40000, 40000, 40000, 0, 0.646010, 0.646010, '1070019958'),
(114, 114, 2, 7, 2, 30000, 30000, 30000, 0, 2.090790, 2.090790, '1070019960'),
(115, 115, 2, 4, 1, 50000, 50000, 50000, 0, 0.646010, 0.646010, '1070019931'),
(116, 116, 2, 4, 2, 15000, 15000, 15000, 0, 0.646010, 0.646010, '1070019889'),
(117, 117, 1, 2, 1, 50000, 50000, 50000, 0, 5.416450, 5.416450, '1070019961'),
(118, 118, 1, 2, 1, 50000, 50000, 50000, 0, 5.416450, 5.416450, '1070019978'),
(119, 119, 1, 4, 1, 40000, 40000, 40000, 0, 6.037530, 6.037530, '1070020187'),
(120, 120, 2, 4, 2, 50000, 50000, 50000, 0, 0.646010, 0.646010, '1070020165'),
(121, 121, 1, 2, 1, 60000, 58877, 58177, 81.9376, 5.416450, 5.416450, '1070020188'),
(122, 122, 1, 2, 1, 60000, 58655, 57805, 81.9376, 5.416450, 5.416450, '1070020185'),
(123, 123, 1, 2, 1, 50000, 49124, 0, 81.9376, 5.416450, 5.416450, '1070020290'),
(124, 124, 1, 2, 1, 60000, 60000, 60000, 0, 5.416450, 5.416450, '1070020291'),
(125, 125, 1, 2, 1, 50000, 50000, 50000, 0, 5.416450, 5.416450, '1070020257'),
(126, 126, 1, 2, 1, 50000, 50000, 50000, 0, 5.416450, 5.416450, '1070020261'),
(127, 127, 1, 2, 1, 50000, 50000, 50000, 0, 5.416450, 5.416450, '1070020304'),
(128, 128, 2, 4, 2, 10000, 10000, 10000, 0, 0.646010, 0.646010, '1070020244'),
(129, 129, 2, 4, 2, 25000, 25000, 25000, 0, 0.646010, 0.646010, '1070020287'),
(130, 130, 1, 2, 1, 40000, 39360, 39360, 81.9376, 5.416450, 5.416450, '1070020397'),
(131, 131, 1, 2, 1, 60000, 59024, 58359, 81.9376, 5.416450, 5.416450, '1070020415'),
(132, 132, 1, 2, 1, 50000, 49109, 48509, 81.9376, 5.416450, 5.416450, '1070020429'),
(133, 133, 1, 4, 1, 30000, 30000, 30000, 0, 6.037530, 6.037530, '1070020428'),
(134, 134, 2, 5, 2, 40000, 40000, 40000, 0, 1.340470, 1.340470, '1070020395'),
(135, 135, 1, 2, 1, 50000, 50000, 50000, 0, 5.416450, 5.416450, '1070020398'),
(136, 136, 1, 2, 1, 50000, 50000, 50000, 0, 5.416450, 5.416450, '1070020534'),
(137, 137, 1, 4, 1, 50000, 50000, 50000, 0, 6.037530, 6.037530, '1070020571'),
(138, 138, 1, 4, 1, 50000, 50000, 50000, 0, 6.037530, 6.037530, '1070020572'),
(139, 139, 1, 4, 1, 50000, 50000, 50000, 0, 6.037530, 6.037530, '1070020570'),
(140, 140, 2, 4, 2, 40000, 40000, 40000, 0, 0.646010, 0.646010, '1070020577'),
(141, 141, 2, 4, 1, 50000, 50000, 50000, 0, 0.646010, 0.646010, '1070020521'),
(142, 142, 2, 4, 2, 15000, 15000, 15000, 0, 0.646010, 0.646010, '1070020544'),
(143, 143, 2, 4, 1, 25000, 25000, 25000, 0, 0.646010, 0.646010, '1070020545'),
(144, 144, 2, 4, 2, 10000, 10000, 10000, 0, 0.646010, 0.646010, '1070020630'),
(145, 145, 1, 2, 1, 50000, 50000, 50000, 0, 5.416450, 5.416450, '1070020671'),
(146, 146, 1, 2, 1, 50000, 50000, 50000, 0, 5.416450, 5.416450, '1070020676'),
(147, 147, 2, 7, 2, 30000, 30000, 30000, 0, 2.090790, 2.090790, '1070020533'),
(148, 148, 1, 2, 1, 60000, 60000, 60000, 0, 5.416450, 5.416450, '1070021091'),
(149, 149, 2, 4, 1, 50000, 50000, 50000, 0, 0.646010, 0.646010, '1070020883'),
(150, 150, 1, 2, 1, 60000, 59636, 59636, 84.53, 5.416450, 5.416450, '1070021028'),
(151, 151, 1, 2, 1, 60000, 59743, 59743, 84.53, 5.416450, 5.416450, '1070021027'),
(152, 152, 2, 5, 2, 24000, 24000, 24000, 0, 1.340470, 1.340470, '1070021080'),
(153, 153, 1, 2, 1, 60000, 58875, 58875, 81.9376, 5.416450, 5.416450, '1070021090'),
(154, 154, 1, 2, 1, 40000, 40000, 40000, 0, 5.416450, 5.416450, '1070021161'),
(158, 158, 2, 5, 2, 40000, 40000, 40000, 0, 1.340470, 1.340470, '1070021301'),
(159, 159, 2, 5, 2, 40000, 40000, 40000, 0, 1.340470, 1.340470, '1070021306'),
(160, 160, 1, 2, 1, 60000, 59209, 58834, 81.9376, 5.416450, 5.416450, '1070021305'),
(161, 161, 2, 7, 2, 30000, 30000, 30000, 0, 2.090790, 2.090790, '1070021298'),
(162, 162, 2, 7, 2, 31000, 31000, 31000, 0, 2.090790, 2.090790, '1070021297'),
(163, 163, 2, 4, 2, 10000, 10000, 10000, 0, 0.667900, 0.667900, '1070016163'),
(164, 164, 2, 4, 2, 10000, 10000, 10000, 0, 0.667900, 0.667900, '1070016480'),
(165, 165, 2, 4, 2, 10000, 10000, 10000, 0, 0.667900, 0.667900, '1070017070'),
(166, 166, 2, 4, 1, 60000, 60000, 60000, 0, 0.667900, 0.667900, '1070016486'),
(167, 167, 2, 4, 2, 10000, 10000, 10000, 0, 0.667900, 0.667900, '1070013965'),
(168, 168, 2, 4, 2, 10000, 10000, 10000, 0, 0.667900, 0.667900, '1070014183'),
(169, 169, 2, 4, 2, 10000, 10000, 10000, 0, 0.667900, 0.667900, '1070014335'),
(170, 170, 2, 4, 2, 10000, 10000, 10000, 0, 0.667900, 0.667900, '1070014690'),
(171, 171, 2, 4, 2, 10000, 10000, 10000, 0, 0.667900, 0.667900, '1070015195'),
(172, 172, 2, 4, 2, 10000, 10000, 10000, 0, 0.667900, 0.667900, '1070015472'),
(173, 173, 2, 4, 2, 10000, 10000, 10000, 0, 0.667900, 0.667900, '1070015882'),
(174, 174, 2, 4, 2, 25000, 25000, 25000, 0, 0.667900, 0.667900, '1070014452'),
(175, 175, 2, 4, 2, 25000, 25000, 25000, 0, 0.667900, 0.667900, '1070015307'),
(176, 176, 2, 4, 2, 25000, 25000, 25000, 0, 0.671260, 0.671260, '1070012266'),
(177, 177, 2, 4, 2, 20000, 20000, 20000, 0, 0.671260, 0.671260, '1070012859'),
(178, 178, 2, 4, 1, 5000, 5000, 5000, 0, 0.671260, 0.671260, '1070012860'),
(179, 179, 2, 4, 2, 25000, 25000, 25000, 0, 0.671260, 0.671260, '1070013488'),
(180, 180, 2, 4, 2, 25000, 25000, 25000, 0, 0.674820, 0.674820, '1070008269'),
(181, 181, 1, 4, 1, 60000, 60000, 60000, 0, 6.273600, 6.273600, '1070011569'),
(182, 182, 2, 4, 2, 10000, 10000, 10000, 0, 0.646010, 0.646010, '1070021382'),
(183, 183, 2, 4, 2, 15000, 15000, 15000, 0, 0.646010, 0.646010, '1070021466'),
(184, 184, 2, 4, 2, 15000, 15000, 15000, 0, 0.646010, 0.646010, '1070021385'),
(185, 185, 1, 4, 1, 50000, 50000, 50000, 0, 6.037530, 6.037530, '1070021506'),
(186, 186, 2, 4, 2, 40000, 40000, 40000, 0, 0.646010, 0.646010, '1070021501'),
(187, 187, 2, 4, 2, 10000, 10000, 10000, 0, 0.646010, 0.646010, '1070021513'),
(188, 188, 2, 4, 2, 25000, 25000, 25000, 0, 0.646010, 0.646010, '1070021616'),
(189, 189, 2, 4, 2, 15000, 15000, 15000, 0, 0.646010, 0.646010, ''),
(190, 190, 2, 4, 2, 27000, 27000, 27000, 0, 0.646010, 0.646010, '1070021785'),
(191, 191, 1, 2, 1, 60000, 60000, 60000, 0, 5.416450, 5.416450, '1070021769'),
(193, 193, 2, 4, 2, 16000, 16000, 16000, 0, 0.646010, 0.646010, '1070021899'),
(194, 194, 2, 4, 2, 10000, 10000, 10000, 0, 0.646010, 0.646010, '1070021897'),
(195, 195, 2, 5, 2, 25000, 25000, 25000, 0, 1.340470, 1.340470, '1070021920'),
(196, 196, 1, 2, 1, 60000, 58980, 58401, 75.7, 5.416450, 5.416450, '1070021906'),
(197, 197, 2, 5, 2, 24000, 24000, 24000, 0, 1.340470, 1.340470, '1070021992'),
(198, 198, 1, 4, 1, 60000, 58852, 58172, 75.7, 6.037530, 6.037530, '1070022055'),
(199, 199, 1, 4, 1, 50000, 50000, 50000, 0, 6.037530, 6.037530, '1070022063'),
(200, 200, 1, 2, 1, 50000, 50000, 50000, 0, 5.416450, 5.416450, '1070022065'),
(201, 201, 2, 5, 2, 27000, 27000, 27000, 0, 1.340470, 1.340470, '1070022079'),
(202, 202, 2, 4, 1, 60000, 60000, 60000, 0, 0.646010, 0.646010, '1070022043'),
(203, 203, 2, 4, 2, 25000, 25000, 25000, 0, 0.646010, 0.646010, '1070021995'),
(204, 204, 1, 4, 1, 50000, 50000, 50000, 0, 6.037530, 6.037530, '1070022241'),
(205, 205, 2, 4, 2, 15000, 15000, 15000, 0, 0.646010, 0.646010, '1070022383'),
(206, 206, 3, 4, 1, 50000, 49062, 48530, 75.7, 6.037530, 6.037530, '1070022477'),
(207, 207, 3, 4, 1, 40000, 40000, 40000, 0, 6.037530, 6.037530, '1070022469'),
(208, 208, 3, 2, 1, 50000, 50000, 50000, 0, 5.416450, 5.416450, '1070022490'),
(209, 209, 3, 2, 1, 50000, 49077, 49077, 75.7, 5.416450, 5.416450, '1070022488'),
(210, 210, 3, 2, 1, 60000, 58876, 58876, 75.7, 5.416450, 5.416450, '1070022486'),
(211, 211, 3, 2, 1, 60000, 60000, 60000, 0, 5.416450, 5.416450, '1070022489'),
(212, 212, 2, 4, 2, 10000, 10000, 10000, 0, 0.646010, 0.646010, '1070022427'),
(213, 213, 2, 4, 2, 40000, 40000, 40000, 0, 0.620880, 0.620880, '1070022553'),
(214, 214, 3, 2, 1, 50000, 50000, 50000, 0, 5.205690, 5.205690, '1070022671'),
(216, 216, 2, 4, 2, 25000, 25000, 25000, 0, 0.620880, 0.620880, '1070022508'),
(217, 217, 3, 4, 1, 50000, 50000, 50000, 0, 5.802600, 5.802600, '1070022698'),
(218, 218, 3, 2, 1, 60000, 59017, 58485, 75.7, 5.205690, 5.205690, '1070022697'),
(219, 219, 3, 2, 1, 60000, 60000, 60000, 0, 5.205690, 5.205690, '1070022696'),
(220, 220, 2, 4, 2, 15000, 15000, 15000, 0, 0.620880, 0.620880, '1070022779'),
(221, 221, 2, 5, 2, 15000, 15000, 15000, 0, 1.288330, 1.288330, '1070022769'),
(222, 222, 3, 2, 1, 60000, 59112, 58580, 75.7, 5.205690, 5.205690, '1070022747'),
(223, 223, 3, 2, 1, 60000, 59132, 58600, 75.7, 5.205690, 5.205690, '1070022759'),
(224, 224, 3, 2, 1, 50000, 50000, 50000, 0, 5.205690, 5.205690, '1070022764'),
(225, 225, 3, 2, 1, 60000, 60000, 60000, 0, 5.205690, 5.205690, '1070022787'),
(226, 226, 3, 2, 1, 40000, 40000, 40000, 0, 5.205690, 5.205690, '1070022783'),
(227, 227, 2, 4, 2, 25000, 25000, 25000, 0, 0.620880, 0.620880, '1070022851'),
(228, 228, 2, 4, 2, 40000, 40000, 40000, 0, 0.620880, 0.620880, '1070022878'),
(229, 229, 2, 5, 2, 24000, 24000, 24000, 0, 1.288330, 1.288330, '1070022870'),
(230, 230, 2, 4, 2, 15000, 15000, 15000, 0, 0.620880, 0.620880, '1070023017'),
(231, 231, 2, 4, 2, 25000, 25000, 25000, 0, 0.620880, 0.620880, '1070023034'),
(232, 232, 3, 2, 1, 60000, 59492, 59492, 75.7, 5.205690, 5.205690, '1070023094'),
(233, 233, 3, 2, 1, 66000, 66000, 66000, 0, 5.205690, 5.205690, '1070023119'),
(234, 234, 3, 2, 1, 60000, 59615, 59615, 88.3116, 5.205690, 5.205690, '1070023123'),
(235, 235, 3, 2, 1, 60000, 59201, 59201, 75.7, 5.205690, 5.205690, '1070023111'),
(236, 236, 3, 2, 1, 50000, 49383, 49383, 75.7, 5.205690, 5.205690, '1070023118'),
(237, 237, 3, 2, 1, 50000, 49464, 48932, 75.7, 5.205690, 5.205690, '1070023110'),
(238, 238, 3, 2, 1, 50000, 50000, 50000, 0, 5.205690, 5.205690, '1070023122'),
(239, 239, 3, 2, 1, 60000, 60000, 60000, 0, 5.205690, 5.205690, '1070023148'),
(240, 240, 3, 4, 1, 50000, 50000, 50000, 0, 5.802600, 5.802600, '1070023166'),
(241, 241, 3, 2, 1, 50000, 50000, 50000, 0, 5.205690, 5.205690, '1070023165'),
(242, 242, 2, 4, 2, 10000, 10000, 10000, 0, 0.620880, 0.620880, '1070023196'),
(243, 243, 3, 2, 1, 50000, 50000, 50000, 0, 5.205690, 5.205690, '1070023233'),
(244, 244, 3, 2, 1, 60000, 59524, 59524, 75.7, 5.205690, 5.205690, '1070023231'),
(245, 245, 3, 2, 1, 60000, 59643, 59643, 75.7, 5.205690, 5.205690, '1070023235'),
(246, 246, 3, 2, 1, 60000, 59338, 59338, 75.7, 5.205690, 5.205690, '1070023228'),
(247, 247, 3, 2, 1, 50000, 50000, 50000, 0, 5.205690, 5.205690, '1070023280'),
(248, 248, 2, 4, 2, 25000, 25000, 25000, 0, 0.620880, 0.620880, '3'),
(249, 249, 1, 2, 1, 60000, 59182, 58483, 75.7, 5.205690, 5.205690, '1070023308'),
(250, 250, 1, 2, 1, 40000, 39430, 38860, 75.7, 5.205690, 5.205690, '1070023307'),
(251, 251, 1, 2, 1, 60000, 59260, 58561, 75.7, 5.205690, 5.205690, '1070023328'),
(252, 252, 1, 2, 1, 60000, 59080, 58381, 75.7, 5.205690, 5.205690, '1070023310'),
(253, 253, 3, 2, 1, 50000, 50000, 50000, 0, 5.205690, 5.205690, '1070023367'),
(254, 254, 3, 2, 1, 60000, 60000, 60000, 0, 5.205690, 5.205690, '1070023366'),
(255, 255, 3, 2, 1, 50000, 50000, 50000, 0, 5.205690, 5.205690, '1070023400'),
(256, 256, 3, 2, 1, 40000, 40000, 40000, 0, 5.205690, 5.205690, '1070023396'),
(257, 257, 3, 2, 1, 40000, 40000, 40000, 0, 5.205690, 5.205690, '1070023398'),
(258, 258, 3, 2, 1, 60000, 59371, 59371, 75.7, 5.205690, 5.205690, '1070023405'),
(259, 259, 3, 2, 1, 30000, 30000, 30000, 0, 5.205690, 5.205690, '1070023401'),
(260, 260, 1, 2, 1, 60000, 59069, 59069, 0, 5.205690, 5.205690, '1070023587'),
(261, 261, 1, 2, 1, 50000, 49243, 49243, 75.7, 5.205690, 5.205690, '1070023600'),
(262, 262, 3, 2, 1, 30000, 30000, 30000, 0, 5.205690, 5.205690, '1070023716'),
(263, 263, 3, 4, 1, 50000, 50000, 50000, 0, 5.802600, 5.802600, ''),
(264, 264, 3, 2, 1, 60000, 60000, 60000, 0, 5.205690, 5.205690, ''),
(265, 265, 3, 2, 1, 56000, 55215, 55215, 75.7, 5.205690, 5.205690, '1070023404'),
(266, 266, 2, 4, 2, 25000, 25000, 25000, 0, 0.620880, 0.620880, '1070023732'),
(267, 267, 3, 2, 1, 40000, 40000, 40000, 0, 5.205690, 5.205690, '1070023651'),
(268, 268, 3, 2, 1, 60000, 59354, 59354, 75.7, 5.205690, 5.205690, '1070023534'),
(269, 269, 3, 4, 1, 50000, 49508, 49508, 75.7, 5.802600, 5.802600, '1070023866'),
(270, 270, 1, 4, 1, 60000, 60000, 60000, 0, 5.802600, 5.802600, ''),
(271, 271, 2, 4, 2, 30000, 30000, 30000, 0, 0.620880, 0.620880, '1070022070'),
(272, 272, 1, 4, 1, 60000, 60000, 60000, 0, 5.802600, 5.802600, ''),
(273, 273, 2, 4, 2, 25000, 25000, 25000, 0, 0.620880, 0.620880, '');

-- --------------------------------------------------------

--
-- Table structure for table `trips_drivers_expenses`
--

CREATE TABLE IF NOT EXISTS `trips_drivers_expenses` (
  `id` int(11) NOT NULL AUTO_INCREMENT,
  `driver_id` int(11) NOT NULL,
  `trip_id` int(11) NOT NULL,
  `expense_date` date NOT NULL,
  `description` varchar(200) NOT NULL,
  `amount` float NOT NULL,
  `entryDate` datetime NOT NULL,
  PRIMARY KEY (`id`)
) ENGINE=InnoDB DEFAULT CHARSET=latin1 AUTO_INCREMENT=1 ;

-- --------------------------------------------------------

--
-- Table structure for table `trips_tankers_expenses`
--

CREATE TABLE IF NOT EXISTS `trips_tankers_expenses` (
  `id` int(11) NOT NULL AUTO_INCREMENT,
  `tanker_id` int(11) NOT NULL,
  `trip_id` int(11) NOT NULL,
  `expense_date` date NOT NULL,
  `description` varchar(200) NOT NULL,
  `amount` float NOT NULL,
  `entryDate` datetime NOT NULL,
  PRIMARY KEY (`id`)
) ENGINE=InnoDB  DEFAULT CHARSET=latin1 AUTO_INCREMENT=293 ;

--
-- Dumping data for table `trips_tankers_expenses`
--

INSERT INTO `trips_tankers_expenses` (`id`, `tanker_id`, `trip_id`, `expense_date`, `description`, `amount`, `entryDate`) VALUES
(1, 3, 1, '2014-12-01', 'Tool plaza', 9240, '2014-12-05 12:00:49'),
(2, 3, 1, '2014-12-05', 'service grees', 1500, '2014-12-05 12:01:42'),
(3, 3, 1, '2014-12-05', 'dipu exp', 1300, '2014-12-05 12:02:22'),
(4, 3, 1, '2014-12-05', 'oil chang sabin sootar', 400, '2014-12-05 12:03:10'),
(5, 3, 1, '2014-12-05', 'roti exp', 7000, '2014-12-05 12:03:42'),
(6, 3, 1, '2014-12-05', 'bistray', 2000, '2014-12-05 12:04:33'),
(7, 3, 1, '2014-12-05', 'pankchar', 400, '2014-12-05 12:05:03'),
(8, 3, 1, '2014-12-05', 'weel garees 22', 18650, '2014-12-05 12:05:50'),
(9, 3, 1, '2014-12-05', 'hsd 830 ltr', 84245, '2014-12-05 12:06:35'),
(10, 3, 1, '2014-12-05', 'mobil oil 14 ltr', 5334, '2014-12-05 12:07:26'),
(11, 7, 2, '2014-12-04', 'tool palaza', 9240, '2014-12-05 12:11:08'),
(12, 7, 2, '2014-12-04', 'service grees', 1500, '2014-12-05 12:11:42'),
(13, 7, 2, '2014-12-05', 'dipu exp', 1300, '2014-12-05 12:12:05'),
(14, 7, 2, '2014-12-05', 'oil chang sabin sootar', 400, '2014-12-05 12:12:30'),
(15, 7, 2, '2014-12-05', 'roti exp', 10000, '2014-12-05 12:13:32'),
(16, 7, 2, '2014-12-05', 'bistray', 2000, '2014-12-05 12:13:56'),
(17, 7, 2, '2014-12-05', 'tape exp', 500, '2014-12-05 12:14:30'),
(18, 7, 2, '2014-12-05', 'hsd 810 ltr', 82216, '2014-12-05 12:15:37'),
(19, 7, 2, '2014-12-05', 'mobil oil 14 ltr', 5334, '2014-12-05 12:16:04'),
(20, 12, 31, '2014-12-06', 'Tool plaza', 9240, '2014-12-08 11:45:12'),
(22, 12, 31, '2014-12-06', 'dipu exp', 1300, '2014-12-08 11:46:02'),
(23, 12, 31, '2014-12-06', 'service grees', 1500, '2014-12-08 11:46:28'),
(24, 12, 31, '2014-12-06', 'saban soutar', 400, '2014-12-08 11:47:01'),
(25, 12, 31, '2014-12-06', 'jali air kalinder', 1490, '2014-12-08 11:47:53'),
(26, 12, 31, '2014-12-06', 'roti exp', 6000, '2014-12-08 11:48:19'),
(27, 12, 31, '2014-12-06', 'hsd 733 ltr', 69195, '2014-12-08 11:49:02'),
(28, 12, 31, '2014-12-06', 'mobil oil 14 ltr', 5334, '2014-12-08 11:49:28'),
(29, 9, 18, '2014-12-06', 'Tool plaza', 9240, '2014-12-08 11:53:31'),
(30, 9, 18, '2014-12-06', 'dipu exp', 1300, '2014-12-08 11:54:11'),
(31, 9, 18, '2014-12-06', 'service grees', 1500, '2014-12-08 11:54:51'),
(32, 9, 18, '2014-12-06', 'saban soutar', 400, '2014-12-08 11:55:25'),
(33, 9, 18, '2014-12-06', 'roti exp', 7000, '2014-12-08 11:56:04'),
(34, 9, 18, '2014-12-06', 'tuob lengoder', 3000, '2014-12-08 11:57:43'),
(35, 9, 18, '2014-12-06', 'bill oil filter disel', 1350, '2014-12-08 11:58:40'),
(36, 9, 18, '2014-12-06', '1 addad tire', 150, '2014-12-08 12:00:27'),
(37, 9, 18, '2014-12-06', 'hsd 834 ltr', 78730, '2014-12-08 12:04:08'),
(38, 9, 18, '2014-12-06', 'mobil oil 14 ltr', 5334, '2014-12-08 12:04:48'),
(39, 1, 29, '2014-12-06', 'Tool plaza', 9240, '2014-12-08 19:44:36'),
(40, 1, 29, '2014-12-06', 'service grees', 1500, '2014-12-08 19:45:17'),
(41, 1, 29, '2014-12-06', 'dipu exp', 1300, '2014-12-08 19:45:51'),
(42, 1, 29, '2014-12-06', 'saban soutar', 400, '2014-12-08 19:46:26'),
(43, 1, 29, '2014-12-06', 'roti exp', 6000, '2014-12-08 19:46:59'),
(44, 1, 29, '2014-12-06', 'Tire banwai', 500, '2014-12-08 19:47:49'),
(45, 1, 29, '2014-12-06', 'hsd 767 ltr', 72404, '2014-12-08 19:48:55'),
(46, 1, 29, '2014-12-06', 'mobil oil 14 ltr', 5334, '2014-12-08 19:49:33'),
(47, 2, 30, '2014-12-06', 'Tool plaza', 9240, '2014-12-08 20:35:21'),
(48, 2, 30, '2014-12-06', 'service grees', 1500, '2014-12-08 20:36:07'),
(49, 2, 30, '2014-12-06', 'dipu exp', 1300, '2014-12-08 20:36:41'),
(50, 2, 30, '2014-12-06', 'saban soutar', 400, '2014-12-08 20:37:20'),
(51, 2, 30, '2014-12-06', 'roti exp', 6000, '2014-12-08 20:37:54'),
(52, 2, 30, '2014-12-06', 'lakri gutka', 500, '2014-12-08 20:38:52'),
(53, 2, 30, '2014-12-06', 'tanker welding engal', 500, '2014-12-08 20:39:46'),
(54, 2, 30, '2014-12-06', 'bistar talai', 500, '2014-12-08 20:40:26'),
(55, 2, 30, '2014-12-06', 'sammad + seli kon+jugi rabar', 400, '2014-12-08 20:41:43'),
(56, 2, 30, '2014-12-06', 'hsd 772 ltr', 72876, '2014-12-08 20:42:51'),
(57, 2, 30, '2014-12-06', 'mobil oil 14 ltr', 5334, '2014-12-08 20:43:27'),
(58, 12, 31, '2014-12-09', 'hsd 8ml 82 ltr short', 7535, '2014-12-09 16:44:44'),
(59, 1, 29, '2014-11-05', 'shortage fdk', 100000, '2014-12-11 17:08:45'),
(60, 12, 31, '2014-12-05', 'shortage', 95000, '2014-12-11 17:12:05'),
(61, 9, 18, '2014-12-05', 's', 98250, '2014-12-11 17:13:12'),
(62, 3, 1, '2014-12-03', 'shortage fdk', 105000, '2014-12-11 17:15:11'),
(63, 2, 30, '2014-12-06', 'shortage fdk', 92112, '2014-12-11 17:17:14'),
(64, 7, 2, '2014-12-04', 's', 108000, '2014-12-11 17:26:34'),
(65, 3, 55, '2014-12-08', 'Tool plaza', 9240, '2014-12-11 17:58:05'),
(66, 3, 55, '2014-12-08', 'service grees', 1500, '2014-12-11 18:00:50'),
(67, 3, 55, '2014-12-08', 'dipu exp', 1300, '2014-12-11 18:01:44'),
(68, 3, 55, '2014-12-08', 'saban soutar', 400, '2014-12-11 18:02:18'),
(69, 3, 55, '2014-12-08', 'roti exp', 7000, '2014-12-11 18:02:52'),
(70, 3, 55, '2014-12-08', 'filter', 1100, '2014-12-11 18:04:27'),
(71, 3, 55, '2014-12-08', 'hsd 822 ltr', 77596, '2014-12-11 18:05:42'),
(72, 3, 55, '2014-12-08', 'mobil oil 14 ltr', 5334, '2014-12-11 18:08:25'),
(73, 7, 66, '2014-12-10', 'Tool plaza', 9240, '2014-12-12 16:28:38'),
(74, 7, 66, '2014-12-10', 'service grees', 1500, '2014-12-12 16:29:09'),
(75, 7, 66, '2014-12-10', 'dipu exp', 1300, '2014-12-12 16:29:44'),
(76, 7, 66, '2014-12-10', 'saban soutar', 400, '2014-12-12 16:30:15'),
(77, 7, 66, '2014-12-10', 'roti exp', 8000, '2014-12-12 16:30:42'),
(78, 7, 66, '2014-12-10', 'pankchar', 300, '2014-12-12 16:31:40'),
(79, 7, 66, '2014-12-10', 'filter', 1190, '2014-12-12 16:32:10'),
(80, 7, 66, '2014-12-10', 'wheel kon+repair', 935, '2014-12-12 16:55:20'),
(81, 7, 66, '2014-12-10', 'hsd 786 ltr', 74198, '2014-12-12 16:56:18'),
(82, 7, 66, '2014-12-10', 'mobil oil 14 ltr', 5334, '2014-12-12 16:56:44'),
(83, 3, 55, '1014-12-09', 'shortage fdk', 99200, '2014-12-13 10:19:52'),
(84, 7, 66, '2014-12-10', 'shortage fdk', 94300, '2014-12-13 10:24:44'),
(85, 2, 74, '2014-12-11', 'Tool plaza', 9240, '2014-12-15 15:46:36'),
(86, 2, 74, '2014-12-11', 'service grees', 1500, '2014-12-15 15:47:17'),
(87, 2, 74, '2014-12-11', 'dipu exp', 1300, '2014-12-15 15:47:49'),
(88, 2, 74, '2014-12-11', 'oil chang sabin sootar', 400, '2014-12-15 15:48:25'),
(89, 2, 74, '2014-12-11', 'roti exp', 5000, '2014-12-15 15:48:55'),
(90, 2, 74, '2014-12-11', 'Tire rent + badli', 900, '2014-12-15 15:50:21'),
(91, 2, 74, '2014-12-11', 'chalan motorway', 800, '2014-12-15 15:51:05'),
(92, 2, 74, '2014-12-11', 'air calendar jali', 1500, '2014-12-15 15:51:43'),
(93, 2, 74, '2014-12-11', 'filter', 1100, '2014-12-15 15:52:14'),
(94, 2, 74, '2014-12-11', 'hsd 786 ltr', 74199, '2014-12-15 15:53:19'),
(95, 2, 74, '2014-12-11', 'mobil oil 14 ltr', 5334, '2014-12-15 15:53:56'),
(96, 9, 73, '2014-12-11', 'Tool plaza', 9240, '2014-12-15 15:59:44'),
(97, 9, 73, '2014-12-11', 'service grees', 1500, '2014-12-15 16:00:15'),
(98, 9, 73, '2014-12-11', 'dipu exp', 1300, '2014-12-15 16:00:44'),
(99, 9, 73, '2014-12-11', 'oil chang sabin sootar', 400, '2014-12-15 16:01:12'),
(100, 9, 73, '2014-12-11', 'roti exp', 5000, '2014-12-15 16:01:47'),
(101, 9, 73, '2014-12-11', 'bumpar beem 2 addad', 850, '2014-12-15 16:02:50'),
(102, 9, 73, '2014-12-11', 'bettri tezab +polish', 770, '2014-12-15 16:05:03'),
(103, 9, 73, '2014-12-11', 'hsd 722 ltr', 68156, '2014-12-15 16:07:47'),
(104, 9, 73, '2014-12-11', 'mobil oil 14 ltr', 5334, '2014-12-15 16:08:13'),
(105, 31, 79, '2014-12-11', 'Tool plaza', 8790, '2014-12-15 16:54:17'),
(106, 31, 79, '2014-12-11', 'roti exp', 9100, '2014-12-15 16:54:46'),
(107, 31, 79, '2014-12-11', 'service grees', 450, '2014-12-15 16:56:15'),
(108, 31, 79, '2014-12-11', 'police exp', 1000, '2014-12-15 16:57:06'),
(109, 31, 79, '2014-12-11', 'filter + garees balti', 860, '2014-12-15 16:57:52'),
(110, 31, 79, '2014-12-11', 'hawa chak+saban +pinktchar+chowkidar', 600, '2014-12-15 16:59:21'),
(111, 31, 79, '2014-12-11', 'mobile balance + karaya', 500, '2014-12-15 17:00:31'),
(112, 31, 79, '2014-12-11', 'hsd 800 ltr', 75520, '2014-12-15 17:01:18'),
(113, 9, 73, '2014-12-13', 'shortage fdk', 93200, '2014-12-16 10:17:11'),
(114, 2, 74, '2014-12-13', 'shortage fdk', 99120, '2014-12-16 10:19:13'),
(115, 12, 87, '2014-12-12', 'Tool plaza', 9240, '2014-12-16 11:37:37'),
(116, 12, 87, '2014-12-12', 'service grees', 1500, '2014-12-16 11:40:25'),
(117, 12, 87, '2014-12-12', 'dipu exp', 1300, '2014-12-16 11:41:14'),
(118, 12, 87, '2014-12-12', 'oil chang sabin sootar', 400, '2014-12-16 11:42:29'),
(119, 12, 87, '2014-12-12', 'oil filter hsd', 1350, '2014-12-16 11:43:40'),
(120, 12, 87, '2014-12-12', 'light beem 2 addad', 700, '2014-12-16 11:44:40'),
(121, 12, 87, '2014-12-12', 'rad shesha welding', 150, '2014-12-16 11:45:32'),
(122, 12, 87, '2014-12-12', 'fitness banwai', 500, '2014-12-16 11:46:16'),
(123, 12, 87, '2014-12-12', 'roti exp', 8000, '2014-12-16 11:46:58'),
(124, 12, 87, '2014-12-12', 'hsd 710 ltr', 67024, '2014-12-16 11:47:54'),
(125, 12, 87, '2014-12-12', 'mobil oil 14 ltr', 5334, '2014-12-16 11:48:24'),
(126, 1, 86, '2014-12-12', 'Tool plaza', 9240, '2014-12-16 11:51:11'),
(127, 1, 86, '2014-12-12', 'service grees', 1500, '2014-12-16 11:54:05'),
(128, 1, 86, '2014-12-12', 'dipu exp', 1300, '2014-12-16 11:54:37'),
(129, 1, 86, '2014-12-12', 'oil chang sabin sootar', 400, '2014-12-16 11:55:23'),
(130, 1, 86, '2014-12-12', 'roti exp', 8000, '2014-12-16 11:56:01'),
(131, 1, 86, '2014-12-12', 'hsd 780 ltr', 73632, '2014-12-16 11:57:05'),
(132, 1, 86, '2014-12-12', 'mobil oil 14 ltr', 5334, '2014-12-16 11:57:37'),
(133, 3, 88, '2014-12-12', 'Tool plaza', 9240, '2014-12-16 12:00:00'),
(134, 3, 88, '2014-12-12', 'service grees', 1500, '2014-12-16 12:00:35'),
(135, 3, 88, '2014-12-12', 'dipu exp', 1300, '2014-12-16 12:01:08'),
(136, 3, 88, '2014-12-12', 'oil chang sabin sootar', 400, '2014-12-16 12:01:39'),
(137, 3, 88, '2014-12-12', 'teuob 110020', 2200, '2014-12-16 12:02:41'),
(138, 3, 88, '2014-12-12', 'hsd 833 ltr', 78635, '2014-12-16 12:03:35'),
(139, 3, 88, '2014-12-12', 'mobil oil 14 ltr', 5334, '2014-12-16 12:03:59'),
(140, 1, 86, '2014-12-16', 'shortage fdk', 102200, '2014-12-16 14:54:45'),
(141, 3, 88, '2014-12-16', 'shortage fdk', 102200, '2014-12-16 14:55:58'),
(142, 12, 87, '2014-12-16', 'shortage fdk', 92400, '2014-12-16 14:57:04'),
(143, 2, 97, '2014-12-16', 'Tool plaza', 9240, '2014-12-18 19:19:51'),
(144, 2, 97, '2014-12-16', 'service grees', 1500, '2014-12-18 19:20:29'),
(145, 2, 97, '2014-12-16', 'dipu exp', 1300, '2014-12-18 19:21:42'),
(146, 2, 97, '2014-12-16', 'oil chang sabin sootar', 400, '2014-12-18 19:22:49'),
(147, 2, 97, '2014-12-16', 'rakab rabar', 400, '2014-12-18 19:23:21'),
(148, 2, 97, '2014-12-16', 'tire badli+pincture+gets', 1100, '2014-12-18 19:24:58'),
(149, 2, 97, '2014-12-16', 'roti exp', 5000, '2014-12-18 19:25:24'),
(150, 2, 97, '2014-12-16', 'hsd 779 ltr', 73537, '2014-12-18 19:26:15'),
(151, 2, 97, '2014-12-16', 'mobil oil 14 ltr', 5334, '2014-12-18 19:29:04'),
(152, 9, 98, '2014-12-16', 'Tool plaza', 9240, '2014-12-18 19:32:00'),
(153, 9, 98, '2014-12-16', 'service grees', 1500, '2014-12-18 19:32:28'),
(154, 9, 98, '2014-12-16', 'dipu exp', 1300, '2014-12-18 19:33:01'),
(155, 9, 98, '2014-12-16', 'oil chang sabin sootar', 400, '2014-12-18 19:33:26'),
(156, 9, 98, '2014-12-16', 'roti exp', 5000, '2014-12-18 19:33:54'),
(157, 9, 98, '2014-12-16', 'electriation exp', 190, '2014-12-18 19:34:49'),
(158, 9, 98, '2014-12-16', 'hsd 718 ltr', 67780, '2014-12-18 19:35:36'),
(159, 9, 98, '2014-12-16', 'mobil oil 14 ltr', 5334, '2014-12-18 19:35:55'),
(160, 7, 99, '2014-12-16', 'Tool plaza', 9240, '2014-12-18 20:09:50'),
(161, 7, 99, '2014-12-16', 'service grees', 1500, '2014-12-18 20:10:16'),
(162, 7, 99, '2014-12-16', 'dipu exp', 1300, '2014-12-18 20:10:43'),
(163, 7, 99, '2014-12-16', 'oil chang sabin sootar', 400, '2014-12-18 20:11:14'),
(164, 7, 99, '2014-12-16', 'roti exp', 6000, '2014-12-18 20:11:43'),
(165, 7, 99, '2014-12-16', 'faront bumpar repair', 1000, '2014-12-18 20:12:43'),
(166, 7, 99, '2014-12-16', 'hsd 851 ltr', 80334, '2014-12-18 20:13:24'),
(167, 7, 99, '2014-12-16', 'mobil oil 14 ltr', 5334, '2014-12-18 20:13:45'),
(168, 2, 97, '2014-12-19', 'shortage fdk', 98120, '2014-12-19 10:32:41'),
(169, 7, 99, '2014-12-19', 'shortage fdk', 99520, '2014-12-19 10:34:17'),
(170, 9, 98, '2014-12-19', 'shortage fdk', 88230, '2014-12-19 10:35:29'),
(171, 1, 121, '2014-12-20', 'Tool plaza', 9240, '2014-12-22 13:41:28'),
(172, 1, 121, '2014-12-20', 'service grees', 1500, '2014-12-22 13:41:58'),
(173, 1, 121, '2014-12-20', 'dipu exp', 1300, '2014-12-22 13:42:29'),
(174, 1, 121, '2014-12-20', 'oil chang sabin sootar', 400, '2014-12-22 13:42:55'),
(175, 1, 121, '2014-12-20', 'chalan motorway', 1000, '2014-12-22 13:43:30'),
(176, 1, 121, '2014-12-20', 'oil filter', 580, '2014-12-22 13:44:11'),
(177, 1, 121, '2014-12-20', 'roti exp', 6000, '2014-12-22 13:44:40'),
(178, 1, 121, '2014-12-20', 'hsd 785 ltr', 74104, '2014-12-22 13:45:58'),
(179, 1, 121, '2014-12-20', 'mobil oil 14 ltr', 5334, '2014-12-22 13:47:23'),
(180, 3, 122, '2014-12-20', 'Tool plaza', 9240, '2014-12-22 13:49:17'),
(181, 3, 122, '2014-12-20', 'service grees', 1500, '2014-12-22 13:52:21'),
(182, 3, 122, '2014-12-20', 'dipu exp', 1300, '2014-12-22 13:53:03'),
(183, 3, 122, '2014-12-20', 'oil chang sabin sootar', 400, '2014-12-22 13:53:31'),
(184, 3, 122, '2014-12-20', 'roti exp', 6000, '2014-12-22 13:54:00'),
(185, 3, 122, '2014-12-20', 'air calendar jali', 1050, '2014-12-22 13:54:33'),
(186, 3, 122, '2014-12-20', 'filter Set', 1100, '2014-12-22 13:55:13'),
(187, 3, 122, '2014-12-20', 'weel kable 8 add+garees +mazdori', 6250, '2014-12-22 14:02:53'),
(188, 3, 122, '2014-12-20', 'hsd 849 ltr', 80145, '2014-12-22 14:03:55'),
(189, 3, 122, '2014-12-20', 'mobil oil 14 ltr', 5334, '2014-12-22 14:04:33'),
(190, 1, 121, '2014-12-22', 'shortage fdk', 104200, '2014-12-22 15:22:09'),
(191, 3, 122, '2014-12-22', 'shortage fdk', 106920, '2014-12-22 15:23:11'),
(192, 3, 1, '2014-12-09', 'HSD SHORT 82 LTR KHALID BLOUCH@90.609', 7430, '2014-12-23 10:36:03'),
(193, 9, 132, '2014-12-20', 'Tool plaza', 9240, '2014-12-23 19:47:35'),
(194, 9, 132, '2014-12-20', 'service grees', 1500, '2014-12-23 19:48:13'),
(195, 9, 132, '2014-12-20', 'depo exp', 1300, '2014-12-23 19:48:47'),
(196, 9, 132, '2014-12-20', 'oil chang saban soutar', 400, '2014-12-23 19:49:42'),
(197, 9, 132, '2014-12-20', 'roti exp', 5000, '2014-12-23 19:50:09'),
(198, 9, 132, '2014-12-20', 'hsd filter', 450, '2014-12-23 19:50:39'),
(199, 9, 132, '2014-12-20', 'hsd 735 ltr', 69384, '2014-12-23 19:51:27'),
(200, 9, 132, '2014-12-20', 'mobal oil 14 ltr', 5334, '2014-12-23 19:52:54'),
(201, 2, 131, '2014-12-20', 'Tool plaza', 9240, '2014-12-23 19:54:37'),
(202, 2, 131, '2014-12-20', 'service grees', 1500, '2014-12-23 19:54:59'),
(203, 2, 131, '2014-12-20', 'depo exp', 1300, '2014-12-23 19:55:26'),
(204, 2, 131, '2014-12-20', 'oil chang saban soutar', 400, '2014-12-23 19:55:49'),
(205, 2, 131, '2014-12-20', 'roti exp', 5000, '2014-12-23 19:56:12'),
(206, 2, 131, '2014-12-20', 'razai cambal', 1000, '2014-12-23 19:56:53'),
(207, 2, 131, '2014-12-20', 'hsd 783 ltr', 73915, '2014-12-23 19:57:32'),
(208, 2, 131, '2014-12-20', 'mobal oil 14 ltr', 5334, '2014-12-23 19:57:50'),
(209, 12, 123, '2014-12-20', 'Tool plaza', 9240, '2014-12-24 18:37:33'),
(210, 12, 123, '2014-12-20', 'service grees', 1500, '2014-12-24 18:38:00'),
(211, 12, 123, '2014-12-20', 'depo exp', 1300, '2014-12-24 18:38:29'),
(212, 12, 123, '2014-12-20', 'oil chang saban soutar', 400, '2014-12-24 18:38:55'),
(213, 12, 123, '2014-12-20', 'Stairing cover', 200, '2014-12-24 18:40:03'),
(214, 12, 123, '2014-12-20', 'bettri tazab', 200, '2014-12-24 18:40:36'),
(215, 12, 123, '2014-12-20', '2 wheel chal niklwi', 200, '2014-12-24 18:41:13'),
(216, 12, 123, '2014-12-20', 'roti exp', 7000, '2014-12-24 18:41:38'),
(217, 12, 123, '2014-12-20', 'hsd 761 ltr', 71838, '2014-12-24 18:42:32'),
(218, 12, 123, '2014-12-20', 'mobil oil 14 ltr', 5334, '2014-12-24 18:43:13'),
(219, 31, 130, '2014-12-20', 'Tool plaza', 9200, '2014-12-24 19:08:23'),
(220, 31, 130, '2014-12-20', 'service grees', 1500, '2014-12-24 19:08:59'),
(221, 31, 130, '2014-12-20', 'depo exp', 1350, '2014-12-24 19:09:26'),
(222, 31, 130, '2014-12-20', 'filter', 1000, '2014-12-24 19:10:05'),
(223, 31, 130, '2014-12-20', 'roti exp', 9000, '2014-12-24 19:10:28'),
(224, 31, 130, '2014-12-20', 'thrmostate wall', 1000, '2014-12-24 19:11:08'),
(225, 31, 130, '2014-12-20', 'braik oil', 950, '2014-12-24 19:11:47'),
(226, 31, 130, '2014-12-20', 'pinctur', 1500, '2014-12-24 19:12:22'),
(227, 31, 130, '2014-12-20', 'kaluch batton haron repair', 400, '2014-12-24 19:13:03'),
(228, 31, 130, '2014-12-20', 'kaluch repair', 850, '2014-12-24 19:13:45'),
(229, 31, 130, '2014-12-20', 'haron +electration', 850, '2014-12-24 19:14:43'),
(230, 31, 130, '2014-12-20', 'braik switch+tar', 670, '2014-12-24 19:15:28'),
(231, 31, 130, '2014-12-20', 'hsd 773 ltr', 72971, '2014-12-24 19:16:59'),
(232, 31, 130, '2014-12-20', 'mobil oil 14 ltr', 5400, '2014-12-24 19:17:41'),
(233, 1, 150, '2014-12-25', 'Tool plaza', 9240, '2014-12-31 14:46:44'),
(234, 1, 150, '2014-12-25', 'service grees', 1500, '2014-12-31 14:47:16'),
(235, 1, 150, '2014-12-25', 'depo exp', 1300, '2014-12-31 14:47:55'),
(236, 1, 150, '2014-12-25', 'oil chang saban soutar', 400, '2014-12-31 14:48:20'),
(237, 1, 150, '2014-12-25', 'roti exp', 8000, '2014-12-31 14:48:49'),
(238, 1, 150, '2014-12-25', 'tire rent 6 adad', 600, '2014-12-31 14:49:38'),
(239, 1, 150, '2014-12-25', 'front beem', 260, '2014-12-31 14:50:07'),
(240, 1, 150, '2014-12-25', 'hsd 775 ltr', 73160, '2014-12-31 14:53:04'),
(241, 1, 150, '2014-12-25', 'mobil oil 14 ltr', 5040, '2014-12-31 14:53:46'),
(242, 2, 151, '2014-12-25', 'Tool plaza', 9240, '2014-12-31 15:04:47'),
(243, 2, 151, '2014-12-25', 'service grees', 1500, '2014-12-31 15:05:15'),
(244, 2, 151, '2014-12-25', 'depo exp', 1300, '2014-12-31 15:05:45'),
(245, 2, 151, '2014-12-25', 'oil chang saban soutar', 400, '2014-12-31 15:06:12'),
(246, 2, 151, '2014-12-25', 'dakhun doori', 500, '2014-12-31 15:07:18'),
(247, 2, 151, '2014-12-25', 'filter', 1110, '2014-12-31 15:07:44'),
(248, 2, 151, '2014-12-25', 'electration bill', 1050, '2014-12-31 15:08:22'),
(249, 2, 151, '2014-12-25', 'roti exp', 7000, '2014-12-31 15:08:50'),
(250, 2, 151, '2014-12-25', 'hsd 781 ltr', 73726, '2014-12-31 15:09:28'),
(251, 2, 151, '2014-12-25', 'mobil oil 14 ltr', 5040, '2014-12-31 15:09:54'),
(252, 7, 153, '2014-12-25', 'Tool plaza', 9240, '2015-01-02 13:05:15'),
(253, 7, 153, '2014-12-25', 'service grees', 1500, '2015-01-02 13:05:45'),
(254, 7, 153, '2014-12-25', 'depo exp', 1300, '2015-01-02 13:06:25'),
(255, 7, 153, '2014-12-25', 'oil chang saban soutar', 400, '2015-01-02 13:06:54'),
(256, 7, 153, '2014-12-25', 'roti exp', 14000, '2015-01-02 13:07:28'),
(257, 7, 153, '2014-12-25', 'filter', 1100, '2015-01-02 13:07:56'),
(258, 7, 153, '2014-12-25', 'gool shesha', 600, '2015-01-02 13:08:31'),
(259, 7, 153, '2014-12-25', 'hsd 804 ltr', 75897, '2015-01-02 13:09:45'),
(260, 7, 153, '2014-12-25', 'mobil oil 14 ltr', 5040, '2015-01-02 13:10:13'),
(261, 3, 160, '2014-12-25', 'tool plaza', 9240, '2015-01-05 20:12:10'),
(262, 3, 160, '2014-12-25', 'service garees', 1500, '2015-01-05 20:15:01'),
(263, 3, 160, '2014-12-25', 'depo exp', 1300, '2015-01-05 20:15:47'),
(264, 3, 160, '2014-12-25', 'oil change saban soutar', 400, '2015-01-05 20:16:42'),
(265, 3, 160, '2014-12-25', 'roti exp', 14000, '2015-01-05 20:17:21'),
(266, 3, 160, '2014-12-25', 'wheel kon size', 1325, '2015-01-05 20:18:15'),
(267, 3, 160, '2014-12-25', 'pincture', 600, '2015-01-05 20:18:53'),
(268, 3, 160, '2014-12-25', 'medicine driver', 500, '2015-01-05 20:19:26'),
(269, 3, 160, '2014-12-25', 'hsd 847 ltr', 79976, '2015-01-05 20:20:23'),
(270, 3, 160, '2014-12-25', 'mobil oil 14 ltr', 5040, '2015-01-05 20:21:08'),
(271, 2, 196, '2015-01-05', 'tool plaza', 9240, '2015-01-08 11:51:56'),
(272, 2, 196, '2015-01-05', 'service garees', 1500, '2015-01-08 11:52:58'),
(273, 2, 196, '2015-01-05', 'depo exp', 1300, '2015-01-08 11:53:41'),
(274, 2, 196, '2015-01-05', 'oil change & saban soutar', 400, '2015-01-08 11:55:03'),
(275, 2, 196, '2015-01-05', 'roti exp', 9000, '2015-01-08 11:55:56'),
(276, 2, 196, '2015-01-05', 'cabbin ghutke', 4000, '2015-01-08 11:56:53'),
(277, 2, 196, '2015-01-05', 'excise jarmana', 500, '2015-01-08 11:57:53'),
(278, 2, 196, '2015-01-05', 'kamani mazdori', 500, '2015-01-08 11:58:33'),
(279, 2, 196, '2015-01-05', 'pincture', 200, '2015-01-08 11:59:09'),
(280, 2, 196, '2015-01-05', 'hsd 801 ltr', 75614, '2015-01-08 11:59:57'),
(281, 2, 196, '2015-01-05', 'mobil oil 14 ltr', 5040, '2015-01-08 12:00:41'),
(282, 1, 198, '2015-01-05', 'tool plaza', 9240, '2015-01-09 18:24:42'),
(283, 1, 198, '2015-01-05', 'service garees', 1500, '2015-01-09 18:25:08'),
(284, 1, 198, '2015-01-05', 'depo exp', 1300, '2015-01-09 18:25:32'),
(285, 1, 198, '2015-01-05', 'oil change & saban soutar', 400, '2015-01-09 18:26:03'),
(286, 1, 198, '2015-01-05', 'filter', 1020, '2015-01-09 18:26:35'),
(287, 1, 198, '2015-01-05', 'yellow light dhund', 330, '2015-01-09 18:27:25'),
(288, 1, 198, '2015-01-05', 'pincture', 600, '2015-01-09 18:27:52'),
(289, 1, 198, '2015-01-05', 'roti exp', 10000, '2015-01-09 18:28:18'),
(290, 1, 198, '2015-01-05', 'cpi exp', 1000, '2015-01-09 18:28:56'),
(291, 1, 198, '2015-01-05', 'hsd 790 ltr', 74576, '2015-01-09 18:29:49'),
(292, 1, 198, '2015-01-05', 'mobil oil 14 ltr', 5040, '2015-01-09 18:30:12');

-- --------------------------------------------------------

--
-- Table structure for table `voucher_entry`
--

CREATE TABLE IF NOT EXISTS `voucher_entry` (
  `id` int(11) NOT NULL AUTO_INCREMENT,
  `ac_type` varchar(20) NOT NULL,
  `account_title_id` int(11) NOT NULL,
  `description` text NOT NULL,
  `related_other_agent` int(11) NOT NULL DEFAULT '0',
  `related_customer` int(11) NOT NULL,
  `related_contractor` int(11) NOT NULL,
  `credit_amount` double NOT NULL,
  `debit_amount` double NOT NULL,
  `dr_cr` tinyint(4) NOT NULL,
  `journal_voucher_id` int(11) NOT NULL,
  PRIMARY KEY (`id`)
) ENGINE=InnoDB  DEFAULT CHARSET=latin1 AUTO_INCREMENT=479 ;

--
-- Dumping data for table `voucher_entry`
--

INSERT INTO `voucher_entry` (`id`, `ac_type`, `account_title_id`, `description`, `related_other_agent`, `related_customer`, `related_contractor`, `credit_amount`, `debit_amount`, `dr_cr`, `journal_voucher_id`) VALUES
(1, 'expense', 18, '', 0, 0, 0, 0, 9240, 1, 1),
(2, 'payable', 3, '', 1, 0, 0, 9240, 0, 0, 1),
(3, 'expense', 22, '', 0, 0, 0, 0, 1000, 1, 2),
(4, 'payable', 3, '', 1, 0, 0, 1000, 0, 0, 2),
(5, 'expense', 23, '', 0, 0, 0, 0, 500, 1, 3),
(6, 'payable', 3, '', 1, 0, 0, 500, 0, 0, 3),
(7, 'expense', 0, 'depo exp', 0, 0, 0, 0, 1300, 1, 4),
(8, 'payable', 3, '', 1, 0, 0, 1300, 0, 0, 4),
(9, 'expense', 0, 'oil change saban soutar', 0, 0, 0, 0, 400, 1, 5),
(10, 'payable', 3, '', 1, 0, 0, 400, 0, 0, 5),
(11, 'expense', 0, 'front beem', 0, 0, 0, 0, 500, 1, 6),
(12, 'payable', 3, '', 1, 0, 0, 500, 0, 0, 6),
(13, 'expense', 19, '', 0, 0, 0, 0, 11000, 1, 7),
(14, 'payable', 3, '', 1, 0, 0, 11000, 0, 0, 7),
(15, 'expense', 0, 'pmc custom expense', 0, 0, 0, 0, 700, 1, 8),
(16, 'payable', 3, '', 1, 0, 0, 700, 0, 0, 8),
(17, 'expense', 0, 'pincture gettes', 0, 0, 0, 0, 500, 1, 9),
(18, 'payable', 3, 'pincture gettes', 1, 0, 0, 500, 0, 0, 9),
(19, 'expense', 17, '14ltr lube', 0, 0, 0, 0, 5020, 1, 10),
(20, 'payable', 3, '14ltr lube', 1, 0, 0, 5020, 0, 0, 10),
(21, 'expense', 1, 'hsd 852 ltr', 0, 0, 0, 0, 73843, 1, 11),
(22, 'payable', 3, 'hsd 852 ltr', 2, 0, 0, 73843, 0, 0, 11),
(23, 'expense', 18, '', 0, 0, 0, 0, 9460, 1, 12),
(24, 'payable', 3, '', 1, 0, 0, 9460, 0, 0, 12),
(25, 'expense', 22, '', 0, 0, 0, 0, 1000, 1, 13),
(26, 'payable', 3, '', 1, 0, 0, 1000, 0, 0, 13),
(27, 'expense', 23, '', 0, 0, 0, 0, 500, 1, 14),
(28, 'payable', 3, '', 1, 0, 0, 500, 0, 0, 14),
(29, 'expense', 0, 'depo exp', 0, 0, 0, 0, 1800, 1, 15),
(30, 'payable', 3, 'depo exp', 1, 0, 0, 1800, 0, 0, 15),
(31, 'expense', 20, '', 0, 0, 0, 0, 1350, 1, 16),
(32, 'payable', 3, '', 1, 0, 0, 1350, 0, 0, 16),
(33, 'expense', 0, 'shoukat medicine', 0, 0, 0, 0, 2000, 1, 17),
(34, 'payable', 3, 'shoukat medicine', 1, 0, 0, 2000, 0, 0, 17),
(35, 'expense', 19, '', 0, 0, 0, 0, 24000, 1, 18),
(36, 'payable', 3, '', 1, 0, 0, 24000, 0, 0, 18),
(37, 'expense', 0, 'oil change saban soutar', 0, 0, 0, 0, 400, 1, 19),
(38, 'payable', 3, 'oi change saban soutar', 1, 0, 0, 400, 0, 0, 19),
(39, 'expense', 1, 'hsd 780 ltr', 0, 0, 0, 0, 73632, 1, 20),
(40, 'payable', 3, 'hsd 780 ltr', 2, 0, 0, 73632, 0, 0, 20),
(41, 'expense', 17, 'mobil oil 14 ltr', 0, 0, 0, 0, 5020, 1, 21),
(42, 'payable', 3, 'mobil oil 14 ltr', 1, 0, 0, 5020, 0, 0, 21),
(43, 'expense', 18, '', 0, 0, 0, 0, 9240, 1, 22),
(44, 'payable', 3, '', 1, 0, 0, 9240, 0, 0, 22),
(45, 'expense', 22, '', 0, 0, 0, 0, 1000, 1, 23),
(46, 'payable', 3, '', 1, 0, 0, 1000, 0, 0, 23),
(47, 'expense', 23, '', 0, 0, 0, 0, 500, 1, 24),
(48, 'payable', 3, '', 1, 0, 0, 500, 0, 0, 24),
(49, 'expense', 0, 'depo exp', 0, 0, 0, 0, 1500, 1, 25),
(50, 'payable', 3, 'depo exp', 1, 0, 0, 1500, 0, 0, 25),
(51, 'expense', 0, 'oil change saban soutar', 0, 0, 0, 0, 400, 1, 26),
(52, 'payable', 3, 'oi change saban soutar', 1, 0, 0, 400, 0, 0, 26),
(53, 'expense', 19, '', 0, 0, 0, 0, 20000, 1, 27),
(54, 'payable', 3, '', 1, 0, 0, 20000, 0, 0, 27),
(55, 'expense', 0, 'side shesha', 0, 0, 0, 0, 900, 1, 28),
(56, 'payable', 3, 'side shesha', 1, 0, 0, 900, 0, 0, 28),
(57, 'expense', 0, 'gress+kapray', 0, 0, 0, 0, 440, 1, 29),
(58, 'payable', 3, 'grees+kapray', 1, 0, 0, 440, 0, 0, 29),
(59, 'expense', 0, 'lock tool', 0, 0, 0, 0, 290, 1, 30),
(60, 'payable', 3, 'lock tool', 1, 0, 0, 290, 0, 0, 30),
(61, 'expense', 0, 'tun plate repair', 0, 0, 0, 0, 4000, 1, 31),
(62, 'payable', 3, 'tun plate repair', 1, 0, 0, 4000, 0, 0, 31),
(63, 'expense', 17, 'mobil oil 14 ltr', 0, 0, 0, 0, 5020, 1, 32),
(64, 'payable', 3, 'mobil oil 14 ltr', 1, 0, 0, 5020, 0, 0, 32),
(65, 'expense', 1, 'hsd 854 ltr', 0, 0, 0, 0, 81090, 1, 33),
(66, 'payable', 3, 'hsd 854 ltr', 2, 0, 0, 81090, 0, 0, 33),
(67, 'expense', 18, '', 0, 0, 0, 0, 9240, 1, 34),
(68, 'payable', 3, '', 1, 0, 0, 9240, 0, 0, 34),
(69, 'expense', 22, '', 0, 0, 0, 0, 1000, 1, 35),
(70, 'payable', 3, '', 1, 0, 0, 1000, 0, 0, 35),
(71, 'expense', 23, '', 0, 0, 0, 0, 500, 1, 36),
(72, 'payable', 3, '', 1, 0, 0, 500, 0, 0, 36),
(73, 'expense', 0, 'depo exp', 0, 0, 0, 0, 1700, 1, 37),
(74, 'payable', 3, 'depo exp', 1, 0, 0, 1700, 0, 0, 37),
(75, 'expense', 0, 'oil change+saban soutar', 0, 0, 0, 0, 400, 1, 38),
(76, 'payable', 3, 'oil change+saban soutaar', 1, 0, 0, 400, 0, 0, 38),
(77, 'expense', 19, '', 0, 0, 0, 0, 9000, 1, 39),
(78, 'payable', 3, '', 1, 0, 0, 9000, 0, 0, 39),
(79, 'expense', 21, '', 0, 0, 0, 0, 500, 1, 40),
(80, 'payable', 3, '', 1, 0, 0, 500, 0, 0, 40),
(81, 'expense', 0, 'tan plate repiar', 0, 0, 0, 0, 4300, 1, 41),
(82, 'payable', 3, 'tan plate repair', 1, 0, 0, 4300, 0, 0, 41),
(83, 'expense', 20, '', 0, 0, 0, 0, 1020, 1, 42),
(84, 'payable', 3, '', 1, 0, 0, 1020, 0, 0, 42),
(85, 'expense', 0, 'green tan plate', 0, 0, 0, 0, 545, 1, 43),
(86, 'payable', 3, 'green tan plate', 1, 0, 0, 545, 0, 0, 43),
(87, 'expense', 0, 'pincture', 0, 0, 0, 0, 600, 1, 44),
(88, 'payable', 3, 'pincture', 1, 0, 0, 600, 0, 0, 44),
(89, 'expense', 0, 'bakri depo exp', 0, 0, 0, 0, 500, 1, 45),
(90, 'payable', 3, 'bakre depo exp', 1, 0, 0, 500, 0, 0, 45),
(91, 'expense', 17, '14 ltr mobil', 0, 0, 0, 0, 5040, 1, 46),
(92, 'payable', 3, '14ltr mobil', 1, 0, 0, 5040, 0, 0, 46),
(93, 'expense', 1, 'hsd 875 ltr', 0, 0, 0, 0, 75775, 1, 47),
(94, 'payable', 3, 'hsd 875 ltr', 2, 0, 0, 75775, 0, 0, 47),
(95, 'expense', 18, '', 0, 0, 0, 0, 9240, 1, 48),
(96, 'payable', 3, '', 1, 0, 0, 9240, 0, 0, 48),
(97, 'expense', 22, '', 0, 0, 0, 0, 1000, 1, 49),
(98, 'payable', 3, '', 1, 0, 0, 1000, 0, 0, 49),
(99, 'expense', 23, '', 0, 0, 0, 0, 500, 1, 50),
(100, 'payable', 3, '', 1, 0, 0, 500, 0, 0, 50),
(101, 'expense', 0, 'oil change+saban soutar', 0, 0, 0, 0, 400, 1, 51),
(102, 'payable', 3, 'oil change+saban soutaar', 1, 0, 0, 400, 0, 0, 51),
(103, 'expense', 19, '', 0, 0, 0, 0, 6000, 1, 52),
(104, 'payable', 3, '', 1, 0, 0, 6000, 0, 0, 52),
(105, 'expense', 0, 'depo exp', 0, 0, 0, 0, 1300, 1, 53),
(106, 'payable', 3, 'depo exp', 1, 0, 0, 1300, 0, 0, 53),
(107, 'expense', 0, 'pmc depo exp', 0, 0, 0, 0, 500, 1, 54),
(108, 'payable', 3, 'pmc depo exp', 1, 0, 0, 500, 0, 0, 54),
(109, 'expense', 0, 'accident tractor', 0, 0, 0, 0, 5000, 1, 55),
(110, 'payable', 3, 'accident tractor', 1, 0, 0, 5000, 0, 0, 55),
(111, 'expense', 17, '14 ltr mobil', 0, 0, 0, 0, 5040, 1, 56),
(112, 'payable', 3, '14ltr mobil', 1, 0, 0, 5040, 0, 0, 56),
(113, 'expense', 1, 'hsd 745 ltr', 0, 0, 0, 0, 64517, 1, 57),
(114, 'payable', 3, 'hsd 745 ltr', 2, 0, 0, 64517, 0, 0, 57),
(115, 'expense', 18, '', 0, 0, 0, 0, 9240, 1, 58),
(116, 'payable', 3, '', 1, 0, 0, 9240, 0, 0, 58),
(117, 'expense', 22, '', 0, 0, 0, 0, 1000, 1, 59),
(118, 'payable', 3, '', 1, 0, 0, 1000, 0, 0, 59),
(119, 'expense', 23, '', 0, 0, 0, 0, 500, 1, 60),
(120, 'payable', 3, '', 1, 0, 0, 500, 0, 0, 60),
(121, 'expense', 0, 'depo exp', 0, 0, 0, 0, 1800, 1, 61),
(122, 'payable', 3, 'depo exp', 1, 0, 0, 1800, 0, 0, 61),
(123, 'expense', 0, 'oil change+saban soutar', 0, 0, 0, 0, 400, 1, 62),
(124, 'payable', 3, 'oil change+saban soutaar', 1, 0, 0, 400, 0, 0, 62),
(125, 'expense', 19, '', 0, 0, 0, 0, 5000, 1, 63),
(126, 'payable', 3, '', 1, 0, 0, 5000, 0, 0, 63),
(127, 'expense', 0, '670 book send karachi', 0, 0, 0, 0, 800, 1, 64),
(128, 'payable', 3, '670 book send karachi', 1, 0, 0, 800, 0, 0, 64),
(129, 'expense', 0, 'dhakan doori', 0, 0, 0, 0, 500, 1, 65),
(130, 'payable', 3, 'dhakan doori', 1, 0, 0, 500, 0, 0, 65),
(131, 'expense', 0, 'air calendar jali', 0, 0, 0, 0, 1600, 1, 66),
(132, 'payable', 3, 'air calendar jali', 1, 0, 0, 1600, 0, 0, 66),
(133, 'expense', 17, '14 ltr mobil oil', 0, 0, 0, 0, 5040, 1, 67),
(134, 'payable', 3, '14ltr mobil oil', 1, 0, 0, 5040, 0, 0, 67),
(135, 'expense', 1, 'hsd 875 ltr', 0, 0, 0, 0, 75775, 1, 68),
(136, 'payable', 3, 'hsd 875 ltr', 2, 0, 0, 75775, 0, 0, 68),
(137, 'expense', 0, 'super buraj stone tire 2 addad (Tire no.1) dot 322 L3TY3714-y4m20565 (Tire no .2) dot 322L3TY3514-Y4U500129 (Meter reading) 236338', 1, 0, 0, 0, 81000, 1, 69),
(138, 'payable', 3, '', 1, 0, 0, 81000, 0, 0, 69),
(139, 'expense', 0, 'REMANING LIECSING', 1, 0, 0, 0, 750970, 1, 70),
(140, 'payable', 3, '', 1, 0, 0, 750970, 0, 0, 70),
(141, 'expense', 0, 'LIECSING DECEMBER ( KIST)', 1, 0, 0, 0, 219217, 1, 71),
(142, 'payable', 3, '', 1, 0, 0, 219217, 0, 0, 71),
(143, 'expense', 0, 'LIESING DECEMBER (KIST)', 1, 0, 0, 0, 219217, 1, 72),
(144, 'payable', 3, '', 1, 0, 0, 219217, 0, 0, 72),
(145, 'expense', 0, 'LIESING DECEMBER (KIST)', 1, 0, 0, 0, 157155, 1, 73),
(146, 'payable', 3, '', 1, 0, 0, 157155, 0, 0, 73),
(147, 'expense', 0, 'LIESING DECEMBER (KIST)', 1, 0, 0, 0, 156000, 1, 74),
(148, 'payable', 3, '', 1, 0, 0, 156000, 0, 0, 74),
(149, 'expense', 0, 'LIESING INSTALMENT DECEMBER', 1, 0, 0, 0, 213820, 1, 75),
(150, 'payable', 3, '', 1, 0, 0, 213820, 0, 0, 75),
(151, 'expense', 0, 'ORAX INSURENCE 15-12-2014 TO 14-12-2015', 1, 0, 0, 0, 167000, 1, 76),
(152, 'payable', 3, '', 1, 0, 0, 167000, 0, 0, 76),
(153, 'expense', 0, 'ORIX total amount gari 11982972 instalments 36 per instalment 287527 and advance payment to 1632000', 1, 0, 0, 0, 1632000, 1, 77),
(154, 'payable', 3, '', 1, 0, 0, 1632000, 0, 0, 77),
(155, 'expense', 0, 'autocom tanker total ayment 2950000 advance pay 885000', 1, 0, 0, 0, 885000, 1, 78),
(156, 'payable', 3, '', 1, 0, 0, 885000, 0, 0, 78),
(157, 'expense', 0, 'ORIX total amount gari 11982972 instalments 36 per instalment 287527 and advance payment to 1632000', 1, 0, 0, 0, 1632000, 1, 79),
(158, 'payable', 3, '', 1, 0, 0, 1632000, 0, 0, 79),
(159, 'expense', 0, 'autocom tanker total ayment 2950000 advance pay 885000', 1, 0, 0, 0, 885000, 1, 80),
(160, 'payable', 3, '', 1, 0, 0, 885000, 0, 0, 80),
(161, 'expense', 0, 'ORIX total amount gari 13605560 instalments 36 per instalment 326460 and advance payment to 1853000', 1, 0, 0, 0, 1853000, 1, 81),
(162, 'payable', 3, '', 1, 0, 0, 1853000, 0, 0, 81),
(163, 'expense', 0, 'autocom tanker total ayment 2599000 advance pay 779700', 1, 0, 0, 0, 779700, 1, 82),
(164, 'payable', 3, '', 1, 0, 0, 779700, 0, 0, 82),
(165, 'expense', 0, 'ORIX total amount gari 13605560 instalments 36 per instalment 326460 and advance payment to 1853000', 1, 0, 0, 0, 1853000, 1, 83),
(166, 'payable', 3, '', 1, 0, 0, 1853000, 0, 0, 83),
(167, 'expense', 0, 'autocom tanker total ayment 2599000 advance pay 779700', 1, 0, 0, 0, 779700, 1, 84),
(168, 'payable', 3, '', 1, 0, 0, 779700, 0, 0, 84),
(169, 'expense', 0, 'ORIX total amount gari 13605560 instalments 36 per instalment 326460 and advance payment to 1853000', 1, 0, 0, 0, 1853000, 1, 85),
(170, 'payable', 3, '', 1, 0, 0, 1853000, 0, 0, 85),
(171, 'expense', 0, 'autocom tanker total ayment 2599000 advance pay 779700', 1, 0, 0, 0, 779700, 1, 86),
(172, 'payable', 3, '', 1, 0, 0, 779700, 0, 0, 86),
(173, 'expense', 0, 'ORIX total amount gari 13605560 instalments 36 per instalment 326460 and advance payment to 1853000', 1, 0, 0, 0, 1853000, 1, 87),
(174, 'payable', 3, '', 1, 0, 0, 1853000, 0, 0, 87),
(175, 'expense', 0, 'autocom tanker total ayment 2599000 advance pay 779700', 1, 0, 0, 0, 779700, 1, 88),
(176, 'payable', 3, '', 1, 0, 0, 779700, 0, 0, 88),
(177, 'expense', 0, 'autocom tanker total ayment 2599000 advance pay 779700', 1, 0, 0, 0, 779700, 1, 89),
(178, 'payable', 3, '', 1, 0, 0, 779700, 0, 0, 89),
(179, 'expense', 0, 'autocom tanker total ayment 2599000 advance pay 779700', 1, 0, 0, 0, 779700, 1, 90),
(180, 'payable', 3, '', 1, 0, 0, 779700, 0, 0, 90),
(181, 'expense', 0, 'autocom tanker total ayment 2599000 advance pay 779700', 1, 0, 0, 0, 779700, 1, 91),
(182, 'payable', 3, '', 1, 0, 0, 779700, 0, 0, 91),
(183, 'expense', 0, 'autocom tanker total ayment 3170000 advance pay 951000', 1, 0, 0, 0, 951000, 1, 92),
(184, 'payable', 3, '', 1, 0, 0, 951000, 0, 0, 92),
(185, 'expense', 0, 'autocom tanker total ayment 3170000 advance pay 951000', 1, 0, 0, 0, 951000, 1, 93),
(186, 'payable', 3, '', 1, 0, 0, 951000, 0, 0, 93),
(187, 'expense', 0, 'First instalment of december', 1, 0, 0, 0, 287527, 1, 94),
(188, 'payable', 3, '', 1, 0, 0, 287527, 0, 0, 94),
(189, 'expense', 0, 'First instalment of december', 1, 0, 0, 0, 287527, 1, 95),
(190, 'payable', 3, '', 1, 0, 0, 287527, 0, 0, 95),
(191, 'expense', 0, 'First instalment of december', 1, 0, 0, 0, 326460, 1, 96),
(192, 'payable', 3, '', 1, 0, 0, 326460, 0, 0, 96),
(193, 'expense', 0, 'First instalment of december', 1, 0, 0, 0, 326460, 1, 97),
(194, 'payable', 3, '', 1, 0, 0, 326460, 0, 0, 97),
(195, 'expense', 0, 'First instalment of december', 1, 0, 0, 0, 326460, 1, 98),
(196, 'payable', 3, '', 1, 0, 0, 326460, 0, 0, 98),
(197, 'expense', 0, 'First instalment of december', 1, 0, 0, 0, 326460, 1, 99),
(198, 'payable', 3, '', 1, 0, 0, 326460, 0, 0, 99),
(199, 'expense', 0, 'Tire 2 adad super buraj stone (Tire no: 1) Dot 322L3DY-3614 (Tire no: 2) Dot322L3DY-3514 (Meter reading-251608)', 1, 0, 0, 0, 79000, 1, 100),
(200, 'payable', 3, '', 1, 0, 0, 79000, 0, 0, 100),
(201, 'expense', 0, 'autocom tanker total ayment 1000000 advance pay 300000', 1, 0, 0, 0, 300000, 1, 101),
(202, 'payable', 3, '', 1, 0, 0, 300000, 0, 0, 101),
(203, 'expense', 0, 'autocom tanker total ayment 1000000 advance pay 300000', 1, 0, 0, 0, 300000, 1, 102),
(204, 'payable', 3, '', 1, 0, 0, 300000, 0, 0, 102),
(205, 'expense', 0, 'autocom tanker total ayment 1000000 advance pay 300000', 1, 0, 0, 0, 300000, 1, 103),
(206, 'payable', 3, '', 1, 0, 0, 300000, 0, 0, 103),
(207, 'expense', 0, 'autocom tanker total ayment 1000000 advance pay 300000', 1, 0, 0, 0, 300000, 1, 104),
(208, 'payable', 3, '', 1, 0, 0, 300000, 0, 0, 104),
(209, 'expense', 0, 'autocom tanker total ayment 1000000 advance pay 300000', 1, 0, 0, 0, 300000, 1, 105),
(210, 'payable', 3, '', 1, 0, 0, 300000, 0, 0, 105),
(211, 'expense', 0, 'autocom tanker total ayment 2950000 second instalment 60 % pay 885000', 1, 0, 0, 0, 885000, 1, 106),
(212, 'payable', 3, '', 1, 0, 0, 885000, 0, 0, 106),
(213, 'expense', 0, 'autocom tanker total ayment 2950000 second instalment 60 % pay 885000', 1, 0, 0, 0, 885000, 1, 107),
(214, 'payable', 3, '', 1, 0, 0, 885000, 0, 0, 107),
(215, 'expense', 0, 'autocom tanker total ayment 3170000 second instalment total 60 % pay 951000', 1, 0, 0, 0, 951000, 1, 108),
(216, 'payable', 3, '', 1, 0, 0, 951000, 0, 0, 108),
(217, 'expense', 0, 'autocom tanker total ayment 3170000 second instalment total 60 % pay 951000', 1, 0, 0, 0, 951000, 1, 109),
(218, 'payable', 3, '', 1, 0, 0, 951000, 0, 0, 109),
(219, 'expense', 0, 'autocom tanker total ayment 2599000 second instalment total 60 % pay 779700', 1, 0, 0, 0, 779700, 1, 110),
(220, 'payable', 3, '', 1, 0, 0, 779700, 0, 0, 110),
(221, 'expense', 0, 'autocom tanker total ayment 2599000 second instalment total 60 % pay 779700', 1, 0, 0, 0, 779700, 1, 111),
(222, 'payable', 3, '', 1, 0, 0, 779700, 0, 0, 111),
(223, 'expense', 0, 'autocom tanker total ayment 2599000 second instalment total 60 % pay 779700', 1, 0, 0, 0, 779700, 1, 112),
(224, 'payable', 3, '', 1, 0, 0, 779700, 0, 0, 112),
(225, 'expense', 0, 'autocom tanker total ayment 2599000 second instalment total 60 % pay 779700', 1, 0, 0, 0, 779700, 1, 113),
(226, 'payable', 3, '', 1, 0, 0, 779700, 0, 0, 113),
(227, 'expense', 0, 'autocom tanker total ayment 2599000 second instalment total 60 % pay 779700', 1, 0, 0, 0, 779700, 1, 114),
(228, 'payable', 3, '', 1, 0, 0, 779700, 0, 0, 114),
(229, 'expense', 0, 'autocom tanker total payment 2599000 second instalment total 60 % pay 779700', 1, 0, 0, 0, 779700, 1, 115),
(230, 'payable', 3, '', 1, 0, 0, 779700, 0, 0, 115),
(231, 'expense', 0, 'LIESING  (KIST) JANUARY 2015', 1, 0, 0, 0, 219217, 1, 116),
(232, 'payable', 3, '', 1, 0, 0, 219217, 0, 0, 116),
(233, 'expense', 0, 'LIESING  (KIST) JANUARY 2015', 1, 0, 0, 0, 219217, 1, 117),
(234, 'payable', 3, '', 1, 0, 0, 219217, 0, 0, 117),
(235, 'expense', 0, 'LIESING  (KIST) JANUARY 2015', 1, 0, 0, 0, 213820, 1, 118),
(236, 'payable', 3, '', 1, 0, 0, 213820, 0, 0, 118),
(237, 'expense', 0, 'LIESING  (KIST) JANUARY 2015', 1, 0, 0, 0, 157155, 1, 119),
(238, 'payable', 3, '', 1, 0, 0, 157155, 0, 0, 119),
(239, 'expense', 0, 'LIESING  (KIST) JANUARY 2015', 1, 0, 0, 0, 156000, 1, 120),
(240, 'payable', 3, '', 1, 0, 0, 156000, 0, 0, 120),
(241, 'expense', 18, '', 0, 0, 0, 0, 9680, 1, 121),
(242, 'payable', 3, '', 1, 0, 0, 9680, 0, 0, 121),
(243, 'expense', 22, '', 0, 0, 0, 0, 1000, 1, 122),
(244, 'payable', 3, '', 1, 0, 0, 1000, 0, 0, 122),
(245, 'expense', 23, '', 0, 0, 0, 0, 500, 1, 123),
(246, 'payable', 3, '', 1, 0, 0, 500, 0, 0, 123),
(247, 'expense', 0, 'depo exp', 0, 0, 0, 0, 1300, 1, 124),
(248, 'payable', 3, 'depo exp', 1, 0, 0, 1300, 0, 0, 124),
(249, 'expense', 0, 'oil change saban soutar', 0, 0, 0, 0, 400, 1, 125),
(250, 'payable', 3, 'oil change saban soutar', 1, 0, 0, 400, 0, 0, 125),
(251, 'expense', 20, '', 0, 0, 0, 0, 1100, 1, 126),
(252, 'payable', 3, '', 1, 0, 0, 1100, 0, 0, 126),
(253, 'expense', 19, '', 0, 0, 0, 0, 5000, 1, 127),
(254, 'payable', 3, '', 1, 0, 0, 5000, 0, 0, 127),
(255, 'expense', 0, 'tokon lagway', 0, 0, 0, 0, 11300, 1, 128),
(256, 'payable', 3, 'tokon lagway', 1, 0, 0, 11300, 0, 0, 128),
(257, 'expense', 17, '14 ltr mobil oil', 0, 0, 0, 0, 5040, 1, 129),
(258, 'payable', 3, '14 ltr mobil oil', 1, 0, 0, 5040, 0, 0, 129),
(259, 'expense', 1, 'hsd 792 ltr', 0, 0, 0, 0, 68587, 1, 130),
(260, 'payable', 3, 'hsd 792 ltr', 2, 0, 0, 68587, 0, 0, 130),
(261, 'expense', 18, '', 0, 0, 0, 0, 9680, 1, 131),
(262, 'payable', 3, '', 1, 0, 0, 9680, 0, 0, 131),
(263, 'expense', 22, '', 0, 0, 0, 0, 1000, 1, 132),
(264, 'payable', 3, '', 1, 0, 0, 1000, 0, 0, 132),
(265, 'expense', 23, '', 0, 0, 0, 0, 1000, 1, 133),
(266, 'payable', 3, '', 1, 0, 0, 1000, 0, 0, 133),
(267, 'expense', 0, 'depo exp', 0, 0, 0, 0, 1300, 1, 134),
(268, 'payable', 3, 'depo exp', 1, 0, 0, 1300, 0, 0, 134),
(269, 'expense', 0, 'oil change saban soutar', 0, 0, 0, 0, 400, 1, 135),
(270, 'payable', 3, 'oil change saban soutar', 1, 0, 0, 400, 0, 0, 135),
(271, 'expense', 0, 'rim change', 0, 0, 0, 0, 5000, 1, 136),
(272, 'payable', 3, 'rim change', 1, 0, 0, 5000, 0, 0, 136),
(273, 'expense', 20, '', 0, 0, 0, 0, 1110, 1, 137),
(274, 'payable', 3, '', 1, 0, 0, 1110, 0, 0, 137),
(275, 'expense', 0, 'tube + pincture', 0, 0, 0, 0, 1900, 1, 138),
(276, 'payable', 3, 'tube + pincture', 1, 0, 0, 1900, 0, 0, 138),
(277, 'expense', 19, '', 0, 0, 0, 0, 5000, 1, 139),
(278, 'payable', 3, '', 1, 0, 0, 5000, 0, 0, 139),
(279, 'expense', 17, '14 ltr mobil oil', 0, 0, 0, 0, 5040, 1, 140),
(280, 'payable', 3, '14 ltr mobil oil', 1, 0, 0, 5040, 0, 0, 140),
(281, 'expense', 1, 'hsd 790 ltr', 0, 0, 0, 0, 68414, 1, 141),
(282, 'payable', 3, 'hsd 790 ltr', 2, 0, 0, 68414, 0, 0, 141),
(283, 'expense', 18, '', 0, 0, 0, 0, 9680, 1, 142),
(284, 'payable', 3, '', 1, 0, 0, 9680, 0, 0, 142),
(285, 'expense', 22, '', 0, 0, 0, 0, 1000, 1, 143),
(286, 'payable', 3, '', 1, 0, 0, 1000, 0, 0, 143),
(287, 'expense', 23, '', 0, 0, 0, 0, 500, 1, 144),
(288, 'payable', 3, '', 1, 0, 0, 500, 0, 0, 144),
(289, 'expense', 0, 'depo exp', 0, 0, 0, 0, 1300, 1, 145),
(290, 'payable', 3, 'depo exp', 1, 0, 0, 1300, 0, 0, 145),
(291, 'expense', 0, 'oil change saban soutar', 0, 0, 0, 0, 400, 1, 146),
(292, 'payable', 3, 'oil change saban soutar', 1, 0, 0, 400, 0, 0, 146),
(293, 'expense', 19, '', 0, 0, 0, 0, 5000, 1, 147),
(294, 'payable', 3, '', 1, 0, 0, 5000, 0, 0, 147),
(295, 'expense', 0, 'electration bill', 0, 0, 0, 0, 390, 1, 148),
(296, 'payable', 3, 'electration bill', 1, 0, 0, 390, 0, 0, 148),
(297, 'expense', 0, 'rim change', 0, 0, 0, 0, 7000, 1, 149),
(298, 'payable', 3, 'rim change', 1, 0, 0, 7000, 0, 0, 149),
(299, 'expense', 0, 'pincture 2 add', 0, 0, 0, 0, 400, 1, 150),
(300, 'payable', 3, 'pincture 2 add', 1, 0, 0, 400, 0, 0, 150),
(301, 'expense', 17, '14 ltr mobil oil', 0, 0, 0, 0, 5040, 1, 151),
(302, 'payable', 3, '14 ltr mobil oil', 1, 0, 0, 5040, 0, 0, 151),
(303, 'expense', 1, 'hsd 820 ltr', 0, 0, 0, 0, 71012, 1, 152),
(304, 'payable', 3, 'hsd 820 ltr', 2, 0, 0, 71012, 0, 0, 152),
(305, 'expense', 18, '', 0, 0, 0, 0, 9680, 1, 153),
(306, 'payable', 3, '', 1, 0, 0, 9680, 0, 0, 153),
(307, 'expense', 0, 'depo exp', 0, 0, 0, 0, 1300, 1, 154),
(308, 'payable', 3, 'depo exp', 1, 0, 0, 1300, 0, 0, 154),
(309, 'expense', 22, '', 0, 0, 0, 0, 1000, 1, 155),
(310, 'payable', 3, '', 1, 0, 0, 1000, 0, 0, 155),
(311, 'expense', 23, '', 0, 0, 0, 0, 500, 1, 156),
(312, 'payable', 3, '', 1, 0, 0, 500, 0, 0, 156),
(313, 'expense', 0, 'oil change saban soutar', 0, 0, 0, 0, 400, 1, 157),
(314, 'payable', 3, 'oil change saban soutar', 1, 0, 0, 400, 0, 0, 157),
(315, 'expense', 19, '', 0, 0, 0, 0, 5000, 1, 158),
(316, 'payable', 3, '', 1, 0, 0, 5000, 0, 0, 158),
(317, 'expense', 1, 'hsd 130 ltr sakhar', 0, 0, 0, 0, 11505, 1, 159),
(318, 'payable', 3, 'hsd 130 ltr sakhar', 1, 0, 0, 11505, 0, 0, 159),
(319, 'expense', 1, 'hsd 264 ltr kothour', 0, 0, 0, 0, 22900, 1, 160),
(320, 'payable', 3, 'hsd 264 ltr kothour', 1, 0, 0, 22900, 0, 0, 160),
(321, 'expense', 0, 'fillter + air calendar jali', 0, 0, 0, 0, 2920, 1, 161),
(322, 'payable', 3, 'fillter + air calendar jali', 1, 0, 0, 2920, 0, 0, 161),
(323, 'expense', 0, 'mait', 0, 0, 0, 0, 400, 1, 162),
(324, 'payable', 3, 'mait', 1, 0, 0, 400, 0, 0, 162),
(325, 'expense', 0, 'electration bill', 0, 0, 0, 0, 725, 1, 163),
(326, 'payable', 3, 'electration bill', 1, 0, 0, 725, 0, 0, 163),
(327, 'expense', 0, 'pso depo exp', 0, 0, 0, 0, 800, 1, 164),
(328, 'payable', 3, 'pso depo exp', 1, 0, 0, 800, 0, 0, 164),
(329, 'expense', 0, 'dhkan jain 3 add', 0, 0, 0, 0, 1500, 1, 165),
(330, 'payable', 3, 'dhkan jain 3 add', 1, 0, 0, 1500, 0, 0, 165),
(331, 'expense', 17, '14 ltr mobil oil', 0, 0, 0, 0, 5040, 1, 166),
(332, 'payable', 3, '14 ltr mobil oil', 1, 0, 0, 5040, 0, 0, 166),
(333, 'expense', 1, 'hsd 279 ltr', 0, 0, 0, 0, 24161, 1, 167),
(334, 'payable', 3, 'hsd 279 ltr', 2, 0, 0, 24161, 0, 0, 167),
(335, 'expense', 18, '', 0, 0, 0, 0, 9680, 1, 168),
(336, 'payable', 3, '', 1, 0, 0, 9680, 0, 0, 168),
(337, 'expense', 22, '', 0, 0, 0, 0, 1000, 1, 169),
(338, 'payable', 3, '', 1, 0, 0, 1000, 0, 0, 169),
(339, 'expense', 23, '', 0, 0, 0, 0, 500, 1, 170),
(340, 'payable', 3, '', 1, 0, 0, 500, 0, 0, 170),
(341, 'expense', 0, 'depo exp', 0, 0, 0, 0, 1300, 1, 171),
(342, 'payable', 3, 'depo exp', 1, 0, 0, 1300, 0, 0, 171),
(343, 'expense', 0, 'oil change saban soutar', 0, 0, 0, 0, 400, 1, 172),
(344, 'payable', 3, 'oil change saban soutar', 1, 0, 0, 400, 0, 0, 172),
(345, 'expense', 19, '', 0, 0, 0, 0, 5000, 1, 173),
(346, 'payable', 3, '', 1, 0, 0, 5000, 0, 0, 173),
(347, 'expense', 0, 'tire banwi', 0, 0, 0, 0, 2200, 1, 174),
(348, 'payable', 3, 'tire banwi', 1, 0, 0, 2200, 0, 0, 174),
(349, 'expense', 0, 'pincture + gets', 0, 0, 0, 0, 450, 1, 175),
(350, 'payable', 3, 'pincture + gets', 1, 0, 0, 450, 0, 0, 175),
(351, 'expense', 0, 'wheel kablay + mazdori', 0, 0, 0, 0, 940, 1, 176),
(352, 'payable', 3, 'wheel kablay + mazdori', 1, 0, 0, 940, 0, 0, 176),
(353, 'expense', 17, '14 ltr mobil oil', 0, 0, 0, 0, 5040, 1, 177),
(354, 'payable', 3, '14 ltr mobil oil', 1, 0, 0, 5040, 0, 0, 177),
(355, 'expense', 1, 'hsd 800 ltr ', 0, 0, 0, 0, 69280, 1, 178),
(356, 'payable', 3, 'hsd 800 ltr', 2, 0, 0, 69280, 0, 0, 178),
(357, 'expense', 18, '', 0, 0, 0, 0, 9680, 1, 179),
(358, 'payable', 3, '', 1, 0, 0, 9680, 0, 0, 179),
(359, 'expense', 22, '', 0, 0, 0, 0, 1000, 1, 180),
(360, 'payable', 3, '', 1, 0, 0, 1000, 0, 0, 180),
(361, 'expense', 23, '', 0, 0, 0, 0, 500, 1, 181),
(362, 'payable', 3, '', 1, 0, 0, 500, 0, 0, 181),
(363, 'expense', 0, 'depo exp', 0, 0, 0, 0, 1800, 1, 183),
(364, 'payable', 3, 'depo exp', 1, 0, 0, 1800, 0, 0, 183),
(365, 'expense', 0, 'oil change saban soutar', 0, 0, 0, 0, 400, 1, 184),
(366, 'payable', 3, 'oil change saban soutar', 1, 0, 0, 400, 0, 0, 184),
(367, 'expense', 0, 'oil fillter ', 0, 0, 0, 0, 650, 1, 185),
(368, 'payable', 3, 'oil fillter', 1, 0, 0, 650, 0, 0, 185),
(369, 'expense', 19, '', 0, 0, 0, 0, 5000, 1, 186),
(370, 'payable', 3, '', 1, 0, 0, 5000, 0, 0, 186),
(371, 'expense', 0, 'pincture', 0, 0, 0, 0, 200, 1, 187),
(372, 'payable', 3, '', 1, 0, 0, 200, 0, 0, 187),
(373, 'expense', 17, '14 ltr mobil oil', 0, 0, 0, 0, 5040, 1, 188),
(374, 'payable', 3, '14 ltr mobil oil', 1, 0, 0, 5040, 0, 0, 188),
(375, 'expense', 1, 'hsd 840 ltr', 0, 0, 0, 0, 72744, 1, 189),
(376, 'payable', 3, 'hsd 840 ltr', 2, 0, 0, 72744, 0, 0, 189),
(377, 'expense', 18, '', 0, 0, 0, 0, 9680, 1, 190),
(378, 'payable', 3, '', 1, 0, 0, 9680, 0, 0, 190),
(379, 'expense', 22, '', 0, 0, 0, 0, 1000, 1, 191),
(380, 'payable', 3, '', 1, 0, 0, 1000, 0, 0, 191),
(381, 'expense', 23, '', 0, 0, 0, 0, 500, 1, 192),
(382, 'payable', 3, '', 1, 0, 0, 500, 0, 0, 192),
(383, 'expense', 0, 'depo exp', 0, 0, 0, 0, 1800, 1, 193),
(384, 'payable', 3, 'depo exp', 1, 0, 0, 1800, 0, 0, 193),
(385, 'expense', 0, 'bill air calendar jali', 0, 0, 0, 0, 1500, 1, 194),
(386, 'payable', 3, 'bill air calendar jali', 1, 0, 0, 1500, 0, 0, 194),
(387, 'expense', 0, 'rent dip chart  sadaqabad to karachi', 0, 0, 0, 0, 800, 1, 195),
(388, 'payable', 3, 'rent dip chart sadiqabad to karachi', 1, 0, 0, 800, 0, 0, 195),
(389, 'expense', 19, '', 0, 0, 0, 0, 5000, 1, 196),
(390, 'payable', 3, '', 1, 0, 0, 5000, 0, 0, 196),
(391, 'expense', 0, 'oil change saban soutar', 0, 0, 0, 0, 400, 1, 197),
(392, 'payable', 3, 'oil change saban soutar', 1, 0, 0, 400, 0, 0, 197),
(393, 'expense', 17, '14 ltr mobil oil', 0, 0, 0, 0, 5020, 1, 198),
(394, 'payable', 3, '14 ltr mobil oil', 1, 0, 0, 5020, 0, 0, 198),
(395, 'expense', 1, 'hsd 730 ltr', 0, 0, 0, 0, 63218, 1, 199),
(396, 'payable', 3, 'hsd 730 ltr', 2, 0, 0, 63218, 0, 0, 199),
(397, 'expense', 19, '', 0, 0, 0, 0, 5000, 1, 200),
(398, 'payable', 3, '', 1, 0, 0, 5000, 0, 0, 200),
(399, 'expense', 18, '', 0, 0, 0, 0, 9680, 1, 201),
(400, 'payable', 3, '', 1, 0, 0, 9680, 0, 0, 201),
(401, 'expense', 19, '', 0, 0, 0, 0, 5000, 1, 202),
(402, 'payable', 3, '', 1, 0, 0, 5000, 0, 0, 202),
(403, 'expense', 22, '', 0, 0, 0, 0, 1000, 1, 203),
(404, 'payable', 3, '', 1, 0, 0, 1000, 0, 0, 203),
(405, 'expense', 23, '', 0, 0, 0, 0, 500, 1, 204),
(406, 'payable', 3, '', 1, 0, 0, 500, 0, 0, 204),
(407, 'expense', 22, '', 0, 0, 0, 0, 1000, 1, 205),
(408, 'payable', 3, '', 1, 0, 0, 1000, 0, 0, 205),
(409, 'expense', 23, '', 0, 0, 0, 0, 500, 1, 206),
(410, 'payable', 3, '', 1, 0, 0, 500, 0, 0, 206),
(411, 'expense', 0, 'pincture', 0, 0, 0, 0, 400, 1, 207),
(412, 'payable', 3, 'pincture', 1, 0, 0, 400, 0, 0, 207),
(413, 'expense', 19, '', 0, 0, 0, 0, 5000, 1, 208),
(414, 'payable', 3, '', 1, 0, 0, 5000, 0, 0, 208),
(415, 'expense', 19, 'meal', 0, 0, 0, 0, 5000, 1, 209),
(416, 'payable', 3, 'meal', 1, 0, 0, 5000, 0, 0, 209),
(417, 'expense', 24, 'Tanker ki total payment 7440560 advance payment 1257200 per instalment 171760 total instaments 36 and accutal amount 6285000 with out mark up', 0, 0, 0, 0, 1257200, 1, 210),
(418, 'payable', 24, 'Tanker ki total payment 7440560 advance payment 1257200 per instalment 171760 total instaments 36 and accutal amount 6285000 with out mark up', 1, 0, 0, 1257200, 0, 0, 210),
(419, 'expense', 24, 'Tanker ki total payment 7440560 advance payment 1257200 per instalment 171760 total instaments 36 and accutal amount 6285000 with out mark up', 0, 0, 0, 0, 1257200, 1, 211),
(420, 'payable', 24, 'Tanker ki total payment 7440560 advance payment 1257200 per instalment 171760 total instaments 36 and accutal amount 6285000 with out mark up', 2, 0, 0, 1257200, 0, 0, 211),
(421, 'expense', 24, 'Tanker ki total payment 7440560 advance payment 1257200 per instalment 171760 total instaments 36 and accutal amount 6285000 with out mark up', 0, 0, 0, 0, 1257200, 1, 212),
(422, 'payable', 24, 'Tanker ki total payment 7440560 advance payment 1257200 per instalment 171760 total instaments 36 and accutal amount 6285000 with out mark up', 1, 0, 0, 1257200, 0, 0, 212),
(423, 'expense', 24, 'Tanker ki total payment 7440560 advance payment 1257200 per instalment 171760 total instaments 36 and accutal amount 6285000 with out mark up', 0, 0, 0, 0, 1257200, 1, 213),
(424, 'payable', 24, 'Tanker ki total payment 7440560 advance payment 1257200 per instalment 171760 total instaments 36 and accutal amount 6285000 with out mark up', 1, 0, 0, 1257200, 0, 0, 213),
(425, 'expense', 24, '11 aded tyre  per tyre 39250', 0, 0, 0, 0, 431750, 1, 214),
(426, 'payable', 24, '11 aded tyre  per tyre 39250', 1, 0, 0, 431750, 0, 0, 214),
(427, 'expense', 1, '', 0, 0, 0, 0, 0, 1, 215),
(428, 'expense', 1, '', 0, 0, 0, 0, 0, 1, 215),
(429, 'expense', 24, '11 aded tyre  per tyre 39250', 0, 0, 0, 0, 431750, 1, 216),
(430, 'payable', 24, '11 aded tyre  per tyre 39250', 1, 0, 0, 431750, 0, 0, 216),
(431, 'expense', 24, '11 aded tyre  per tyre 39250', 0, 0, 0, 0, 431750, 1, 217),
(432, 'payable', 24, '11 aded tyre  per tyre 39250', 1, 0, 0, 431750, 0, 0, 217),
(433, 'expense', 24, '11 aded tyre  per tyre 39250', 0, 0, 0, 0, 431750, 1, 218),
(434, 'payable', 24, '11 aded tyre  per tyre 39250', 1, 0, 0, 431750, 0, 0, 218),
(435, '', 0, '', 0, 0, 0, 0, 0, 1, 219),
(436, '', 0, '', 0, 0, 0, 0, 0, 1, 219),
(437, 'expense', 18, '', 0, 0, 0, 0, 9680, 1, 220),
(438, 'payable', 3, '', 1, 0, 0, 9680, 0, 0, 220),
(439, 'expense', 22, '', 0, 0, 0, 0, 1000, 1, 221),
(440, 'payable', 3, '', 1, 0, 0, 1000, 0, 0, 221),
(441, 'expense', 23, '', 0, 0, 0, 0, 500, 1, 222),
(442, 'payable', 3, '', 1, 0, 0, 500, 0, 0, 222),
(443, 'expense', 0, 'depo exp', 0, 0, 0, 0, 1300, 1, 223),
(444, 'payable', 3, 'depo exp', 1, 0, 0, 1300, 0, 0, 223),
(445, 'expense', 0, 'oil change saban soutar', 0, 0, 0, 0, 400, 1, 224),
(446, 'payable', 3, 'oil change saban soutar', 1, 0, 0, 400, 0, 0, 224),
(447, 'expense', 19, '', 0, 0, 0, 0, 6000, 1, 225),
(448, 'payable', 3, '', 1, 0, 0, 6000, 0, 0, 225),
(449, 'expense', 0, 'fillter + show polish', 0, 0, 0, 0, 1600, 1, 226),
(450, 'payable', 3, 'fillter + show polish', 1, 0, 0, 1600, 0, 0, 226),
(451, 'expense', 0, 'pincture 3 add', 0, 0, 0, 0, 600, 1, 227),
(452, 'payable', 3, 'pincture 3 add', 1, 0, 0, 600, 0, 0, 227),
(453, 'expense', 17, '14 ltr mobil oil', 0, 0, 0, 0, 5040, 1, 228),
(454, 'payable', 3, '14 ltr mobil oil', 1, 0, 0, 5040, 0, 0, 228),
(455, 'expense', 1, 'hsd 831 ltr', 0, 0, 0, 0, 71965, 1, 229),
(456, 'payable', 3, 'hsd 831 ltr', 2, 0, 0, 71965, 0, 0, 229),
(457, 'expense', 18, '', 0, 0, 0, 0, 9680, 1, 230),
(458, 'payable', 3, '', 1, 0, 0, 9680, 0, 0, 230),
(459, 'expense', 22, '', 0, 0, 0, 0, 1000, 1, 231),
(460, 'payable', 3, '', 1, 0, 0, 1000, 0, 0, 231),
(461, 'expense', 23, '', 0, 0, 0, 0, 500, 1, 232),
(462, 'payable', 3, '', 1, 0, 0, 500, 0, 0, 232),
(463, 'expense', 0, 'depo exp', 0, 0, 0, 0, 1300, 1, 233),
(464, 'payable', 3, 'depo exp', 1, 0, 0, 1300, 0, 0, 233),
(465, 'expense', 0, 'oil change saban soutar', 0, 0, 0, 0, 400, 1, 234),
(466, 'payable', 3, 'oil change saban soutar', 1, 0, 0, 400, 0, 0, 234),
(467, 'expense', 20, '', 0, 0, 0, 0, 1350, 1, 235),
(468, 'payable', 3, '', 1, 0, 0, 1350, 0, 0, 235),
(469, 'expense', 0, 'bill tire 2 add', 0, 0, 0, 0, 450, 1, 236),
(470, 'payable', 3, 'bill tire 2 add', 1, 0, 0, 450, 0, 0, 236),
(471, 'expense', 0, 'bill ready airter set', 0, 0, 0, 0, 1200, 1, 237),
(472, 'payable', 3, 'bill ready airter set', 1, 0, 0, 1200, 0, 0, 237),
(473, 'expense', 19, '', 0, 0, 0, 0, 5000, 1, 238),
(474, 'payable', 3, '', 1, 0, 0, 5000, 0, 0, 238),
(475, 'expense', 17, '14 ltr mobil oil', 0, 0, 0, 0, 5020, 1, 239),
(476, 'payable', 3, '14 ltr mobil oil', 1, 0, 0, 5020, 0, 0, 239),
(477, 'expense', 1, 'hsd 729 ltr', 0, 0, 0, 0, 63131, 1, 240),
(478, 'payable', 3, 'hsd 729 ltr', 2, 0, 0, 63131, 0, 0, 240);

-- --------------------------------------------------------

--
-- Table structure for table `voucher_journal`
--

CREATE TABLE IF NOT EXISTS `voucher_journal` (
  `id` int(11) NOT NULL AUTO_INCREMENT,
  `voucher_date` date NOT NULL,
  `detail` text NOT NULL,
  `person_tid` varchar(100) NOT NULL,
  `trip_id` int(11) NOT NULL,
  `tanker_id` int(11) NOT NULL,
  `driver_id` int(11) NOT NULL,
  `other_tid` int(11) NOT NULL,
  `entryDate` timestamp NOT NULL DEFAULT CURRENT_TIMESTAMP,
  `active` tinyint(4) NOT NULL DEFAULT '1',
  PRIMARY KEY (`id`)
) ENGINE=InnoDB  DEFAULT CHARSET=latin1 AUTO_INCREMENT=241 ;

--
-- Dumping data for table `voucher_journal`
--

INSERT INTO `voucher_journal` (`id`, `voucher_date`, `detail`, `person_tid`, `trip_id`, `tanker_id`, `driver_id`, `other_tid`, `entryDate`, `active`) VALUES
(1, '2015-01-13', 'System Generated Voucher', 'customers.1', 210, 7, 0, 0, '2015-01-13 07:11:16', 1),
(2, '2015-01-10', 'System Generated Voucher', 'customers.1', 210, 7, 0, 0, '2015-01-13 07:23:51', 1),
(3, '2015-01-10', 'System Generated Voucher', 'customers.1', 210, 7, 0, 0, '2015-01-13 07:25:39', 1),
(4, '2015-01-10', 'System Generated Voucher', 'customers.1', 210, 7, 0, 0, '2015-01-13 07:29:58', 1),
(5, '2015-01-10', 'System Generated Voucher', 'customers.1', 210, 7, 0, 0, '2015-01-13 07:31:48', 1),
(6, '2015-01-10', 'System Generated Voucher', 'customers.1', 210, 7, 0, 0, '2015-01-13 07:33:39', 1),
(7, '2015-01-10', 'System Generated Voucher', 'customers.1', 210, 7, 0, 0, '2015-01-13 07:35:41', 1),
(8, '2015-01-10', 'System Generated Voucher', 'customers.1', 210, 7, 0, 0, '2015-01-13 07:37:58', 1),
(9, '2015-01-10', 'System Generated Voucher', 'customers.1', 210, 7, 0, 0, '2015-01-13 07:40:40', 1),
(10, '2015-01-10', 'System Generated Voucher', 'customers.1', 210, 7, 0, 0, '2015-01-13 07:42:29', 1),
(11, '2015-01-10', 'System Generated Voucher', 'customers.1', 210, 7, 0, 0, '2015-01-13 07:44:45', 1),
(12, '2015-01-10', 'System Generated Voucher', 'customers.1', 209, 12, 0, 0, '2015-01-13 08:07:15', 1),
(13, '2015-01-10', 'System Generated Voucher', 'customers.1', 209, 12, 0, 0, '2015-01-13 08:09:00', 1),
(14, '2015-01-10', 'System Generated Voucher', 'customers.1', 209, 12, 0, 0, '2015-01-13 08:10:02', 1),
(15, '2015-01-10', 'System Generated Voucher', 'customers.1', 209, 12, 0, 0, '2015-01-13 08:11:59', 1),
(16, '2015-01-10', 'System Generated Voucher', 'customers.1', 209, 12, 0, 0, '2015-01-13 08:13:19', 1),
(17, '2015-01-10', 'System Generated Voucher', 'customers.1', 209, 12, 0, 0, '2015-01-13 08:14:53', 1),
(18, '2015-01-10', 'System Generated Voucher', 'customers.1', 209, 12, 0, 0, '2015-01-13 08:15:53', 1),
(19, '2015-01-10', 'System Generated Voucher', 'customers.1', 209, 12, 0, 0, '2015-01-13 08:17:23', 1),
(20, '2015-01-10', 'System Generated Voucher', 'customers.1', 209, 12, 0, 0, '2015-01-13 08:19:52', 1),
(21, '2015-01-10', 'System Generated Voucher', 'customers.1', 209, 12, 0, 0, '2015-01-13 08:21:34', 1),
(22, '2015-01-10', 'System Generated Voucher', 'customers.1', 206, 9, 0, 0, '2015-01-13 10:39:07', 1),
(23, '2015-01-10', 'System Generated Voucher', 'customers.1', 206, 9, 0, 0, '2015-01-13 10:41:08', 1),
(24, '2015-01-10', 'System Generated Voucher', 'customers.1', 206, 9, 0, 0, '2015-01-13 10:42:05', 1),
(25, '2015-01-10', 'System Generated Voucher', 'customers.1', 206, 9, 0, 0, '2015-01-13 10:43:37', 1),
(26, '2015-01-10', 'System Generated Voucher', 'customers.1', 206, 9, 0, 0, '2015-01-13 10:44:44', 1),
(27, '2015-01-10', 'System Generated Voucher', 'customers.1', 206, 9, 0, 0, '2015-01-13 10:45:36', 1),
(28, '2015-01-10', 'System Generated Voucher', 'customers.1', 206, 9, 0, 0, '2015-01-13 10:46:54', 1),
(29, '2015-01-10', 'System Generated Voucher', 'customers.1', 206, 9, 0, 0, '2015-01-13 10:48:39', 1),
(30, '2015-01-10', 'System Generated Voucher', 'customers.1', 206, 9, 0, 0, '2015-01-13 10:50:05', 1),
(31, '2015-01-10', 'System Generated Voucher', 'customers.1', 206, 9, 0, 0, '2015-01-13 10:51:36', 1),
(32, '2015-01-10', 'System Generated Voucher', 'customers.1', 206, 9, 0, 0, '2015-01-13 10:53:10', 1),
(33, '2015-01-10', 'System Generated Voucher', 'customers.1', 206, 9, 0, 0, '2015-01-13 10:54:40', 1),
(34, '2015-01-10', 'System Generated Voucher', 'customers.1', 218, 3, 0, 0, '2015-01-15 07:19:17', 1),
(35, '2015-01-10', 'System Generated Voucher', 'customers.1', 218, 3, 0, 0, '2015-01-15 07:33:18', 1),
(36, '2015-01-10', 'System Generated Voucher', 'customers.1', 218, 3, 0, 0, '2015-01-15 07:34:04', 1),
(37, '2015-01-10', 'System Generated Voucher', 'customers.1', 218, 3, 0, 0, '2015-01-15 07:35:34', 1),
(38, '2015-01-10', 'System Generated Voucher', 'customers.1', 218, 3, 0, 0, '2015-01-15 07:37:12', 1),
(39, '2015-01-10', 'System Generated Voucher', 'customers.1', 218, 3, 0, 0, '2015-01-15 07:38:01', 1),
(40, '2015-01-10', 'System Generated Voucher', 'customers.1', 218, 3, 0, 0, '2015-01-15 07:38:52', 1),
(41, '2015-01-10', 'System Generated Voucher', 'customers.1', 218, 3, 0, 0, '2015-01-15 07:40:24', 1),
(42, '2015-01-10', 'System Generated Voucher', 'customers.1', 218, 3, 0, 0, '2015-01-15 07:41:19', 1),
(43, '2015-01-10', 'System Generated Voucher', 'customers.1', 218, 3, 0, 0, '2015-01-15 07:42:28', 1),
(44, '2015-01-10', 'System Generated Voucher', 'customers.1', 218, 3, 0, 0, '2015-01-15 07:43:36', 1),
(45, '2015-01-10', 'System Generated Voucher', 'customers.1', 218, 3, 0, 0, '2015-01-15 07:44:57', 1),
(46, '2015-01-10', 'System Generated Voucher', 'customers.1', 218, 3, 0, 0, '2015-01-15 07:46:52', 1),
(47, '2015-01-10', 'System Generated Voucher', 'customers.1', 218, 3, 0, 0, '2015-01-15 07:48:11', 1),
(48, '2015-01-10', 'System Generated Voucher', 'customers.1', 223, 2, 0, 0, '2015-01-15 07:49:38', 1),
(49, '2015-01-10', 'System Generated Voucher', 'customers.1', 223, 2, 0, 0, '2015-01-15 07:50:23', 1),
(50, '2015-01-10', 'System Generated Voucher', 'customers.1', 223, 2, 0, 0, '2015-01-15 07:51:18', 1),
(51, '2015-01-10', 'System Generated Voucher', 'customers.1', 223, 2, 0, 0, '2015-01-15 07:52:28', 1),
(52, '2015-01-10', 'System Generated Voucher', 'customers.1', 223, 2, 0, 0, '2015-01-15 07:53:12', 1),
(53, '2015-01-10', 'System Generated Voucher', 'customers.1', 223, 2, 0, 0, '2015-01-15 07:54:06', 1),
(54, '2015-01-10', 'System Generated Voucher', 'customers.1', 223, 2, 0, 0, '2015-01-15 07:57:27', 1),
(55, '2015-01-10', 'System Generated Voucher', 'customers.1', 223, 2, 0, 0, '2015-01-15 07:58:54', 1),
(56, '2015-01-10', 'System Generated Voucher', 'customers.1', 223, 2, 0, 0, '2015-01-15 08:00:12', 1),
(57, '2015-01-10', 'System Generated Voucher', 'customers.1', 223, 2, 0, 0, '2015-01-15 08:01:40', 1),
(58, '2015-01-12', 'System Generated Voucher', 'customers.1', 222, 1, 0, 0, '2015-01-15 08:03:27', 1),
(59, '2015-01-12', 'System Generated Voucher', 'customers.1', 222, 1, 0, 0, '2015-01-15 08:04:09', 1),
(60, '2015-01-12', 'System Generated Voucher', 'customers.1', 222, 1, 0, 0, '2015-01-15 08:04:46', 1),
(61, '2015-01-12', 'System Generated Voucher', 'customers.1', 222, 1, 0, 0, '2015-01-15 08:06:15', 1),
(62, '2015-01-12', 'System Generated Voucher', 'customers.1', 222, 1, 0, 0, '2015-01-15 08:07:24', 1),
(63, '2015-01-12', 'System Generated Voucher', 'customers.1', 222, 1, 0, 0, '2015-01-15 08:08:08', 1),
(64, '2015-01-12', 'System Generated Voucher', 'customers.1', 222, 1, 0, 0, '2015-01-15 08:10:06', 1),
(65, '2015-01-12', 'System Generated Voucher', 'customers.1', 222, 1, 0, 0, '2015-01-15 08:11:16', 1),
(66, '2015-01-12', 'System Generated Voucher', 'customers.1', 222, 1, 0, 0, '2015-01-15 08:12:33', 1),
(67, '2015-01-12', 'System Generated Voucher', 'customers.1', 222, 1, 0, 0, '2015-01-15 08:13:58', 1),
(68, '2015-01-12', 'System Generated Voucher', 'customers.1', 222, 1, 0, 0, '2015-01-15 08:15:37', 1),
(69, '2014-12-11', 'System Generated Voucher', 'customers.1', 0, 2, 0, 0, '2015-01-17 06:40:28', 1),
(70, '2014-12-02', 'System Generated Voucher', 'customers.1', 0, 3, 0, 0, '2015-01-17 06:40:28', 1),
(71, '2014-12-02', 'System Generated Voucher', 'customers.1', 0, 1, 0, 0, '2015-01-17 06:40:28', 1),
(72, '2014-12-02', 'System Generated Voucher', 'customers.1', 0, 2, 0, 0, '2015-01-17 06:40:28', 1),
(73, '2014-12-08', 'System Generated Voucher', 'customers.1', 0, 9, 0, 0, '2015-01-17 06:40:28', 1),
(74, '2014-12-08', 'System Generated Voucher', 'customers.1', 0, 12, 0, 0, '2015-01-17 06:40:28', 1),
(75, '2014-12-08', 'System Generated Voucher', 'customers.1', 0, 7, 0, 0, '2015-01-17 06:40:28', 1),
(76, '2014-12-19', 'System Generated Voucher', 'customers.1', 0, 3, 0, 0, '2015-01-17 06:40:28', 1),
(77, '2014-12-23', 'System Generated Voucher', 'customers.1', 0, 57, 0, 0, '2015-01-17 06:40:28', 1),
(78, '2014-12-23', 'System Generated Voucher', 'customers.1', 0, 57, 0, 0, '2015-01-17 06:40:28', 1),
(79, '2014-12-23', 'System Generated Voucher', 'customers.1', 0, 58, 0, 0, '2015-01-17 06:40:28', 1),
(80, '2014-12-23', 'System Generated Voucher', 'customers.1', 0, 58, 0, 0, '2015-01-17 06:40:28', 1),
(81, '2014-12-23', 'System Generated Voucher', 'customers.1', 0, 63, 0, 0, '2015-01-17 06:40:28', 1),
(82, '2014-12-23', 'System Generated Voucher', 'customers.1', 0, 63, 0, 0, '2015-01-17 06:40:28', 1),
(83, '2014-12-23', 'System Generated Voucher', 'customers.1', 0, 64, 0, 0, '2015-01-17 06:40:28', 1),
(84, '2014-12-23', 'System Generated Voucher', 'customers.1', 0, 64, 0, 0, '2015-01-17 06:40:28', 1),
(85, '2014-12-23', 'System Generated Voucher', 'customers.1', 0, 65, 0, 0, '2015-01-17 06:40:28', 1),
(86, '2014-12-23', 'System Generated Voucher', 'customers.1', 0, 65, 0, 0, '2015-01-17 06:40:28', 1),
(87, '2014-12-23', 'System Generated Voucher', 'customers.1', 0, 66, 0, 0, '2015-01-17 06:40:28', 1),
(88, '2014-12-23', 'System Generated Voucher', 'customers.1', 0, 66, 0, 0, '2015-01-17 06:40:28', 1),
(89, '0014-02-12', 'System Generated Voucher', 'customers.1', 0, 61, 0, 0, '2015-01-17 06:40:28', 1),
(90, '2014-12-23', 'System Generated Voucher', 'customers.1', 0, 61, 0, 0, '2015-01-17 06:40:28', 1),
(91, '2014-12-23', 'System Generated Voucher', 'customers.1', 0, 62, 0, 0, '2015-01-17 06:40:28', 1),
(92, '2014-12-22', 'System Generated Voucher', 'customers.1', 0, 59, 0, 0, '2015-01-17 06:40:28', 1),
(93, '2014-12-23', 'System Generated Voucher', 'customers.19', 0, 60, 0, 0, '2015-01-17 06:40:28', 1),
(94, '2014-12-27', 'System Generated Voucher', 'customers.1', 0, 57, 0, 0, '2015-01-17 06:40:28', 1),
(95, '2014-12-27', 'System Generated Voucher', 'customers.1', 0, 58, 0, 0, '2015-01-17 06:40:28', 1),
(96, '2014-12-27', 'System Generated Voucher', 'customers.1', 0, 63, 0, 0, '2015-01-17 06:40:28', 1),
(97, '2014-12-27', 'System Generated Voucher', 'customers.1', 0, 64, 0, 0, '2015-01-17 06:40:28', 1),
(98, '2014-12-27', 'System Generated Voucher', 'customers.1', 0, 65, 0, 0, '2015-01-17 06:40:28', 1),
(99, '2014-12-27', 'System Generated Voucher', 'customers.1', 0, 66, 0, 0, '2015-01-17 06:40:28', 1),
(100, '2014-12-28', 'System Generated Voucher', 'customers.1', 0, 1, 0, 0, '2015-01-17 06:40:28', 1),
(101, '2015-01-08', 'System Generated Voucher', 'customers.1', 0, 77, 0, 0, '2015-01-17 06:40:28', 1),
(102, '2015-01-08', 'System Generated Voucher', 'customers.1', 0, 76, 0, 0, '2015-01-17 06:40:28', 1),
(103, '2015-01-08', 'System Generated Voucher', 'customers.1', 0, 75, 0, 0, '2015-01-17 06:40:28', 1),
(104, '2015-01-08', 'System Generated Voucher', 'customers.1', 0, 74, 0, 0, '2015-01-17 06:40:28', 1),
(105, '2015-01-08', 'System Generated Voucher', 'customers.1', 0, 73, 0, 0, '2015-01-17 06:40:28', 1),
(106, '2015-01-08', 'System Generated Voucher', 'customers.1', 0, 58, 0, 0, '2015-01-17 06:40:28', 1),
(107, '2015-01-08', 'System Generated Voucher', 'customers.1', 0, 57, 0, 0, '2015-01-17 06:40:28', 1),
(108, '2015-01-08', 'System Generated Voucher', 'customers.1', 0, 59, 0, 0, '2015-01-17 06:40:28', 1),
(109, '2015-01-08', 'System Generated Voucher', 'customers.19', 0, 60, 0, 0, '2015-01-17 06:40:28', 1),
(110, '2015-01-08', 'System Generated Voucher', 'customers.1', 0, 61, 0, 0, '2015-01-17 06:40:28', 1),
(111, '2015-01-08', 'System Generated Voucher', 'customers.1', 0, 62, 0, 0, '2015-01-17 06:40:28', 1),
(112, '2015-01-08', 'System Generated Voucher', 'customers.1', 0, 63, 0, 0, '2015-01-17 06:40:28', 1),
(113, '2015-01-08', 'System Generated Voucher', 'customers.1', 0, 64, 0, 0, '2015-01-17 06:40:28', 1),
(114, '2015-01-08', 'System Generated Voucher', 'customers.1', 0, 65, 0, 0, '2015-01-17 06:40:28', 1),
(115, '2015-01-08', 'System Generated Voucher', 'customers.1', 0, 66, 0, 0, '2015-01-17 06:40:28', 1),
(116, '2015-01-08', 'System Generated Voucher', 'customers.1', 0, 1, 0, 0, '2015-01-17 06:40:28', 1),
(117, '2015-01-08', 'System Generated Voucher', 'customers.1', 0, 2, 0, 0, '2015-01-17 06:40:28', 1),
(118, '2015-01-08', 'System Generated Voucher', 'customers.1', 0, 7, 0, 0, '2015-01-17 06:40:28', 1),
(119, '2015-01-08', 'System Generated Voucher', 'customers.1', 0, 9, 0, 0, '2015-01-17 06:40:28', 1),
(120, '2015-01-08', 'System Generated Voucher', 'customers.1', 0, 12, 0, 0, '2015-01-17 06:40:28', 1),
(121, '2015-01-17', '', 'customers.1', 252, 1, 0, 0, '2015-01-20 11:27:52', 1),
(122, '2015-01-17', '', 'customers.1', 252, 1, 0, 0, '2015-01-20 11:28:39', 1),
(123, '2015-01-17', '', 'customers.1', 252, 1, 0, 0, '2015-01-20 11:29:21', 1),
(124, '2015-01-17', 'Depo exp', 'customers.1', 252, 1, 0, 0, '2015-01-20 11:30:35', 1),
(125, '2015-01-17', 'oil change saban soutar', 'customers.1', 252, 1, 0, 0, '2015-01-20 11:32:07', 1),
(126, '2015-01-17', '', 'customers.1', 252, 1, 0, 0, '2015-01-20 11:33:01', 1),
(127, '2015-01-17', '', 'customers.1', 252, 1, 0, 0, '2015-01-20 11:33:47', 1),
(128, '2015-01-17', 'tokon lagway', 'customers.1', 252, 1, 0, 0, '2015-01-20 11:35:15', 1),
(129, '2015-01-17', '14 ltr mobil oil', 'customers.1', 252, 1, 0, 0, '2015-01-20 11:36:42', 1),
(130, '2015-01-17', 'hsd 792 ltr ', 'customers.1', 252, 1, 0, 0, '2015-01-20 11:38:37', 1),
(131, '2015-01-17', '', 'customers.1', 251, 2, 0, 0, '2015-01-20 11:40:23', 1),
(132, '2015-01-17', '', 'customers.1', 251, 2, 0, 0, '2015-01-20 11:41:13', 1),
(133, '2015-01-17', '', 'customers.1', 251, 2, 0, 0, '2015-01-20 11:41:56', 1),
(134, '2015-01-17', 'depo exp', 'customers.1', 251, 2, 0, 0, '2015-01-20 11:42:57', 1),
(135, '2015-01-17', 'oil change saban soutar', 'customers.1', 251, 2, 0, 0, '2015-01-20 11:44:00', 1),
(136, '2015-01-17', 'rim change', 'customers.1', 251, 2, 0, 0, '2015-01-20 11:45:12', 1),
(137, '2015-01-17', '', 'customers.1', 251, 2, 0, 0, '2015-01-20 11:47:42', 1),
(138, '2015-01-17', 'tube +pincture', 'customers.1', 251, 2, 0, 0, '2015-01-20 11:50:48', 1),
(139, '2015-01-17', '', 'customers.1', 251, 2, 0, 0, '2015-01-20 11:51:48', 1),
(140, '2015-01-17', '14 ltr mobil oil', 'customers.1', 251, 2, 0, 0, '2015-01-20 11:52:49', 1),
(141, '2015-01-17', 'hsd 790 ltr', 'customers.1', 251, 2, 0, 0, '2015-01-20 11:54:13', 1),
(142, '2015-01-17', '', 'customers.1', 249, 3, 0, 0, '2015-01-20 11:55:50', 1),
(143, '2015-01-17', '', 'customers.1', 249, 3, 0, 0, '2015-01-20 11:56:35', 1),
(144, '2015-01-17', '', 'customers.1', 249, 3, 0, 0, '2015-01-20 11:57:09', 1),
(145, '2015-01-17', 'depo exp', 'customers.1', 249, 3, 0, 0, '2015-01-20 11:58:08', 1),
(146, '2015-01-17', 'oil change saban soutar', 'customers.1', 249, 3, 0, 0, '2015-01-20 11:59:05', 1),
(147, '2015-01-17', '', 'customers.', 249, 0, 0, 0, '2015-01-20 11:59:46', 1),
(148, '2015-01-17', 'electriation bill', 'customers.1', 249, 3, 0, 0, '2015-01-20 12:01:06', 1),
(149, '2015-01-17', 'rim change 2 add', 'customers.1', 249, 3, 0, 0, '2015-01-20 12:02:13', 1),
(150, '2015-01-17', 'pincture 2 add', 'customers.1', 249, 3, 0, 0, '2015-01-20 12:03:47', 1),
(151, '2015-01-17', '14 ltr mobil oil', 'customers.1', 249, 3, 0, 0, '2015-01-20 12:04:51', 1),
(152, '2015-01-17', 'hsd 820 ltr', 'customers.1', 249, 3, 0, 0, '2015-01-20 12:06:13', 1),
(153, '2015-01-17', '', 'customers.1', 250, 4, 0, 0, '2015-01-20 12:08:16', 1),
(154, '2015-01-17', 'depo exp', 'customers.1', 250, 4, 0, 0, '2015-01-20 12:09:07', 1),
(155, '2015-01-17', '', 'customers.1', 250, 4, 0, 0, '2015-01-20 12:10:09', 1),
(156, '2015-01-17', '', 'customers.1', 250, 4, 0, 0, '2015-01-20 12:10:59', 1),
(157, '2015-01-17', 'oil change saban soutar', 'customers.1', 250, 4, 0, 0, '2015-01-20 12:12:22', 1),
(158, '2015-01-17', '', 'customers.1', 250, 4, 0, 0, '2015-01-20 12:13:16', 1),
(159, '2015-01-17', 'hsd 130 ltr sakhar', 'customers.1', 250, 4, 0, 0, '2015-01-20 12:15:26', 1),
(160, '2015-01-17', 'hsd 264 ltr kothour', 'customers.1', 250, 4, 0, 0, '2015-01-20 12:17:32', 1),
(161, '2015-01-17', 'fillter + air calendar jali', 'customers.1', 250, 4, 0, 0, '2015-01-20 12:19:36', 1),
(162, '2015-01-17', 'mait', 'customers.1', 250, 4, 0, 0, '2015-01-20 12:23:53', 1),
(163, '2015-01-17', 'electriation bill', 'customers.1', 250, 4, 0, 0, '2015-01-20 12:24:59', 1),
(164, '2015-01-17', 'pso depo exp', 'customers.1', 250, 4, 0, 0, '2015-01-20 12:28:26', 1),
(165, '2015-01-17', 'dhkan jain 3 add', 'customers.1', 250, 4, 0, 0, '2015-01-20 12:58:09', 1),
(166, '2015-01-17', '14 ltr mobil oil', 'customers.1', 250, 4, 0, 0, '2015-01-20 12:59:18', 1),
(167, '2015-01-17', 'hsd 279 ltr', 'customers.1', 250, 4, 0, 0, '2015-01-20 13:00:39', 1),
(168, '2015-01-15', '', 'customers.1', 235, 7, 0, 0, '2015-01-20 13:02:18', 1),
(169, '2015-01-15', '', 'customers.', 235, 7, 0, 0, '2015-01-20 13:03:08', 1),
(170, '2015-01-15', '', 'customers.', 235, 7, 0, 0, '2015-01-20 13:03:43', 1),
(171, '2015-01-15', 'depo exp', 'customers.1', 235, 7, 0, 0, '2015-01-20 13:04:46', 1),
(172, '2015-01-15', 'oil change saban soutar', 'customers.1', 235, 7, 0, 0, '2015-01-20 13:05:52', 1),
(173, '2015-01-15', '', 'customers.1', 235, 7, 0, 0, '2015-01-20 13:06:37', 1),
(174, '2015-01-15', 'tire banwai', 'customers.1', 235, 7, 0, 0, '2015-01-20 13:07:53', 1),
(175, '2015-01-15', 'pincture + gets', 'customers.1', 235, 7, 0, 0, '2015-01-20 13:09:56', 1),
(176, '2015-01-15', 'wheel kablay + mazdori', 'customers.1', 235, 7, 0, 0, '2015-01-20 13:11:32', 1),
(177, '2015-01-15', '14 ltr mobil oil', 'customers.1', 235, 7, 0, 0, '2015-01-20 13:12:35', 1),
(178, '2015-01-15', 'hsd 800 ltr', 'customers.1', 235, 7, 0, 0, '2015-01-20 13:13:48', 1),
(179, '2015-01-15', '', 'customers.1', 237, 9, 0, 0, '2015-01-20 13:15:07', 1),
(180, '2015-01-15', '', 'customers.1', 237, 9, 0, 0, '2015-01-20 13:15:47', 1),
(181, '2015-01-15', '', 'customers.1', 237, 9, 0, 0, '2015-01-20 13:16:21', 1),
(182, '2015-01-15', 'depo exp', 'customers.1', 237, 9, 0, 0, '2015-01-20 13:17:13', 1),
(183, '2015-01-15', 'depo exp', 'customers.1', 237, 9, 0, 0, '2015-01-20 13:17:40', 1),
(184, '2015-01-15', 'oil change saban soutar', 'customers.1', 237, 9, 0, 0, '2015-01-20 13:18:32', 1),
(185, '2015-01-15', 'oil fillter', 'customers.1', 237, 9, 0, 0, '2015-01-20 13:19:40', 1),
(186, '2015-01-15', '', 'customers.1', 237, 9, 0, 0, '2015-01-20 13:20:27', 1),
(187, '2015-01-15', 'pincture', 'customers.1', 237, 9, 0, 0, '2015-01-20 13:21:19', 1),
(188, '2015-01-15', '14 ltr mobil oil', 'customers.1', 237, 9, 0, 0, '2015-01-20 13:22:30', 1),
(189, '2015-01-15', 'hsd 840 ltr', 'customers.1', 237, 9, 0, 0, '2015-01-20 13:23:46', 1),
(190, '2015-01-15', '', 'customers.', 236, 12, 0, 0, '2015-01-20 13:25:18', 1),
(191, '2015-01-15', '', 'customers.1', 236, 12, 0, 0, '2015-01-20 13:25:55', 1),
(192, '2015-01-15', '', 'customers.1', 236, 12, 0, 0, '2015-01-20 13:26:31', 1),
(193, '2015-01-15', 'depo exp', 'customers.1', 236, 12, 0, 0, '2015-01-20 13:27:22', 1),
(194, '2015-01-15', 'bill air calendar jali', 'customers.1', 236, 12, 0, 0, '2015-01-20 13:28:38', 1),
(195, '2015-01-15', 'rent dip chart sadaq abad to karachi', 'customers.1', 236, 12, 0, 0, '2015-01-20 13:30:52', 1),
(196, '2015-01-15', '', 'customers.', 236, 12, 0, 0, '2015-01-20 13:31:35', 1),
(197, '2015-01-15', 'oil change saban soutar', 'customers.1', 236, 12, 0, 0, '2015-01-20 13:32:27', 1),
(198, '2015-01-15', '14 ltr mobil oil', 'customers.1', 236, 12, 0, 0, '2015-01-20 13:33:37', 1),
(199, '2015-01-15', 'hsd 730 ltr', 'customers.1', 236, 12, 0, 0, '2015-01-20 13:34:45', 1),
(200, '2015-01-17', '', 'customers.', 249, 3, 0, 0, '2015-01-20 13:57:50', 1),
(201, '2015-01-15', '', 'customers.1', 236, 12, 0, 0, '2015-01-20 13:59:52', 1),
(202, '2015-01-15', '', 'customers.1', 236, 12, 0, 0, '2015-01-20 14:01:03', 1),
(203, '2015-01-15', '', 'customers.', 237, 9, 0, 0, '2015-01-20 14:03:06', 1),
(204, '2015-01-15', '', 'customers.', 237, 9, 0, 0, '2015-01-20 14:04:17', 1),
(205, '2015-01-15', '', 'customers.1', 235, 7, 0, 0, '2015-01-20 14:11:09', 1),
(206, '2015-01-15', '', 'customers.1', 235, 7, 0, 0, '2015-01-20 14:11:58', 1),
(207, '2015-01-17', 'pincture', 'customers.1', 250, 4, 0, 0, '2015-01-20 14:33:07', 1),
(208, '2015-01-17', '', 'customers.', 249, 3, 0, 0, '2015-01-20 14:34:42', 1),
(209, '2015-01-17', '', 'customers.1', 249, 3, 0, 0, '2015-01-20 14:41:36', 1),
(210, '2015-01-20', '', 'customers.1', 0, 95, 0, 0, '2015-01-20 15:42:18', 1),
(211, '2015-01-20', '', 'customers.1', 0, 96, 0, 0, '2015-01-20 15:50:36', 1),
(212, '2015-01-20', '', 'customers.1', 0, 97, 0, 0, '2015-01-20 15:51:55', 1),
(213, '2015-01-20', '', 'customers.1', 0, 98, 0, 0, '2015-01-20 15:53:03', 1),
(214, '2015-01-20', '', 'customers.1', 0, 95, 0, 0, '2015-01-20 15:57:29', 1),
(216, '2015-01-20', '', 'customers.1', 0, 96, 0, 0, '2015-01-20 15:58:52', 1),
(217, '2015-01-20', '', 'customers.1', 0, 97, 0, 0, '2015-01-20 16:00:00', 1),
(218, '2015-01-20', '', 'customers.1', 0, 98, 0, 0, '2015-01-20 16:00:56', 1),
(219, '2015-01-01', '', 'customers.1', 0, 0, 0, 0, '2015-01-22 19:25:32', 0),
(220, '2015-01-20', '', 'customers.1', 260, 7, 0, 0, '2015-01-23 05:44:48', 1),
(221, '2015-01-20', '', 'customers.1', 260, 7, 0, 0, '2015-01-23 05:51:33', 1),
(222, '2015-01-20', '', 'customers.1', 260, 7, 0, 0, '2015-01-23 05:52:21', 1),
(223, '2015-01-20', 'depo exp', 'customers.1', 260, 7, 0, 0, '2015-01-23 05:54:17', 1),
(224, '2015-01-20', 'oil change saban soutar', 'customers.1', 260, 7, 0, 0, '2015-01-23 05:56:00', 1),
(225, '2015-01-20', '', 'customers.1', 260, 7, 0, 0, '2015-01-23 05:57:51', 1),
(226, '2015-01-20', 'fillter + show polish', 'customers.1', 260, 7, 0, 0, '2015-01-23 06:00:45', 1),
(227, '2015-01-20', 'pincture 3 add', 'customers.1', 260, 7, 0, 0, '2015-01-23 06:02:22', 1),
(228, '2015-01-20', '14 ltr mobil oil', 'customers.1', 260, 7, 0, 0, '2015-01-23 06:03:54', 1),
(229, '2015-01-20', 'hsd 831 ltr', 'customers.1', 260, 7, 0, 0, '2015-01-23 06:05:53', 1),
(230, '2015-01-20', '', 'customers.1', 261, 12, 0, 0, '2015-01-23 06:07:30', 1),
(231, '2015-01-20', '', 'customers.1', 261, 12, 0, 0, '2015-01-23 06:08:35', 1),
(232, '2015-01-20', '', 'customers.1', 261, 12, 0, 0, '2015-01-23 06:09:17', 1),
(233, '2015-01-20', 'depo exp', 'customers.1', 261, 12, 0, 0, '2015-01-23 06:10:35', 1),
(234, '2015-01-20', 'saban soutar mastri', 'customers.1', 261, 12, 0, 0, '2015-01-23 06:11:52', 1),
(235, '2015-01-20', '', 'customers.1', 261, 12, 0, 0, '2015-01-23 06:12:59', 1),
(236, '2015-01-20', 'bill tire 2 add', 'customers.1', 261, 12, 0, 0, '2015-01-23 06:14:31', 1),
(237, '2015-01-20', 'bill ready airter set', 'customers.1', 261, 12, 0, 0, '2015-01-23 06:16:09', 1),
(238, '2015-01-20', '', 'customers.1', 261, 12, 0, 0, '2015-01-23 06:16:58', 1),
(239, '2015-01-20', '14 ltr mobil oil', 'customers.1', 261, 12, 0, 0, '2015-01-23 06:18:23', 1),
(240, '2015-01-20', 'hsd 729 ltr', 'customers.1', 261, 12, 0, 0, '2015-01-23 06:20:20', 1);

/*!40101 SET CHARACTER_SET_CLIENT=@OLD_CHARACTER_SET_CLIENT */;
/*!40101 SET CHARACTER_SET_RESULTS=@OLD_CHARACTER_SET_RESULTS */;
/*!40101 SET COLLATION_CONNECTION=@OLD_COLLATION_CONNECTION */;
