-- phpMyAdmin SQL Dump
-- version 4.0.4
-- http://www.phpmyadmin.net
--
-- Host: localhost
-- Generation Time: Feb 12, 2015 at 08:04 AM
-- Server version: 5.6.12-log
-- PHP Version: 5.4.16

SET SQL_MODE = "NO_AUTO_VALUE_ON_ZERO";
SET time_zone = "+00:00";


/*!40101 SET @OLD_CHARACTER_SET_CLIENT=@@CHARACTER_SET_CLIENT */;
/*!40101 SET @OLD_CHARACTER_SET_RESULTS=@@CHARACTER_SET_RESULTS */;
/*!40101 SET @OLD_COLLATION_CONNECTION=@@COLLATION_CONNECTION */;
/*!40101 SET NAMES utf8 */;

--
-- Database: `zeeshan_db`
--
CREATE DATABASE IF NOT EXISTS `zeeshan_db` DEFAULT CHARACTER SET latin1 COLLATE latin1_swedish_ci;
USE `zeeshan_db`;

-- --------------------------------------------------------

--
-- Table structure for table `accounting_year`
--

CREATE TABLE IF NOT EXISTS `accounting_year` (
  `id` int(11) NOT NULL AUTO_INCREMENT,
  `from` date NOT NULL,
  PRIMARY KEY (`id`)
) ENGINE=InnoDB  DEFAULT CHARSET=latin1 AUTO_INCREMENT=2 ;

--
-- Dumping data for table `accounting_year`
--

INSERT INTO `accounting_year` (`id`, `from`) VALUES
(1, '2015-07-01');

-- --------------------------------------------------------

--
-- Table structure for table `account_titles`
--

CREATE TABLE IF NOT EXISTS `account_titles` (
  `id` int(11) NOT NULL AUTO_INCREMENT,
  `title` varchar(200) NOT NULL,
  `type` varchar(100) NOT NULL,
  PRIMARY KEY (`id`)
) ENGINE=InnoDB  DEFAULT CHARSET=latin1 AUTO_INCREMENT=7 ;

--
-- Dumping data for table `account_titles`
--

INSERT INTO `account_titles` (`id`, `title`, `type`) VALUES
(1, 'Debit A/C', 'assets'),
(2, 'Credit A/C', 'liability'),
(3, 'Expense A/C', 'expense'),
(4, 'Income A/C', 'income'),
(6, 'Bank A/C', 'liability');

-- --------------------------------------------------------

--
-- Table structure for table `admin`
--

CREATE TABLE IF NOT EXISTS `admin` (
  `id` tinyint(4) NOT NULL AUTO_INCREMENT,
  `username` varchar(15) NOT NULL,
  `password` varchar(20) NOT NULL,
  `name` varchar(100) NOT NULL,
  PRIMARY KEY (`id`)
) ENGINE=InnoDB  DEFAULT CHARSET=latin1 AUTO_INCREMENT=2 ;

--
-- Dumping data for table `admin`
--

INSERT INTO `admin` (`id`, `username`, `password`, `name`) VALUES
(1, 'virik', 'virik123', 'viriklogistics');

-- --------------------------------------------------------

--
-- Table structure for table `carriage_contractors`
--

CREATE TABLE IF NOT EXISTS `carriage_contractors` (
  `id` int(11) NOT NULL AUTO_INCREMENT,
  `name` varchar(100) DEFAULT NULL,
  `idCard` varchar(17) NOT NULL DEFAULT '0',
  `phone` varchar(15) NOT NULL DEFAULT '0',
  `email` varchar(100) NOT NULL DEFAULT '0',
  `address` varchar(200) NOT NULL DEFAULT '0',
  `image` text NOT NULL,
  `entryDate` datetime NOT NULL DEFAULT '0000-00-00 00:00:00',
  PRIMARY KEY (`id`)
) ENGINE=InnoDB  DEFAULT CHARSET=latin1 AUTO_INCREMENT=3 ;

--
-- Dumping data for table `carriage_contractors`
--

INSERT INTO `carriage_contractors` (`id`, `name`, `idCard`, `phone`, `email`, `address`, `image`, `entryDate`) VALUES
(1, 'Virk Logistics', '6789909876', 'VIRKOILCOMPANY@', 'VIRKOILCOMPANY@YAHOO.COM', 'SHEIKHUPURA', '0', '2014-12-02 15:35:40'),
(2, 'virk oil company', '093818273384901', '021-35875606', '', 'khrachi', '0', '2014-12-31 13:11:14');

-- --------------------------------------------------------

--
-- Table structure for table `cities`
--

CREATE TABLE IF NOT EXISTS `cities` (
  `id` int(11) NOT NULL AUTO_INCREMENT,
  `cityName` varchar(100) NOT NULL,
  PRIMARY KEY (`id`)
) ENGINE=InnoDB  DEFAULT CHARSET=latin1 AUTO_INCREMENT=23 ;

--
-- Dumping data for table `cities`
--

INSERT INTO `cities` (`id`, `cityName`) VALUES
(1, 'NRL'),
(2, 'MBT'),
(3, 'PMC'),
(4, 'CPI'),
(5, 'RBT'),
(6, 'MEHMODKOT'),
(7, 'TARUJABA'),
(8, 'al-abbas'),
(9, 'ATLAS POWER'),
(10, 'Shikarpur'),
(11, 'Khokher p/t wazirabad'),
(12, 'Jameel & Brotheers f/s wazirabad'),
(13, 'Bashir f/s Kasur'),
(14, 'A & B trucking nankana sahb'),
(15, 'A.B f/s kasur'),
(16, 'Dastagir gillani f/s okara'),
(17, 'Al-saeed f/s rinala khurd'),
(18, 'Doubble speed cng f/s patoki'),
(19, 'Majeed F/S sailkot'),
(20, 'Mughal p/t Daska'),
(21, 'Al - Yaqub f/s kasur'),
(22, 'Maqbool F/S Mouza Kasur');

-- --------------------------------------------------------

--
-- Table structure for table `companies`
--

CREATE TABLE IF NOT EXISTS `companies` (
  `id` int(11) NOT NULL AUTO_INCREMENT,
  `name` varchar(150) DEFAULT NULL,
  `phone` varchar(15) NOT NULL DEFAULT '0',
  `email` varchar(100) NOT NULL DEFAULT '0',
  `address` varchar(200) NOT NULL DEFAULT '0',
  `image` text NOT NULL,
  `entryDate` date NOT NULL DEFAULT '0000-00-00',
  PRIMARY KEY (`id`)
) ENGINE=InnoDB  DEFAULT CHARSET=latin1 AUTO_INCREMENT=5 ;

--
-- Dumping data for table `companies`
--

INSERT INTO `companies` (`id`, `name`, `phone`, `email`, `address`, `image`, `entryDate`) VALUES
(1, 'ATTOCK PETROLEUM LIMITED', '0515127250-54', '', 'MORGHA RAWALPINDI', '0', '2014-12-02'),
(2, 'al-haj enterprisers', '056-3540422', '', '', '0', '2014-12-31'),
(3, 'amir afser carriage', '', '', 'RAWALPINDI', '0', '2015-01-20'),
(4, 'Transport logistics enterprisere', '0300 6311248', '', 'MACHIKEY', '0', '2015-01-26');

-- --------------------------------------------------------

--
-- Table structure for table `company_accounts`
--

CREATE TABLE IF NOT EXISTS `company_accounts` (
  `id` int(11) NOT NULL AUTO_INCREMENT,
  `trip_detail_id` int(11) NOT NULL,
  `company_id` int(11) NOT NULL,
  `payment_date` date NOT NULL,
  `amount` double NOT NULL DEFAULT '0',
  `entryDate` datetime NOT NULL DEFAULT '0000-00-00 00:00:00',
  PRIMARY KEY (`id`)
) ENGINE=InnoDB DEFAULT CHARSET=latin1 AUTO_INCREMENT=1 ;

-- --------------------------------------------------------

--
-- Table structure for table `contractor_accounts`
--

CREATE TABLE IF NOT EXISTS `contractor_accounts` (
  `id` int(11) NOT NULL AUTO_INCREMENT,
  `trip_detail_id` int(11) NOT NULL,
  `contractor_id` int(11) NOT NULL,
  `payment_date` date NOT NULL DEFAULT '0000-00-00',
  `amount` double NOT NULL DEFAULT '0',
  `entryDate` datetime NOT NULL DEFAULT '0000-00-00 00:00:00',
  PRIMARY KEY (`id`)
) ENGINE=InnoDB DEFAULT CHARSET=latin1 AUTO_INCREMENT=1 ;

-- --------------------------------------------------------

--
-- Table structure for table `contractor_company_commissions`
--

CREATE TABLE IF NOT EXISTS `contractor_company_commissions` (
  `id` int(11) NOT NULL AUTO_INCREMENT,
  `contractor_id` int(11) NOT NULL,
  `company_id` int(11) NOT NULL,
  `commission_1` float NOT NULL,
  `commission_2` float NOT NULL,
  `commission_3` float NOT NULL,
  `wht` float NOT NULL DEFAULT '0',
  `entryDate` datetime NOT NULL,
  PRIMARY KEY (`id`)
) ENGINE=InnoDB  DEFAULT CHARSET=latin1 AUTO_INCREMENT=5 ;

--
-- Dumping data for table `contractor_company_commissions`
--

INSERT INTO `contractor_company_commissions` (`id`, `contractor_id`, `company_id`, `commission_1`, `commission_2`, `commission_3`, `wht`, `entryDate`) VALUES
(1, 1, 1, 6, 2, 0, 0, '2014-12-02 15:43:21'),
(2, 2, 2, 5.5, 0, 0, 0, '2014-12-31 13:19:48'),
(3, 2, 3, 4.5, 0, 0, 0, '2015-01-20 20:06:47'),
(4, 2, 4, 8, 0, 0, 0, '2015-01-26 13:25:31');

-- --------------------------------------------------------

--
-- Table structure for table `contractor_customer_commissions`
--

CREATE TABLE IF NOT EXISTS `contractor_customer_commissions` (
  `id` int(11) NOT NULL AUTO_INCREMENT,
  `contractor_id` int(11) NOT NULL,
  `customer_id` int(11) NOT NULL,
  `freight_commission` float NOT NULL,
  `commission_1` float NOT NULL,
  `commission_2` float NOT NULL,
  `entryDate` datetime NOT NULL,
  PRIMARY KEY (`id`)
) ENGINE=InnoDB  DEFAULT CHARSET=latin1 AUTO_INCREMENT=25 ;

--
-- Dumping data for table `contractor_customer_commissions`
--

INSERT INTO `contractor_customer_commissions` (`id`, `contractor_id`, `customer_id`, `freight_commission`, `commission_1`, `commission_2`, `entryDate`) VALUES
(1, 1, 1, 10, 0, 0, '2014-12-02 15:39:13'),
(2, 1, 2, 10, 0, 0, '2014-12-02 15:39:33'),
(3, 1, 9, 10, 0, 0, '2014-12-02 15:39:46'),
(4, 1, 8, 10, 0, 0, '2014-12-02 15:39:58'),
(5, 1, 7, 10, 0, 0, '2014-12-02 15:40:10'),
(6, 1, 6, 7, 0, 0, '2014-12-02 15:40:24'),
(7, 1, 5, 10, 0, 0, '2014-12-02 15:40:34'),
(8, 1, 4, 10, 0, 0, '2014-12-02 15:40:49'),
(9, 1, 3, 8, 0, 0, '2014-12-02 15:41:04'),
(10, 1, 10, 10, 0, 0, '2014-12-04 16:43:52'),
(11, 1, 13, 10, 0, 0, '2014-12-04 16:44:33'),
(12, 1, 14, 10, 0, 0, '2014-12-12 10:14:39'),
(13, 1, 15, 10, 0, 0, '2014-12-12 10:15:31'),
(14, 1, 16, 10, 0, 0, '2014-12-12 10:15:48'),
(15, 1, 17, 10, 0, 0, '2014-12-12 10:16:03'),
(16, 1, 12, 10, 0, 0, '2014-12-12 10:26:32'),
(17, 1, 11, 10, 0, 0, '2014-12-12 10:26:49'),
(18, 1, 18, 7, 0, 0, '2014-12-17 11:40:35'),
(19, 1, 19, 10, 0, 0, '2014-12-23 14:34:27'),
(20, 1, 20, 10, 0, 0, '2015-01-01 10:27:04'),
(21, 1, 21, 10, 0, 0, '2015-01-20 20:01:34'),
(22, 1, 22, 10, 0, 0, '2015-01-20 20:01:46'),
(23, 1, 23, 10, 0, 0, '2015-02-02 12:52:26'),
(24, 1, 24, 10, 0, 0, '2015-02-02 12:54:38');

-- --------------------------------------------------------

--
-- Table structure for table `customers`
--

CREATE TABLE IF NOT EXISTS `customers` (
  `id` bigint(20) NOT NULL AUTO_INCREMENT,
  `name` varchar(100) NOT NULL,
  `idCard` int(17) NOT NULL DEFAULT '0',
  `phone` varchar(15) NOT NULL DEFAULT '0',
  `email` varchar(100) NOT NULL DEFAULT '0',
  `address` varchar(200) NOT NULL DEFAULT '0',
  `image` text,
  `entryDate` datetime NOT NULL DEFAULT '0000-00-00 00:00:00',
  PRIMARY KEY (`id`)
) ENGINE=InnoDB  DEFAULT CHARSET=latin1 AUTO_INCREMENT=25 ;

--
-- Dumping data for table `customers`
--

INSERT INTO `customers` (`id`, `name`, `idCard`, `phone`, `email`, `address`, `image`, `entryDate`) VALUES
(1, 'IRFAN VIRK', 35404, '03007769422', 'VIRKOILCOMPANY@YAHOO.COM', 'SHEIKHUPURA', '0', '2014-12-02 14:40:22'),
(2, 'JAMSHEED SARA', 0, '0321 4406636', '', 'SHEIKHUPURA', '0', '2014-12-02 14:42:08'),
(3, 'MAHER SHAHID', 0, '0300 8718078', '', 'GUJRANWALA', '0', '2014-12-02 14:43:30'),
(4, 'HAFIZ NAEEM / SAMMAD', 0, '0300 4006482', '', 'LAHORE', '0', '2014-12-02 14:44:36'),
(5, 'SHEIKH QASAM', 0, '0300 4234641', '', 'LAHORE', '0', '2014-12-02 14:45:40'),
(6, 'NASEER PASRURIA', 0, '0300 8741987', '', 'GUJRANWALA', '0', '2014-12-02 14:46:43'),
(7, 'HAFIZ AZAM', 0, '0300 8408300', '', 'LAHORE', '0', '2014-12-02 14:48:00'),
(8, 'HAJI NAZEER', 0, '0300 6440807', '', 'GUJRANWALA', '0', '2014-12-02 14:48:50'),
(9, 'KHALID SAILKOT', 0, '0300 7161500', '', 'SAILKOT', '0', '2014-12-02 14:49:53'),
(10, 'CH BASHRAT', 0, '0300 8470825', '', 'LHR', '0', '2014-12-02 19:18:35'),
(11, 'SAJAD OTCL', 1234, '0333 4422811', '', 'OTCL', '0', '2014-12-04 12:01:08'),
(12, 'IFTIKHAR SHAH', 123, '0321 6017487', '', 'SARGODHA', '0', '2014-12-04 13:11:54'),
(13, 'ARSLAN TRADERS', 98326, '0321  8463975', '', 'LAHORE', '0', '2014-12-04 16:32:26'),
(14, 'HIGHWAY F/S', 35202, '0302 6114775', '', 'GUJRANWALA', '0', '2014-12-04 17:03:23'),
(15, 'SAIF CHEEMA', 765432, '0300 8454403', '', 'SARGODHA', '0', '2014-12-06 14:50:08'),
(16, 'NAEEM GUJRAT', 34563, '0303 6955005', '', 'GUJRAT', '0', '2014-12-06 17:33:52'),
(17, 'HEAD MARALA GREAD', 146789, '0347 3408527', '', 'SAILKOT', '0', '2014-12-08 17:39:23'),
(18, 'NAWAB F/S', 67586, '0333 8606128', '', 'SAILKOT', '0', '2014-12-17 11:38:50'),
(19, 'DR.YOUNIS', 3678120, '', '', 'MACHIKEY', '0', '2014-12-23 14:33:57'),
(20, 'UNIQUE ENTERPRISERS', 2147483647, '', '', 'RAWALPINDI', '0', '2015-01-01 10:26:34'),
(21, 'CH MUKHTAR', 35103, 'MUHAMMAD IDREES', '', 'PATOKI . MUHAMMAD IDREES', '0', '2015-01-13 13:40:59'),
(22, 'MEHAR BAKHASH', 34404, 'NILL', '', 'SARGHODA', '0', '2015-01-16 14:37:39'),
(23, 'MUNSHI MUKHTAR', 0, '03006475587', '', 'SHEIKUPURA', '0', '2015-02-02 12:51:36'),
(24, 'FAROOQ NANGHAL', 0, '03006311248', '', 'SHEIKUPURA', '0', '2015-02-02 12:53:43');

-- --------------------------------------------------------

--
-- Table structure for table `customer_accounts`
--

CREATE TABLE IF NOT EXISTS `customer_accounts` (
  `id` int(11) NOT NULL AUTO_INCREMENT,
  `trip_detail_id` int(11) NOT NULL,
  `customer_id` int(11) NOT NULL,
  `payment_date` date NOT NULL DEFAULT '0000-00-00',
  `amount` double NOT NULL DEFAULT '0',
  `entryDate` datetime NOT NULL,
  PRIMARY KEY (`id`)
) ENGINE=InnoDB DEFAULT CHARSET=latin1 AUTO_INCREMENT=1 ;

-- --------------------------------------------------------

--
-- Table structure for table `drivers`
--

CREATE TABLE IF NOT EXISTS `drivers` (
  `id` int(11) NOT NULL AUTO_INCREMENT,
  `name` varchar(100) DEFAULT NULL,
  `idCard` varchar(17) NOT NULL DEFAULT '0',
  `phone` varchar(15) NOT NULL DEFAULT '0',
  `email` varchar(100) NOT NULL DEFAULT '0',
  `address` varchar(200) NOT NULL DEFAULT '0',
  `image` text,
  `entryDate` datetime NOT NULL DEFAULT '0000-00-00 00:00:00',
  PRIMARY KEY (`id`)
) ENGINE=InnoDB  DEFAULT CHARSET=latin1 AUTO_INCREMENT=9 ;

--
-- Dumping data for table `drivers`
--

INSERT INTO `drivers` (`id`, `name`, `idCard`, `phone`, `email`, `address`, `image`, `entryDate`) VALUES
(1, 'RANA ABID', '1', '', '', '', '0', '2014-12-04 16:19:47'),
(2, 'RANA ABID 786', '09876', '', '', '', '0', '2014-12-04 16:20:21'),
(3, 'M BAKHSH BLOUCH', '38202-1291218-9', '0300 7293018', '', 'SARGODHA', '0', '2014-12-04 16:55:31'),
(4, 'NAMIT ULLAHA', '11201-0313496-7', '0347 7065113', '', 'LAKI MARWAT', '0', '2014-12-04 17:52:00'),
(5, 'KHIZER HAYAT', '33202-2121254-3', '0345 6260993', '', 'JHANG', '0', '2014-12-04 18:10:14'),
(6, 'AHMAD ALI/ VAGRA', '33100-5080863-5', '0346 6628049', '', 'FAISALABAD', '0', '2014-12-04 18:11:36'),
(7, 'MUKHTAR HUSSAIN', '33202-2639419-9', '0300 8967422', '', 'JHANG', '0', '2014-12-04 18:13:26'),
(8, 'M NADEEM', '36304-8192996-1', '0301 4735592', '', 'MULTAN', '0', '2014-12-04 18:15:47');

-- --------------------------------------------------------

--
-- Table structure for table `drivers_expenses`
--

CREATE TABLE IF NOT EXISTS `drivers_expenses` (
  `id` int(11) NOT NULL AUTO_INCREMENT,
  `driver_id` int(11) NOT NULL,
  `description` varchar(200) NOT NULL,
  `expense` float NOT NULL DEFAULT '0',
  `expense_date` date NOT NULL DEFAULT '0000-00-00',
  `entryDate` datetime NOT NULL DEFAULT '0000-00-00 00:00:00',
  PRIMARY KEY (`id`)
) ENGINE=InnoDB DEFAULT CHARSET=latin1 AUTO_INCREMENT=1 ;

-- --------------------------------------------------------

--
-- Table structure for table `freights`
--

CREATE TABLE IF NOT EXISTS `freights` (
  `id` int(11) NOT NULL AUTO_INCREMENT,
  `route_id` int(11) NOT NULL,
  `freight` float NOT NULL,
  `startDate` date NOT NULL,
  `endDate` date NOT NULL,
  PRIMARY KEY (`id`)
) ENGINE=InnoDB  DEFAULT CHARSET=latin1 AUTO_INCREMENT=111 ;

--
-- Dumping data for table `freights`
--

INSERT INTO `freights` (`id`, `route_id`, `freight`, `startDate`, `endDate`) VALUES
(1, 1, 0, '2014-12-02', '2014-12-13'),
(2, 2, 0, '2014-12-02', '2014-12-13'),
(3, 3, 0, '2014-12-02', '2014-12-13'),
(4, 4, 0, '2014-12-02', '2014-12-13'),
(5, 5, 0, '2014-12-02', '2014-12-13'),
(6, 3, 0, '2014-12-02', '2014-12-13'),
(7, 7, 0, '2014-12-02', '2014-12-13'),
(8, 8, 0, '2014-12-02', '2014-12-13'),
(9, 9, 0, '2014-12-02', '2014-12-13'),
(10, 10, 0, '2014-12-02', '2014-12-13'),
(11, 11, 0, '2014-12-02', '2014-12-13'),
(12, 6, 0, '2014-12-02', '2014-12-13'),
(13, 11, 2.09079, '2014-12-01', '2014-12-31'),
(14, 9, 1.34047, '2014-12-01', '2014-12-31'),
(15, 8, 0.64601, '2014-12-01', '2014-12-31'),
(16, 7, 0.64601, '2014-12-01', '2014-12-31'),
(17, 4, 6.03753, '2014-12-01', '2014-12-31'),
(18, 1, 5.41645, '2014-12-01', '2014-12-31'),
(19, 11, 2.09079, '2014-12-01', '2015-01-31'),
(20, 9, 1.34047, '2014-12-01', '2015-01-31'),
(21, 8, 0.64601, '2014-12-01', '2015-01-31'),
(22, 7, 0.64601, '2014-12-01', '2015-01-31'),
(23, 4, 6.03753, '2014-12-01', '2015-01-31'),
(24, 1, 5.41645, '2014-12-01', '2015-01-31'),
(25, 8, 0.6669, '2014-11-01', '2014-11-30'),
(26, 7, 0.64601, '2014-11-01', '2014-11-30'),
(27, 8, 0.67482, '2014-09-01', '2014-09-30'),
(28, 7, 0.67482, '2014-09-01', '2014-09-30'),
(29, 8, 0.67126, '2014-10-01', '2014-10-31'),
(30, 7, 0.67126, '2014-10-01', '2014-10-31'),
(31, 8, 0.6679, '2014-11-01', '2014-11-30'),
(32, 7, 0.6679, '2014-11-01', '2014-11-30'),
(33, 4, 6.2736, '2014-10-01', '2014-10-31'),
(34, 2, 5.41645, '2014-12-01', '2015-12-31'),
(35, 3, 6.03753, '1014-12-01', '2015-01-31'),
(36, 11, 2.09079, '2014-12-01', '2014-12-31'),
(37, 9, 1.34047, '2014-12-01', '2014-12-31'),
(38, 8, 0.64601, '2014-12-01', '2014-12-31'),
(39, 7, 0.64601, '2014-12-01', '2014-12-31'),
(40, 4, 6.03753, '2014-12-01', '2014-12-31'),
(41, 3, 6.03753, '1014-12-01', '2014-12-31'),
(42, 2, 5.41645, '2014-12-01', '2014-12-31'),
(43, 1, 5.41645, '2014-12-01', '2014-12-31'),
(44, 11, 2.09079, '2014-12-01', '2014-12-31'),
(45, 9, 1.34047, '2014-12-01', '2014-12-31'),
(46, 8, 0.64601, '2014-12-01', '2014-12-31'),
(47, 7, 0.64601, '2014-12-01', '2014-12-31'),
(48, 4, 6.03753, '2014-12-01', '2014-12-31'),
(49, 3, 6.03753, '1014-12-01', '2014-12-31'),
(50, 2, 5.41645, '2014-12-01', '2014-12-31'),
(51, 1, 5.41645, '2014-12-01', '2014-12-31'),
(52, 11, 2.00945, '2015-01-01', '2015-01-31'),
(53, 9, 1.28833, '2014-12-01', '2015-01-31'),
(54, 8, 0.62088, '2015-01-01', '2015-01-31'),
(55, 8, 0.62088, '2015-01-01', '2015-01-31'),
(56, 9, 1.34047, '2014-12-01', '2014-12-31'),
(57, 7, 0.62088, '2015-01-01', '2015-01-31'),
(58, 4, 5.8026, '2015-01-01', '2015-01-31'),
(59, 3, 6.03753, '2014-12-01', '2014-12-31'),
(60, 3, 5.8026, '2015-01-01', '2015-01-31'),
(61, 2, 5.41645, '2014-12-01', '2014-12-31'),
(62, 2, 5.20569, '2015-01-01', '2015-01-31'),
(63, 1, 5.20569, '2015-01-01', '2015-01-31'),
(64, 13, 5.20569, '2015-01-01', '2015-01-31'),
(65, 14, 4.5, '2015-01-01', '2015-01-31'),
(66, 7, 0.668, '2014-11-01', '2014-11-30'),
(67, 8, 0.668, '2014-11-01', '2014-11-30'),
(68, 4, 6.038, '2014-12-01', '2014-12-31'),
(69, 1, 5.416, '2014-12-01', '2014-12-31'),
(70, 8, 0.646, '2014-12-01', '2014-12-31'),
(71, 7, 0.646, '2014-12-01', '2014-12-31'),
(72, 9, 1.427, '2014-12-01', '2014-12-31'),
(73, 11, 2.091, '2014-12-01', '2014-12-31'),
(74, 2, 5.416, '2014-12-01', '2014-12-31'),
(75, 15, 4.5, '2015-01-01', '2015-01-31'),
(76, 16, 1, '2015-01-01', '2015-01-31'),
(77, 17, 0, '2015-01-01', '2015-01-31'),
(78, 18, 0.3371, '2015-02-01', '2015-02-28'),
(79, 19, 0.3371, '2015-02-01', '2015-02-28'),
(80, 20, 0.2642, '2015-02-01', '2015-02-28'),
(81, 21, 0.2642, '2015-02-01', '2015-02-28'),
(82, 22, 0.634875, '2015-02-01', '2015-02-28'),
(83, 23, 0.634875, '2015-02-01', '2015-02-28'),
(84, 24, 0.52129, '2015-02-01', '2015-02-28'),
(85, 25, 0.52129, '2015-02-01', '2015-02-28'),
(86, 26, 0.3088, '2015-02-01', '2015-02-28'),
(87, 27, 0.3088, '2015-02-01', '2015-02-28'),
(88, 28, 0.5113, '2015-02-01', '2015-02-28'),
(89, 29, 0.5113, '2015-02-01', '2015-02-28'),
(90, 30, 0.628, '2015-02-01', '2015-02-28'),
(91, 31, 0.5016, '2015-02-01', '2015-02-28'),
(92, 32, 0.5016, '2015-02-01', '2015-02-28'),
(93, 33, 0.3872, '2015-02-01', '2015-02-28'),
(94, 34, 0.3872, '2015-02-01', '2015-02-28'),
(95, 8, 0.62088, '2015-01-01', '2015-02-01'),
(96, 8, 0.62088, '2015-01-01', '2015-02-28'),
(97, 7, 0.62088, '2015-01-01', '2015-02-28'),
(98, 8, 0.62088, '2015-01-01', '2015-02-28'),
(99, 2, 5.41645, '2015-02-01', '2015-02-28'),
(100, 2, 5.4, '2015-02-01', '2015-02-28'),
(101, 1, 5.4, '2015-02-01', '2015-02-28'),
(102, 4, 5.8026, '2015-01-01', '2015-02-28'),
(103, 9, 2.09079, '2015-02-01', '2015-02-28'),
(104, 3, 5.8026, '2015-02-01', '2015-02-28'),
(105, 35, 0.3872, '2015-02-01', '2015-02-28'),
(106, 36, 0.3872, '2015-02-01', '2015-02-28'),
(107, 37, 0.6266, '2015-02-01', '2015-02-28'),
(108, 38, 0.5961, '2015-02-01', '2015-02-28'),
(109, 39, 0.6266, '2015-02-01', '2015-02-28'),
(110, 40, 0.5961, '2015-02-01', '2015-02-28');

-- --------------------------------------------------------

--
-- Table structure for table `freight_history`
--

CREATE TABLE IF NOT EXISTS `freight_history` (
  `id` int(11) NOT NULL AUTO_INCREMENT,
  `route_id` int(11) NOT NULL,
  `freight` float NOT NULL,
  `entryDate` datetime NOT NULL,
  PRIMARY KEY (`id`)
) ENGINE=InnoDB  DEFAULT CHARSET=latin1 AUTO_INCREMENT=7 ;

--
-- Dumping data for table `freight_history`
--

INSERT INTO `freight_history` (`id`, `route_id`, `freight`, `entryDate`) VALUES
(1, 1, 5.41645, '2014-12-04 23:02:37'),
(2, 2, 5.41645, '2014-12-04 23:02:46'),
(3, 3, 6.03753, '2014-12-04 23:02:56'),
(4, 4, 6.03753, '2014-12-04 23:03:08'),
(5, 7, 0.64601, '2014-12-04 23:03:19'),
(6, 9, 1.34047, '2014-12-04 23:03:30');

-- --------------------------------------------------------

--
-- Table structure for table `other_agents`
--

CREATE TABLE IF NOT EXISTS `other_agents` (
  `id` int(11) NOT NULL AUTO_INCREMENT,
  `name` varchar(100) NOT NULL,
  `idCard` varchar(20) NOT NULL,
  `phone` varchar(100) NOT NULL,
  `email` varchar(100) NOT NULL,
  `address` varchar(200) NOT NULL,
  `image` text NOT NULL,
  `entryDate` datetime NOT NULL,
  PRIMARY KEY (`id`)
) ENGINE=InnoDB  DEFAULT CHARSET=latin1 AUTO_INCREMENT=3 ;

--
-- Dumping data for table `other_agents`
--

INSERT INTO `other_agents` (`id`, `name`, `idCard`, `phone`, `email`, `address`, `image`, `entryDate`) VALUES
(1, 'haji mushtaq', '087654356886', '', '', 'SHEIKHUPURA', '0', '2015-01-12 20:16:14'),
(2, 'haider f/s', 'jggu98765321', '', '', 'MACHIKEY', '0', '2015-01-12 20:16:46');

-- --------------------------------------------------------

--
-- Table structure for table `other_tankers_expenses`
--

CREATE TABLE IF NOT EXISTS `other_tankers_expenses` (
  `id` int(11) NOT NULL AUTO_INCREMENT,
  `tanker_id` int(11) NOT NULL,
  `description` varchar(200) NOT NULL,
  `amount` float NOT NULL,
  `expense_date` date NOT NULL,
  `entryDate` datetime NOT NULL,
  PRIMARY KEY (`id`)
) ENGINE=InnoDB  DEFAULT CHARSET=latin1 AUTO_INCREMENT=56 ;

--
-- Dumping data for table `other_tankers_expenses`
--

INSERT INTO `other_tankers_expenses` (`id`, `tanker_id`, `description`, `amount`, `expense_date`, `entryDate`) VALUES
(1, 2, 'super buraj stone tire 2 addad (Tire no.1) dot 322 L3TY3714-y4m20565 (Tire no .2) dot 322L3TY3514-Y4U500129 (Meter reading) 236338', 81000, '2014-12-11', '2014-12-15 16:19:08'),
(2, 3, 'REMANING LIECSING', 750970, '2014-12-02', '2014-12-22 18:27:47'),
(3, 1, 'LIECSING DECEMBER ( KIST)', 219217, '2014-12-02', '2014-12-22 18:30:57'),
(4, 2, 'LIESING DECEMBER (KIST)', 219217, '2014-12-02', '2014-12-22 18:32:08'),
(5, 9, 'LIESING DECEMBER (KIST)', 157155, '2014-12-08', '2014-12-22 18:32:54'),
(6, 12, 'LIESING DECEMBER (KIST)', 156000, '2014-12-08', '2014-12-22 18:33:34'),
(7, 7, 'LIESING INSTALMENT DECEMBER', 213820, '2014-12-08', '2014-12-22 19:35:27'),
(8, 3, 'ORAX INSURENCE 15-12-2014 TO 14-12-2015', 167000, '2014-12-19', '2014-12-23 13:58:26'),
(9, 57, 'ORIX total amount gari 11982972 instalments 36 per instalment 287527 and advance payment to 1632000', 1632000, '2014-12-23', '2014-12-23 15:36:53'),
(10, 57, 'autocom tanker total ayment 2950000 advance pay 885000', 885000, '2014-12-23', '2014-12-23 15:38:27'),
(11, 58, 'ORIX total amount gari 11982972 instalments 36 per instalment 287527 and advance payment to 1632000', 1632000, '2014-12-23', '2014-12-23 15:46:58'),
(12, 58, 'autocom tanker total ayment 2950000 advance pay 885000', 885000, '2014-12-23', '2014-12-23 15:48:17'),
(13, 63, 'ORIX total amount gari 13605560 instalments 36 per instalment 326460 and advance payment to 1853000', 1853000, '2014-12-23', '2014-12-23 15:55:21'),
(14, 63, 'autocom tanker total ayment 2599000 advance pay 779700', 779700, '2014-12-23', '2014-12-23 15:56:38'),
(15, 64, 'ORIX total amount gari 13605560 instalments 36 per instalment 326460 and advance payment to 1853000', 1853000, '2014-12-23', '2014-12-23 15:58:24'),
(16, 64, 'autocom tanker total ayment 2599000 advance pay 779700', 779700, '2014-12-23', '2014-12-23 15:59:05'),
(17, 65, 'ORIX total amount gari 13605560 instalments 36 per instalment 326460 and advance payment to 1853000', 1853000, '2014-12-23', '2014-12-23 16:00:31'),
(18, 65, 'autocom tanker total ayment 2599000 advance pay 779700', 779700, '2014-12-23', '2014-12-23 16:01:20'),
(19, 66, 'ORIX total amount gari 13605560 instalments 36 per instalment 326460 and advance payment to 1853000', 1853000, '2014-12-23', '2014-12-23 16:02:10'),
(20, 66, 'autocom tanker total ayment 2599000 advance pay 779700', 779700, '2014-12-23', '2014-12-23 16:02:32'),
(21, 61, 'autocom tanker total ayment 2599000 advance pay 779700', 779700, '0014-02-12', '2014-12-23 16:04:17'),
(22, 61, 'autocom tanker total ayment 2599000 advance pay 779700', 779700, '2014-12-23', '2014-12-23 16:04:58'),
(23, 62, 'autocom tanker total ayment 2599000 advance pay 779700', 779700, '2014-12-23', '2014-12-23 16:05:55'),
(24, 59, 'autocom tanker total ayment 3170000 advance pay 951000', 951000, '2014-12-22', '2014-12-23 16:07:24'),
(25, 60, 'autocom tanker total ayment 3170000 advance pay 951000', 951000, '2014-12-23', '2014-12-23 16:12:27'),
(26, 57, 'First instalment of december', 287527, '2014-12-27', '2014-12-27 16:35:11'),
(27, 58, 'First instalment of december', 287527, '2014-12-27', '2014-12-27 16:36:02'),
(28, 63, 'First instalment of december', 326460, '2014-12-27', '2014-12-27 16:37:01'),
(29, 64, 'First instalment of december', 326460, '2014-12-27', '2014-12-27 16:37:29'),
(30, 65, 'First instalment of december', 326460, '2014-12-27', '2014-12-27 16:37:56'),
(31, 66, 'First instalment of december', 326460, '2014-12-27', '2014-12-27 16:38:29'),
(32, 1, 'Tire 2 adad super buraj stone (Tire no: 1) Dot 322L3DY-3614 (Tire no: 2) Dot322L3DY-3514 (Meter reading-251608)', 79000, '2014-12-28', '2014-12-31 15:01:23'),
(33, 77, 'autocom tanker total ayment 1000000 advance pay 300000', 300000, '2015-01-08', '2015-01-08 12:23:47'),
(34, 76, 'autocom tanker total ayment 1000000 advance pay 300000', 300000, '2015-01-08', '2015-01-08 12:27:38'),
(35, 75, 'autocom tanker total ayment 1000000 advance pay 300000', 300000, '2015-01-08', '2015-01-08 12:28:49'),
(36, 74, 'autocom tanker total ayment 1000000 advance pay 300000', 300000, '2015-01-08', '2015-01-08 12:30:36'),
(37, 73, 'autocom tanker total ayment 1000000 advance pay 300000', 300000, '2015-01-08', '2015-01-08 12:31:42'),
(39, 58, 'autocom tanker total ayment 2950000 second instalment 60 % pay 885000', 885000, '2015-01-08', '2015-01-08 12:36:56'),
(40, 57, 'autocom tanker total ayment 2950000 second instalment 60 % pay 885000', 885000, '2015-01-08', '2015-01-08 12:37:44'),
(41, 59, 'autocom tanker total ayment 3170000 second instalment total 60 % pay 951000', 951000, '2015-01-08', '2015-01-08 12:41:37'),
(42, 60, 'autocom tanker total ayment 3170000 second instalment total 60 % pay 951000', 951000, '2015-01-08', '2015-01-08 12:43:32'),
(43, 61, 'autocom tanker total ayment 2599000 second instalment total 60 % pay 779700', 779700, '2015-01-08', '2015-01-08 12:45:29'),
(44, 62, 'autocom tanker total ayment 2599000 second instalment total 60 % pay 779700', 779700, '2015-01-08', '2015-01-08 12:47:09'),
(45, 63, 'autocom tanker total ayment 2599000 second instalment total 60 % pay 779700', 779700, '2015-01-08', '2015-01-08 12:47:51'),
(46, 64, 'autocom tanker total ayment 2599000 second instalment total 60 % pay 779700', 779700, '2015-01-08', '2015-01-08 12:48:23'),
(47, 65, 'autocom tanker total ayment 2599000 second instalment total 60 % pay 779700', 779700, '2015-01-08', '2015-01-08 12:48:54'),
(49, 66, 'autocom tanker total payment 2599000 second instalment total 60 % pay 779700', 779700, '2015-01-08', '2015-01-09 12:18:35'),
(51, 1, 'LIESING  (KIST) JANUARY 2015', 219217, '2015-01-08', '2015-01-09 14:57:35'),
(52, 2, 'LIESING  (KIST) JANUARY 2015', 219217, '2015-01-08', '2015-01-09 14:58:40'),
(53, 7, 'LIESING  (KIST) JANUARY 2015', 213820, '2015-01-08', '2015-01-09 15:00:01'),
(54, 9, 'LIESING  (KIST) JANUARY 2015', 157155, '2015-01-08', '2015-01-09 15:01:58'),
(55, 12, 'LIESING  (KIST) JANUARY 2015', 156000, '2015-01-08', '2015-01-09 15:02:42');

-- --------------------------------------------------------

--
-- Table structure for table `products`
--

CREATE TABLE IF NOT EXISTS `products` (
  `id` int(11) NOT NULL AUTO_INCREMENT,
  `productName` varchar(100) NOT NULL,
  PRIMARY KEY (`id`)
) ENGINE=InnoDB  DEFAULT CHARSET=latin1 AUTO_INCREMENT=5 ;

--
-- Dumping data for table `products`
--

INSERT INTO `products` (`id`, `productName`) VALUES
(1, 'PMG'),
(2, 'HSD'),
(3, 'FARNES'),
(4, 'KAROCINE');

-- --------------------------------------------------------

--
-- Table structure for table `routes`
--

CREATE TABLE IF NOT EXISTS `routes` (
  `id` int(11) NOT NULL AUTO_INCREMENT,
  `source` varchar(100) NOT NULL,
  `destination` varchar(100) NOT NULL,
  `product` varchar(100) NOT NULL,
  `freight` float NOT NULL,
  `entryDate` datetime NOT NULL,
  `type` tinyint(4) NOT NULL DEFAULT '1',
  `active` tinyint(4) NOT NULL DEFAULT '1',
  PRIMARY KEY (`id`)
) ENGINE=InnoDB  DEFAULT CHARSET=latin1 AUTO_INCREMENT=41 ;

--
-- Dumping data for table `routes`
--

INSERT INTO `routes` (`id`, `source`, `destination`, `product`, `freight`, `entryDate`, `type`, `active`) VALUES
(1, '1', '2', '1', 0, '2014-12-02 15:20:10', 1, 1),
(2, '3', '2', '1', 0, '2014-12-02 15:20:38', 1, 1),
(3, '3', '4', '1', 0, '2014-12-02 15:21:25', 1, 1),
(4, '1', '4', '1', 0, '2014-12-02 15:21:57', 1, 1),
(5, '1', '5', '1', 0, '2014-12-02 15:22:52', 1, 1),
(6, '3', '5', '1', 0, '2014-12-02 15:23:10', 1, 1),
(7, '2', '4', '1', 0, '2014-12-02 15:23:28', 1, 1),
(8, '2', '4', '2', 0, '2014-12-02 15:23:51', 1, 1),
(9, '2', '5', '2', 0, '2014-12-02 15:24:41', 1, 1),
(10, '1', '6', '1', 0, '2014-12-05 14:58:01', 1, 1),
(11, '2', '7', '2', 0, '2014-12-05 14:59:07', 1, 1),
(13, '8', '2', '1', 0, '2015-01-26 13:28:52', 1, 1),
(14, '1', '2', '2', 0, '2015-01-28 16:43:30', 1, 1),
(15, '1', '9', '3', 0, '2015-01-31 10:44:36', 1, 1),
(16, '1', '10', '1', 0, '2015-02-02 13:09:20', 1, 1),
(17, '1', '10', '2', 0, '2015-02-02 13:10:14', 1, 1),
(18, '4', '12', '1', 0, '2015-02-02 13:31:38', 2, 1),
(19, '4', '12', '2', 0, '2015-02-02 13:32:21', 2, 1),
(20, '4', '11', '1', 0, '2015-02-02 13:33:34', 2, 1),
(21, '4', '11', '2', 0, '2015-02-02 13:34:09', 2, 1),
(22, '2', '13', '2', 0, '2015-02-02 14:02:32', 2, 1),
(23, '2', '13', '1', 0, '2015-02-02 14:03:36', 2, 1),
(24, '2', '15', '2', 0, '2015-02-02 14:05:25', 2, 1),
(25, '2', '15', '1', 0, '2015-02-02 14:06:22', 2, 1),
(26, '2', '14', '1', 0, '2015-02-02 14:07:39', 2, 1),
(27, '2', '14', '2', 0, '2015-02-02 14:09:57', 2, 1),
(28, '2', '16', '1', 0, '2015-02-02 14:11:48', 2, 1),
(29, '2', '16', '2', 0, '2015-02-02 14:12:49', 2, 1),
(30, '2', '17', '2', 0, '2015-02-02 14:14:15', 2, 1),
(31, '2', '18', '2', 0, '2015-02-02 14:15:53', 2, 1),
(32, '2', '18', '1', 0, '2015-02-02 14:17:00', 2, 1),
(33, '2', '19', '2', 0, '2015-02-02 14:18:39', 2, 1),
(34, '2', '19', '1', 0, '2015-02-02 14:19:48', 2, 1),
(35, '4', '19', '1', 0, '2015-02-02 15:57:22', 2, 1),
(36, '4', '19', '2', 0, '2015-02-02 15:58:23', 2, 1),
(37, '2', '21', '1', 0, '2015-02-02 19:48:16', 2, 1),
(38, '2', '22', '2', 0, '2015-02-02 19:50:35', 2, 1),
(39, '2', '21', '2', 0, '2015-02-02 19:59:02', 2, 1),
(40, '2', '22', '1', 0, '2015-02-02 20:01:36', 2, 1);

-- --------------------------------------------------------

--
-- Table structure for table `tankers`
--

CREATE TABLE IF NOT EXISTS `tankers` (
  `id` int(11) NOT NULL AUTO_INCREMENT,
  `customerId` int(11) NOT NULL,
  `truck_number` varchar(20) NOT NULL,
  `engine_number` varchar(20) NOT NULL,
  `chase_number` varchar(30) NOT NULL,
  `fitness_certificate` tinyint(4) NOT NULL DEFAULT '0',
  `capacity` double NOT NULL,
  `entryDate` datetime NOT NULL,
  PRIMARY KEY (`id`)
) ENGINE=InnoDB  DEFAULT CHARSET=latin1 AUTO_INCREMENT=107 ;

--
-- Dumping data for table `tankers`
--

INSERT INTO `tankers` (`id`, `customerId`, `truck_number`, `engine_number`, `chase_number`, `fitness_certificate`, `capacity`, `entryDate`) VALUES
(1, 1, 'TLV 239', 'JO8CTGM-15301', 'SG1JDPA-13035', 1, 60000, '2014-12-02 14:55:16'),
(2, 1, 'TLV 238', 'JO8CTGM-15300', 'SG1JDPA-13034', 1, 60000, '2014-12-02 14:56:59'),
(3, 1, 'TLU 670', 'JO8CTGM-15360', 'FMIJKPT-14388', 1, 60000, '2014-12-02 15:00:19'),
(4, 1, 'TLV 163', 'JO8CFM-24321', 'FGIJDPT-12231', 1, 40000, '2014-12-02 15:03:17'),
(5, 1, 'MNE 2725', '3328', '7826261', 1, 15000, '2014-12-02 15:08:13'),
(6, 3, 'TLG 637', 'JO8CFM-26891', 'FGIJDPT-12478', 1, 50000, '2014-12-02 15:09:30'),
(7, 1, 'TLV 800', 'JO8CTGM-15903', 'FMIJKPT-14433', 1, 60000, '2014-12-02 15:12:16'),
(8, 1, 'Z 7512', 'EH700213546', 'GT175H11086', 1, 25000, '2014-12-02 15:14:11'),
(9, 1, 'LES 1454', 'JO8CFM-25343', 'FGIJDPT-12385', 1, 50000, '2014-12-02 15:17:37'),
(10, 3, 'LXP 8317', 'HO7DH-41970', 'KLBFR61', 1, 40000, '2014-12-02 19:13:35'),
(11, 5, 'TLX 779', '26925', '12482', 1, 50000, '2014-12-02 19:35:16'),
(12, 1, 'les 588', '26210', '12450', 1, 50000, '2014-12-03 10:34:59'),
(13, 10, 'AKA-1378', 'HO6CTE-13966', 'FF174LA-12420', 1, 25000, '2014-12-03 10:37:12'),
(14, 4, 'TLX-815', '26892', '12479', 1, 50000, '2014-12-03 10:38:46'),
(15, 14, 'STC 5478', '6058761', 'J4G/6-204647', 1, 10000, '2014-12-03 10:45:03'),
(16, 3, 'TLG 837', 'JO8CFM-26890', 'FGIJDPT-12477', 1, 50000, '2014-12-03 10:46:35'),
(17, 2, 'LRC 3327', '15175', 'AU176MA41047', 1, 15000, '2014-12-03 10:49:20'),
(18, 10, 'TLX 921', '26989', '12498', 1, 44000, '2014-12-03 19:42:57'),
(19, 2, 'TLW 687', 'JO8CTGM-15495', 'SG1JDPA-13037', 1, 60000, '2014-12-03 19:44:15'),
(20, 2, 'les 687', '15939', '13043', 1, 60000, '2014-12-04 10:43:56'),
(21, 6, 'TLG 487', '17051', '14334', 1, 54000, '2014-12-04 10:45:31'),
(22, 10, 'LXC 7983', '004810', '3410436658073', 1, 40000, '2014-12-04 10:57:52'),
(23, 8, 'K 6738', '6BGI-792160', '1645908', 1, 30000, '2014-12-04 13:24:29'),
(24, 4, 'TLF 814', '1970204', '4130030', 1, 50000, '2014-12-04 13:31:18'),
(25, 9, 'SWA 065', 'HO7DH-45547', 'AK1JRKA-11336', 1, 30000, '2014-12-04 13:43:10'),
(26, 8, 'GAG 3078', 'EH700-171272', 'KR120-10031', 1, 15000, '2014-12-04 13:44:46'),
(27, 8, 'LR 6988', '5/J6-224069', 'J6LZ-56807339', 1, 10000, '2014-12-04 13:46:18'),
(28, 6, 'TUB 887', '58749', '10322', 1, 0, '2014-12-04 15:58:31'),
(29, 6, 'LRC 7787', '704543', 'CJQ3BZ0/T-601442', 1, 16000, '2014-12-04 16:00:17'),
(30, 2, 'TLV 687', '24710', '12284', 1, 50000, '2014-12-04 16:05:23'),
(31, 12, 'TLU  230', '344955-60094031', '9BM345306.MB909050', 1, 40000, '2014-12-04 16:53:36'),
(32, 13, 'TTA 068', 'H07D-AM-10534', '094726299474', 1, 24000, '2014-12-04 17:49:00'),
(33, 11, 'C 8393', 'NE-6026309', 'CPB-12H-26666', 1, 30000, '2014-12-05 14:27:22'),
(34, 6, 'GLT 8967', '184920', '16904', 1, 0, '2014-12-05 14:28:57'),
(35, 6, 'LS-6757', '393058', '2488108', 1, 0, '2014-12-05 14:29:34'),
(36, 8, 'TLU 678', 'JO8CTGM-15234', 'FMIJKPT-14322', 1, 50000, '2014-12-05 15:10:58'),
(37, 3, 'CH 237', '6BGI-713554', 'FTR 12K-3601615', 1, 27000, '2014-12-05 20:09:37'),
(38, 9, 'LRJ 5821', '16190', '41372', 1, 50000, '2014-12-06 13:53:44'),
(39, 2, 'TLU 187', 'JO8CFM-23915', 'FGIJDPT-12191', 1, 40000, '2014-12-06 14:09:55'),
(40, 16, 'K 2565', '53651', '08334', 1, 15000, '2014-12-06 17:40:18'),
(41, 15, 'LES-14-168', '52276968', 'AHFMB22P-4130176', 1, 50000, '2014-12-08 15:49:12'),
(42, 3, 'TLV 037', '01877591', '6120009', 1, 50000, '2014-12-08 15:51:46'),
(43, 2, 'TLD-020', 'JO8CTGM-10261', 'SGIJDPA-10299', 1, 40000, '2014-12-08 18:56:38'),
(44, 17, 'P 8129', '112852', '50330', 1, 25000, '2014-12-08 19:24:18'),
(45, 2, 'TLQ-087', 'JO8CFM-22253', 'FGIJDPT-12025', 1, 40000, '2014-12-08 20:29:09'),
(46, 7, 'GLT-9888', 'EH700-54948', 'FF173-16331', 1, 25000, '2014-12-09 18:15:31'),
(47, 8, 'JU-3727', 'JO8CJ-21939', 'AK176-43114', 1, 50000, '2014-12-10 16:29:43'),
(48, 7, 'C-8870', '10740', 'FF174-10487', 1, 25000, '2014-12-10 18:01:26'),
(49, 11, 'z-3475', '020268', '11123', 1, 40000, '2014-12-11 16:26:16'),
(50, 3, 'Les-2217', 'Jo8cfm 16410', 'FLIJRPA-10952', 1, 25000, '2014-12-12 10:36:44'),
(51, 7, 'LS-4317', '109370', '26817', 1, 40000, '2014-12-12 10:41:55'),
(52, 7, 'TTB-470', 'EH700-137914', 'FF173-13780', 1, 25000, '2014-12-15 21:09:43'),
(53, 2, 'RIN-7386', 'EH700-165627', 'FF174-10108', 1, 30000, '2014-12-17 10:03:08'),
(54, 18, 'RIS-13-1900', '6124092', '87881', 1, 50000, '2014-12-17 19:34:38'),
(55, 18, 'RIS 12-1900', '6128948', '87719', 1, 50000, '2014-12-20 16:48:58'),
(56, 11, 'TTD 247', '175366', '15808', 1, 15000, '2014-12-22 17:46:06'),
(57, 1, '1', '65378', '98312', 1, 40000, '2014-12-23 14:37:13'),
(58, 1, '2', '74363', '90183', 1, 40000, '2014-12-23 14:37:50'),
(59, 1, '3', '853610', '8436239', 1, 48000, '2014-12-23 15:02:20'),
(60, 19, '4', '631938', 'K8392173', 1, 48000, '2014-12-23 15:03:08'),
(61, 1, '5', '8912-31', '381883-1', 1, 50000, '2014-12-23 15:23:49'),
(62, 1, '6', '98765430', '665435', 1, 50000, '2014-12-23 15:24:48'),
(63, 1, '7', '987658', '665524', 1, 50000, '2014-12-23 15:27:07'),
(64, 1, '8', '987237', '66843', 1, 50000, '2014-12-23 15:27:40'),
(65, 1, '9', '876544', '45678', 1, 50000, '2014-12-23 15:30:00'),
(66, 1, '10', '878372', '455731', 1, 50000, '2014-12-23 15:32:41'),
(67, 11, 'c 3166', '121123', '85272', 1, 31000, '2014-12-31 19:16:03'),
(68, 20, 'TLT-069', 'KHU97T5', 'KHUI7548', 1, 60000, '2015-01-01 10:32:56'),
(69, 11, 'K 2992', '97654', '864789', 1, 25000, '2015-01-01 10:46:02'),
(70, 20, 'TLT-076', '36602', '3506095', 1, 60000, '2015-01-01 12:27:12'),
(71, 15, 'Rii-239', '02611', '700340', 1, 15000, '2015-01-03 10:41:34'),
(72, 6, 'TLD-030', '10262', '163000', 1, 60000, '2015-01-03 18:40:49'),
(73, 1, '11', '93701', '3190109', 1, 16000, '2015-01-08 11:57:56'),
(74, 1, '12', 'oe373919', '3718398019', 1, 16000, '2015-01-08 11:58:15'),
(75, 1, '13', '9371992', '3ijkwio', 1, 24000, '2015-01-08 11:59:14'),
(76, 1, '14', 'wdji39', 'smijoqwj', 1, 24000, '2015-01-08 11:59:33'),
(77, 1, '15', 'nwkjw21', 'mwo2km', 1, 32000, '2015-01-08 11:59:56'),
(78, 15, 'SPA-158', 'P11CTC.12075', 'AK1JRKA.11757', 1, 60000, '2015-01-10 14:49:18'),
(79, 5, 'TLE-777', '220', '12391', 1, 50000, '2015-01-12 11:17:30'),
(80, 20, 'TLK-810', '11012', '10980', 1, 60000, '2015-01-13 18:18:40'),
(81, 21, 'TLK-370', '10473', '13291', 1, 66000, '2015-01-13 18:25:16'),
(82, 20, 'TLL-807', '11503', '11061', 1, 60000, '2015-01-13 21:04:03'),
(83, 20, 'TLL-604', 'JO8C.TGM.11488', 'SG1JDPA-1105', 1, 60000, '2015-01-13 21:08:23'),
(85, 20, 'TLT-052', '01807870', 'AAD.39095', 1, 60000, '2015-01-13 21:12:30'),
(86, 20, 'PP-1866', 'NE6.019058P', 'CPB12H.24214', 1, 40000, '2015-01-13 21:14:57'),
(87, 20, 'TLL-152', 'FE6.121853.CP', 'CDA411P.00590.P', 1, 60000, '2015-01-13 21:16:52'),
(88, 20, 'TLE-832', '10330', '10362', 1, 56000, '2015-01-13 21:18:44'),
(89, 20, 'TLT-060', '01784235', '38935', 1, 60000, '2015-01-13 21:20:35'),
(90, 21, 'TLT-031', '10433', '10023', 1, 60000, '2015-01-13 21:22:29'),
(91, 21, 'TLL-431', '12479', '20002', 1, 60000, '2015-01-13 21:23:33'),
(92, 21, 'JP-9133', '01824734', '48283', 1, 60000, '2015-01-15 11:38:42'),
(93, 20, 'TLL-630', '11493', '11057', 1, 60000, '2015-01-16 10:14:27'),
(94, 22, 'JQ-0038', '10505', '10525', 1, 50000, '2015-01-16 14:40:23'),
(95, 1, '16', '89377239', '98378291', 1, 32000, '2015-01-20 19:55:43'),
(96, 1, '17', 'skjhduiwi23239u', 'kjshu3818', 1, 32000, '2015-01-20 19:56:04'),
(97, 1, '18', 'skjhduiwi2323', 'kjshu38', 1, 32000, '2015-01-20 19:56:21'),
(98, 1, '19', 'skjhduiwi2', 'kjshu383i88', 1, 32000, '2015-01-20 19:56:41'),
(99, 23, 'XA 587', '603655', 'CJP-603655', 1, 15000, '2015-02-02 12:57:03'),
(100, 24, 'SPN-119', 'JO8CFM-20411', 'AKIJRKA-13991', 1, 40000, '2015-02-02 13:02:37'),
(101, 24, 'TUB-417', 'SD-16-HA 0129', 'FTC000129', 1, 24000, '2015-02-02 13:07:04'),
(102, 24, 'TLX-922', '26985', '12494', 1, 40000, '2015-02-02 13:09:36'),
(103, 24, 'SWN-162', 'JO8C S11101', 'AK1JRKA-16609', 1, 40000, '2015-02-02 13:14:02'),
(104, 24, 'TLX-923', 'E-11156', 'PDA-38342', 1, 50000, '2015-02-02 16:20:11'),
(105, 24, 'TLD-572', 'EH-103223', '103387', 1, 40000, '2015-02-02 16:21:23'),
(106, 3, 'TTB-897', 'EH700M-10992', 'FL 176-13229', 1, 25000, '2015-02-03 10:23:21');

-- --------------------------------------------------------

--
-- Table structure for table `trial_balance_settings`
--

CREATE TABLE IF NOT EXISTS `trial_balance_settings` (
  `id` int(11) NOT NULL AUTO_INCREMENT,
  `group_by` varchar(100) NOT NULL,
  `status` tinyint(4) NOT NULL DEFAULT '0',
  PRIMARY KEY (`id`)
) ENGINE=InnoDB  DEFAULT CHARSET=latin1 AUTO_INCREMENT=7 ;

--
-- Dumping data for table `trial_balance_settings`
--

INSERT INTO `trial_balance_settings` (`id`, `group_by`, `status`) VALUES
(1, 'title', 1),
(2, 'ac_type', 0),
(3, 'related_other_agent', 1),
(4, 'related_customer', 1),
(5, 'related_contractor', 1),
(6, 'related_company', 1);

-- --------------------------------------------------------

--
-- Table structure for table `trips`
--

CREATE TABLE IF NOT EXISTS `trips` (
  `id` int(11) NOT NULL AUTO_INCREMENT,
  `customer_id` int(11) NOT NULL,
  `contractor_id` int(11) NOT NULL,
  `company_id` int(11) NOT NULL,
  `tanker_id` int(11) NOT NULL,
  `contractor_commission` float NOT NULL,
  `contractor_commission_1` float NOT NULL DEFAULT '0',
  `contractor_commission_2` float NOT NULL DEFAULT '0',
  `company_commission_1` float NOT NULL DEFAULT '0',
  `company_commission_2` float NOT NULL DEFAULT '0',
  `company_commission_3` float NOT NULL DEFAULT '0',
  `company_wht` float NOT NULL DEFAULT '0',
  `other_taxes` float NOT NULL DEFAULT '0',
  `email_date` date NOT NULL DEFAULT '0000-00-00',
  `filling_date` date NOT NULL DEFAULT '0000-00-00',
  `receiving_date` date NOT NULL DEFAULT '0000-00-00',
  `stn_receiving_date` date NOT NULL DEFAULT '0000-00-00',
  `decanding_date` date NOT NULL DEFAULT '0000-00-00',
  `driver_id_1` int(11) NOT NULL,
  `driver_id_2` int(11) NOT NULL,
  `driver_id_3` int(11) NOT NULL,
  `invoice_date` date NOT NULL DEFAULT '0000-00-00',
  `invoice_number` varchar(20) NOT NULL,
  `start_meter` double NOT NULL,
  `end_meter` double NOT NULL,
  `entryDate` date NOT NULL,
  `type` tinyint(4) NOT NULL DEFAULT '1',
  `active` tinyint(4) NOT NULL DEFAULT '1',
  PRIMARY KEY (`id`)
) ENGINE=InnoDB  DEFAULT CHARSET=latin1 AUTO_INCREMENT=336 ;

--
-- Dumping data for table `trips`
--

INSERT INTO `trips` (`id`, `customer_id`, `contractor_id`, `company_id`, `tanker_id`, `contractor_commission`, `contractor_commission_1`, `contractor_commission_2`, `company_commission_1`, `company_commission_2`, `company_commission_3`, `company_wht`, `other_taxes`, `email_date`, `filling_date`, `receiving_date`, `stn_receiving_date`, `decanding_date`, `driver_id_1`, `driver_id_2`, `driver_id_3`, `invoice_date`, `invoice_number`, `start_meter`, `end_meter`, `entryDate`, `type`, `active`) VALUES
(1, 1, 1, 1, 3, 10, 0, 0, 6, 2, 0, 0, 0, '2014-12-01', '2014-12-01', '2014-12-04', '2014-12-05', '2014-12-04', 4, 4, 4, '2014-12-04', '1040010099', 0, 0, '2014-12-01', 1, 1),
(2, 1, 1, 1, 7, 10, 0, 0, 6, 2, 0, 0, 0, '2014-12-01', '2014-12-01', '2014-12-04', '2014-12-05', '2014-12-04', 7, 7, 7, '2014-12-04', '1040010100', 0, 0, '2014-12-01', 1, 1),
(3, 5, 1, 1, 11, 10, 0, 0, 6, 2, 0, 0, 0, '2014-12-02', '2014-12-02', '2014-12-05', '2014-05-12', '2014-12-05', 8, 8, 8, '2014-05-12', '1040010201', 0, 0, '2014-12-02', 1, 1),
(4, 3, 1, 1, 10, 8, 0, 0, 6, 2, 0, 0, 0, '2014-12-02', '2014-12-02', '2014-12-06', '2014-12-08', '2014-12-06', 8, 8, 8, '2014-12-02', '1070002739', 0, 0, '2014-12-02', 1, 1),
(5, 14, 1, 1, 15, 10, 0, 0, 6, 2, 0, 0, 0, '2014-12-01', '2014-12-01', '2014-12-01', '2014-12-05', '2014-12-01', 8, 8, 8, '2014-12-01', '1040009725', 0, 0, '2014-12-01', 1, 1),
(6, 2, 1, 1, 17, 10, 0, 0, 6, 2, 0, 0, 0, '2014-12-02', '2014-12-02', '2014-12-03', '2014-12-04', '2014-12-03', 2, 2, 2, '0000-00-00', '', 0, 0, '2014-12-02', 1, 1),
(7, 10, 1, 1, 13, 10, 0, 0, 6, 2, 0, 0, 0, '2014-12-02', '2014-12-02', '2014-12-03', '2014-12-12', '2014-12-04', 8, 8, 8, '2014-12-03', '1030008239', 0, 0, '2014-12-02', 1, 1),
(8, 3, 1, 1, 16, 8, 0, 0, 6, 2, 0, 0, 0, '2014-12-02', '2014-12-02', '2014-12-03', '2014-12-08', '2014-12-03', 8, 8, 8, '2014-12-02', '1040009974', 0, 0, '2014-12-02', 1, 1),
(9, 14, 1, 1, 15, 10, 0, 0, 6, 2, 0, 0, 0, '2014-12-02', '2014-12-02', '2014-12-02', '2014-12-05', '2014-12-02', 8, 8, 8, '2014-12-02', '1040009881', 0, 0, '2014-12-02', 1, 1),
(10, 10, 1, 1, 18, 10, 0, 0, 6, 2, 0, 0, 0, '2014-12-03', '2014-12-03', '2014-12-03', '2014-12-04', '2014-12-03', 2, 2, 2, '2014-12-03', '1040010069', 0, 0, '2014-12-03', 1, 1),
(11, 10, 1, 1, 22, 10, 0, 0, 6, 2, 0, 0, 0, '2014-12-01', '2014-12-01', '2014-12-01', '2014-12-03', '2014-12-01', 8, 8, 8, '2014-12-01', '1040009801', 0, 0, '2014-12-01', 1, 1),
(12, 8, 1, 1, 23, 10, 0, 0, 6, 2, 0, 0, 0, '2014-12-03', '2014-12-03', '2014-12-06', '2014-12-06', '2014-12-06', 8, 8, 8, '2014-12-06', '1040010264', 0, 0, '2014-12-03', 1, 1),
(13, 4, 1, 1, 24, 10, 0, 0, 6, 2, 0, 0, 0, '2014-12-01', '2014-12-01', '2014-12-04', '2014-12-04', '2014-12-04', 8, 8, 8, '2014-12-04', '1040010101', 0, 0, '2014-12-01', 1, 1),
(14, 6, 1, 1, 21, 7, 0, 0, 6, 2, 0, 0, 0, '2014-12-03', '2014-12-03', '2014-12-04', '2014-12-04', '2014-12-04', 8, 8, 8, '2014-12-03', '1040010064', 0, 0, '2014-12-03', 1, 1),
(15, 10, 1, 1, 22, 10, 0, 0, 6, 2, 0, 0, 0, '2014-12-03', '2014-12-03', '2014-12-03', '2014-12-04', '2014-12-03', 2, 2, 2, '2014-12-03', '1040010063', 0, 0, '2014-12-03', 1, 1),
(16, 8, 1, 1, 26, 10, 0, 0, 6, 2, 0, 0, 0, '2014-12-01', '2014-12-01', '2014-12-02', '2014-12-10', '2014-12-03', 8, 8, 8, '2014-12-01', '1040009832', 0, 0, '2014-12-01', 1, 1),
(17, 9, 1, 1, 25, 10, 0, 0, 6, 2, 0, 0, 0, '2014-12-01', '2014-12-01', '0004-12-01', '2014-12-05', '2014-12-01', 8, 8, 8, '2014-12-01', '1040009823', 0, 0, '2014-12-01', 1, 1),
(18, 1, 1, 1, 9, 10, 0, 0, 6, 2, 0, 0, 0, '2014-12-04', '2014-12-04', '2014-12-08', '2014-12-08', '2014-12-08', 1, 1, 1, '2014-12-08', '1040010377', 0, 0, '2014-12-04', 1, 1),
(19, 2, 1, 1, 30, 10, 0, 0, 6, 2, 0, 0, 0, '2014-12-04', '2014-12-04', '2014-12-08', '2014-12-08', '2014-12-08', 1, 1, 1, '2014-12-08', '1040010376', 0, 0, '2014-12-04', 1, 1),
(20, 13, 1, 1, 32, 10, 0, 0, 6, 2, 0, 0, 0, '2014-12-04', '2014-12-04', '2014-12-05', '2014-12-08', '2014-12-05', 4, 4, 4, '2014-12-05', '1030008393', 0, 0, '2014-12-04', 1, 1),
(21, 10, 1, 1, 22, 10, 0, 0, 6, 2, 0, 0, 0, '2014-12-04', '2014-12-04', '2014-12-04', '2014-05-12', '2014-12-05', 4, 4, 4, '2014-04-12', '1040010153', 0, 0, '2014-12-04', 1, 1),
(22, 14, 1, 1, 15, 10, 0, 0, 6, 2, 0, 0, 0, '2014-12-03', '2014-12-03', '2014-12-03', '2014-12-05', '2014-12-03', 8, 8, 8, '2014-12-03', '1040009978', 0, 0, '2014-12-03', 1, 1),
(23, 14, 1, 1, 15, 10, 0, 0, 6, 2, 0, 0, 0, '2014-12-05', '2014-12-05', '2014-12-06', '2014-12-08', '2014-12-06', 8, 8, 8, '2014-12-05', '1040010178', 0, 0, '2014-12-05', 1, 1),
(24, 6, 1, 1, 28, 7, 0, 0, 6, 2, 0, 0, 0, '2014-12-04', '2014-12-04', '2014-12-04', '2014-05-12', '2014-12-04', 8, 8, 8, '2014-04-12', '1040010135', 0, 0, '2014-12-04', 1, 1),
(25, 6, 1, 1, 29, 7, 0, 0, 6, 2, 0, 0, 0, '2014-12-04', '2014-12-04', '2014-12-04', '2014-12-06', '2014-12-04', 8, 8, 8, '2014-12-04', '1040010154', 0, 0, '2014-12-04', 1, 1),
(26, 6, 1, 1, 35, 7, 0, 0, 6, 2, 0, 0, 0, '2014-12-04', '2014-12-04', '2014-12-04', '2014-12-06', '2014-12-04', 8, 8, 8, '2014-12-04', '1040010160', 0, 0, '2014-12-04', 1, 1),
(27, 6, 1, 1, 34, 7, 0, 0, 6, 2, 0, 0, 0, '2014-12-04', '2014-12-04', '2014-12-04', '2014-12-06', '2014-12-04', 8, 8, 8, '2014-12-04', '1040010146', 0, 0, '2014-12-04', 1, 1),
(28, 8, 1, 1, 36, 10, 0, 0, 6, 2, 0, 0, 0, '2014-12-01', '2014-12-01', '2014-12-05', '2014-05-12', '2014-11-05', 8, 8, 8, '2014-12-05', '1040010193', 0, 0, '2014-12-01', 1, 1),
(29, 1, 1, 1, 1, 10, 0, 0, 6, 2, 0, 0, 0, '2014-05-12', '2014-12-05', '2014-12-08', '2014-12-08', '2014-12-08', 8, 8, 8, '2014-12-08', '1040010386', 0, 0, '2014-12-05', 1, 1),
(30, 1, 1, 1, 2, 10, 0, 0, 6, 2, 0, 0, 0, '2014-05-12', '2014-12-05', '2014-12-08', '2014-12-08', '2014-12-08', 8, 8, 8, '2014-12-08', '1040010387', 0, 0, '2014-12-05', 1, 1),
(31, 1, 1, 1, 12, 10, 0, 0, 6, 2, 0, 0, 0, '2014-05-12', '2014-12-05', '2014-12-08', '2014-12-08', '2014-12-08', 8, 8, 8, '2014-12-08', '1040010378', 0, 0, '2014-12-05', 1, 1),
(32, 4, 1, 1, 14, 10, 0, 0, 6, 2, 0, 0, 0, '2014-05-12', '2014-12-05', '2014-12-08', '2014-12-08', '2014-12-08', 8, 8, 8, '2014-12-08', '1040010404', 0, 0, '2014-12-05', 1, 1),
(33, 11, 1, 1, 33, 10, 0, 0, 6, 2, 0, 0, 0, '2014-05-12', '2014-12-05', '2014-12-06', '2014-12-08', '2014-12-06', 8, 8, 8, '2014-12-08', '1110001367', 0, 0, '2014-12-05', 1, 1),
(34, 10, 1, 1, 22, 10, 0, 0, 6, 2, 0, 0, 0, '2014-05-12', '2014-12-05', '2014-12-05', '2014-12-06', '2014-12-05', 8, 8, 8, '2014-12-05', '1040010242', 0, 0, '2014-12-05', 1, 1),
(35, 8, 1, 1, 36, 10, 0, 0, 6, 2, 0, 0, 0, '2012-05-12', '2014-12-05', '2014-12-06', '2014-12-10', '2014-12-07', 8, 8, 8, '0000-00-00', '', 0, 0, '2014-12-05', 1, 1),
(36, 5, 1, 1, 11, 10, 0, 0, 6, 2, 0, 0, 0, '2014-12-05', '2014-12-05', '2014-12-06', '2014-12-11', '2014-12-07', 8, 8, 8, '0000-00-00', '', 0, 0, '2014-12-05', 1, 1),
(37, 9, 1, 1, 25, 10, 0, 0, 6, 2, 0, 0, 0, '2014-12-03', '2014-12-03', '2014-12-04', '2014-12-05', '2014-12-04', 8, 8, 8, '2014-12-03', '', 0, 0, '2014-12-03', 1, 1),
(38, 9, 1, 1, 25, 10, 0, 0, 6, 2, 0, 0, 0, '2014-12-03', '2014-12-03', '2014-12-04', '2014-12-05', '2014-12-03', 8, 8, 8, '2014-12-03', '1040010038', 0, 0, '2014-12-03', 1, 1),
(39, 9, 1, 1, 25, 10, 0, 0, 6, 2, 0, 0, 0, '2014-12-05', '2014-12-05', '2014-12-06', '2014-12-09', '2014-12-08', 8, 8, 8, '0000-00-00', '', 0, 0, '2014-12-05', 1, 1),
(40, 3, 1, 1, 37, 8, 0, 0, 6, 2, 0, 0, 0, '2014-12-05', '2014-12-05', '2014-12-06', '2014-12-11', '2014-12-07', 8, 8, 8, '2014-12-05', '1040010189', 0, 0, '2014-12-05', 1, 1),
(41, 2, 1, 1, 20, 10, 0, 0, 6, 2, 0, 0, 0, '2014-12-03', '2014-12-03', '2014-12-06', '2014-12-06', '2014-12-06', 8, 8, 8, '2014-12-06', '1040010297', 0, 0, '2014-12-03', 1, 1),
(42, 9, 1, 1, 38, 10, 0, 0, 6, 2, 0, 0, 0, '2014-12-03', '2014-12-03', '2014-12-06', '2014-12-06', '2014-12-06', 8, 8, 8, '2014-12-06', '1040010268', 0, 0, '2014-12-03', 1, 1),
(43, 1, 1, 1, 5, 10, 0, 0, 6, 2, 0, 0, 0, '2014-12-05', '2014-12-05', '2014-12-05', '2014-12-08', '2014-12-06', 8, 8, 8, '2014-12-05', '1040010172', 0, 0, '2014-12-05', 1, 1),
(44, 16, 1, 1, 40, 10, 0, 0, 6, 2, 0, 0, 0, '2014-12-01', '2014-12-01', '2014-12-02', '2014-12-06', '2014-02-03', 8, 8, 8, '2014-12-01', '1040009717', 0, 0, '2014-12-01', 1, 1),
(45, 16, 1, 1, 40, 10, 0, 0, 6, 2, 0, 0, 0, '2014-12-02', '2014-12-02', '2014-12-03', '2014-12-06', '2014-12-03', 8, 8, 8, '2014-12-02', '1040009930', 0, 0, '2014-12-02', 1, 1),
(46, 16, 1, 1, 40, 10, 0, 0, 6, 2, 0, 0, 0, '2014-12-02', '2014-12-02', '2014-12-02', '2014-12-06', '2014-12-03', 8, 8, 8, '2014-12-02', '', 0, 0, '2014-12-02', 1, 1),
(47, 2, 1, 1, 19, 10, 0, 0, 6, 2, 0, 0, 0, '2014-12-06', '2014-12-06', '2014-12-09', '2014-12-09', '2014-12-09', 8, 8, 8, '2014-12-09', '1040010483', 0, 0, '2014-12-06', 1, 1),
(48, 2, 1, 1, 39, 10, 0, 0, 6, 2, 0, 0, 0, '2014-12-06', '2014-12-06', '2014-12-09', '2014-12-09', '2014-12-09', 8, 8, 8, '2014-12-09', '1040010464', 0, 0, '2014-12-06', 1, 1),
(49, 10, 1, 1, 22, 10, 0, 0, 6, 2, 0, 0, 0, '2014-12-06', '2014-12-06', '2014-12-08', '2014-12-08', '2014-12-08', 8, 8, 8, '2014-12-06', '1040010329', 0, 0, '2014-12-06', 1, 1),
(50, 9, 1, 1, 38, 10, 0, 0, 6, 2, 0, 0, 0, '2014-12-06', '2014-12-06', '2014-12-06', '2014-12-09', '2014-12-08', 8, 8, 8, '0000-00-00', '', 0, 0, '2014-12-06', 1, 1),
(51, 8, 1, 1, 23, 10, 0, 0, 6, 2, 0, 0, 0, '2014-12-06', '2014-12-06', '2014-12-08', '2014-12-10', '2014-12-09', 8, 8, 8, '0000-00-00', '', 0, 0, '2014-12-06', 1, 1),
(52, 16, 1, 1, 40, 10, 0, 0, 6, 2, 0, 0, 0, '2014-12-06', '2014-12-06', '2014-12-08', '2014-12-12', '2014-12-09', 8, 8, 8, '2014-12-06', '1040010311', 0, 0, '2014-12-06', 1, 1),
(53, 3, 1, 1, 16, 8, 0, 0, 6, 2, 0, 0, 0, '2014-12-06', '2014-12-06', '2014-12-10', '2014-12-11', '2014-12-10', 8, 8, 8, '2014-12-06', '1070002847', 0, 0, '2014-12-06', 1, 1),
(54, 3, 1, 1, 42, 8, 0, 0, 6, 2, 0, 0, 0, '2014-12-08', '2014-12-08', '2014-12-12', '2014-12-17', '2014-12-12', 8, 8, 8, '2014-12-08', '1070002866', 0, 0, '2014-12-08', 1, 1),
(55, 1, 1, 1, 3, 10, 0, 0, 6, 2, 0, 0, 0, '2014-12-08', '2014-12-08', '2014-12-11', '2014-12-11', '2014-12-11', 8, 8, 8, '2014-12-11', '1040010597', 0, 0, '2014-12-08', 1, 1),
(56, 15, 1, 1, 41, 10, 0, 0, 6, 2, 0, 0, 0, '2014-12-08', '2014-12-08', '2014-12-11', '2014-12-11', '2014-12-11', 8, 8, 8, '2014-12-11', '1040010598', 0, 0, '2014-12-08', 1, 1),
(57, 13, 1, 1, 32, 10, 0, 0, 6, 2, 0, 0, 0, '2014-12-08', '2014-12-08', '2014-12-09', '2014-12-10', '2014-12-10', 8, 8, 8, '2014-12-09', '1030008642', 0, 0, '2014-12-08', 1, 1),
(58, 14, 1, 1, 15, 10, 0, 0, 6, 2, 0, 0, 0, '2014-12-08', '2014-12-08', '2014-12-08', '2014-12-13', '2014-12-09', 8, 8, 8, '2013-12-08', '1040010342', 0, 0, '2014-12-08', 1, 1),
(59, 17, 1, 1, 44, 10, 0, 0, 6, 2, 0, 0, 0, '2014-12-08', '2014-12-08', '2014-12-09', '2014-12-12', '2014-12-10', 8, 8, 8, '0000-00-00', '', 0, 0, '2014-12-08', 1, 1),
(60, 2, 1, 1, 43, 10, 0, 0, 6, 2, 0, 0, 0, '2014-12-08', '2014-12-08', '2014-12-09', '2014-12-13', '2014-12-10', 8, 8, 8, '2014-12-09', '1030008641', 0, 0, '2014-12-08', 1, 1),
(61, 2, 1, 1, 45, 10, 0, 0, 6, 2, 0, 0, 0, '2014-12-08', '2014-12-08', '2014-12-09', '2014-12-13', '2014-12-10', 8, 8, 8, '2014-12-09', '1030008640', 0, 0, '2014-12-08', 1, 1),
(62, 10, 1, 1, 22, 10, 0, 0, 6, 2, 0, 0, 0, '2014-12-09', '2014-12-09', '2014-12-10', '2014-12-10', '2014-12-10', 8, 8, 8, '2014-12-09', '1040010498', 0, 0, '2014-12-09', 1, 1),
(63, 9, 1, 1, 25, 10, 0, 0, 6, 2, 0, 0, 0, '2014-12-09', '2014-12-09', '2014-12-10', '2014-12-13', '2014-12-11', 8, 8, 8, '2014-12-09', '1040010493', 0, 0, '2014-12-09', 1, 1),
(64, 11, 1, 1, 33, 10, 0, 0, 6, 2, 0, 0, 0, '2014-12-09', '2014-12-09', '2014-12-10', '2014-12-13', '2014-12-10', 8, 8, 8, '2014-12-10', '1110001390', 0, 0, '2014-12-09', 1, 1),
(65, 7, 1, 1, 46, 10, 0, 0, 6, 2, 0, 0, 0, '2014-12-09', '2014-12-09', '2014-12-10', '2014-12-12', '2014-12-11', 8, 8, 8, '2014-12-09', '1040010469', 0, 0, '2014-12-09', 1, 1),
(66, 1, 1, 1, 7, 10, 0, 0, 6, 2, 0, 0, 0, '2014-12-09', '2014-12-09', '2014-12-12', '2014-12-12', '2014-12-12', 8, 8, 8, '2014-12-12', '1040010681', 0, 0, '2014-12-09', 1, 1),
(67, 2, 1, 1, 20, 10, 0, 0, 6, 2, 0, 0, 0, '2014-12-09', '2014-12-09', '2014-12-12', '2014-12-12', '2014-12-12', 8, 8, 8, '2014-12-12', '1040010680', 0, 0, '2014-12-09', 1, 1),
(68, 3, 1, 1, 10, 8, 0, 0, 6, 2, 0, 0, 0, '2014-12-10', '2014-12-10', '2014-12-15', '2014-12-16', '2014-12-16', 8, 8, 8, '2014-12-10', '1070002923', 0, 0, '2014-12-10', 1, 1),
(69, 9, 1, 1, 38, 10, 0, 0, 6, 2, 0, 0, 0, '2014-12-10', '2014-12-10', '2014-12-13', '2014-12-13', '2014-12-13', 8, 8, 8, '2014-12-13', '1040010716', 0, 0, '2014-12-10', 1, 1),
(70, 8, 1, 1, 47, 10, 0, 0, 6, 2, 0, 0, 0, '2014-12-10', '2014-12-10', '2014-12-15', '2014-12-15', '2014-12-15', 8, 8, 8, '2014-12-15', '1040010817', 0, 0, '2014-12-10', 1, 1),
(71, 10, 1, 1, 18, 10, 0, 0, 6, 2, 0, 0, 0, '2014-12-10', '2014-12-10', '2014-12-11', '2014-12-11', '2014-12-11', 8, 8, 8, '2014-12-10', '1040010550', 0, 0, '2014-12-10', 1, 1),
(72, 3, 1, 1, 37, 8, 0, 0, 6, 2, 0, 0, 0, '2014-12-08', '2014-12-08', '2014-12-09', '2014-12-10', '2014-12-10', 8, 8, 8, '2014-12-08', '1040010337', 0, 0, '2014-12-08', 1, 1),
(73, 1, 1, 1, 9, 10, 0, 0, 6, 2, 0, 0, 0, '2014-12-11', '2014-12-11', '2014-12-13', '2014-12-13', '2014-12-13', 8, 8, 8, '2014-12-13', '1040010748', 0, 0, '2014-12-11', 1, 1),
(74, 1, 1, 1, 2, 10, 0, 0, 6, 2, 0, 0, 0, '2014-12-11', '2014-12-11', '2014-12-13', '2014-12-13', '2014-12-13', 8, 8, 8, '2014-12-13', '1040010747', 0, 0, '2014-12-11', 1, 1),
(75, 4, 1, 1, 14, 10, 0, 0, 6, 2, 0, 0, 0, '2014-12-11', '2014-12-11', '2014-12-13', '2014-12-13', '2014-12-13', 8, 8, 8, '2014-12-13', '1040010751', 0, 0, '2014-12-11', 1, 1),
(76, 2, 1, 1, 30, 10, 0, 0, 6, 2, 0, 0, 0, '2014-12-11', '2014-12-11', '2014-12-15', '2014-12-15', '2014-12-15', 8, 8, 8, '2014-12-15', '1040010816', 0, 0, '2014-12-11', 1, 1),
(77, 10, 1, 1, 22, 10, 0, 0, 6, 2, 0, 0, 0, '2014-12-11', '2014-12-11', '2014-12-12', '2014-12-12', '2014-12-12', 8, 8, 8, '2014-12-11', '1040010593', 0, 0, '2014-12-11', 1, 1),
(78, 11, 1, 1, 49, 10, 0, 0, 6, 2, 0, 0, 0, '2014-12-11', '2014-12-11', '2014-12-12', '2014-12-22', '2014-12-13', 8, 8, 8, '2014-12-12', '1110001414', 0, 0, '2014-12-11', 1, 1),
(79, 12, 1, 1, 31, 10, 0, 0, 6, 2, 0, 0, 0, '2014-12-11', '2014-12-11', '2014-12-15', '2014-12-15', '2014-12-15', 8, 8, 8, '2014-12-15', '1040010815', 0, 0, '2014-12-11', 1, 1),
(80, 8, 1, 1, 36, 10, 0, 0, 6, 2, 0, 0, 0, '2014-12-11', '2014-12-11', '2014-12-17', '2014-12-17', '2014-12-17', 8, 8, 8, '2014-12-17', '1040010931', 0, 0, '2014-12-11', 1, 1),
(81, 3, 1, 1, 50, 8, 0, 0, 6, 2, 0, 0, 0, '2014-12-11', '2014-12-11', '2014-12-13', '2014-12-13', '2014-12-13', 8, 8, 8, '2014-12-13', '1040010749', 0, 0, '2014-12-11', 1, 1),
(82, 7, 1, 1, 51, 10, 0, 0, 6, 2, 0, 0, 0, '2014-12-11', '2014-12-11', '2014-12-12', '2014-12-17', '2014-12-13', 8, 8, 8, '2014-12-11', '1040010605', 0, 0, '2014-12-11', 1, 1),
(83, 7, 1, 1, 46, 10, 0, 0, 6, 2, 0, 0, 0, '2014-12-09', '2014-12-09', '2014-12-10', '2014-12-12', '2014-12-11', 8, 8, 8, '2014-12-09', '', 0, 0, '2014-12-09', 1, 1),
(84, 17, 1, 1, 44, 10, 0, 0, 6, 2, 0, 0, 0, '2014-12-12', '2014-12-12', '2014-12-12', '2014-12-15', '2014-12-12', 8, 8, 8, '0000-00-00', '', 0, 0, '2014-12-12', 1, 1),
(85, 16, 1, 1, 40, 10, 0, 0, 6, 2, 0, 0, 0, '2014-12-12', '2014-12-12', '2014-12-13', '2014-12-16', '2014-12-14', 8, 8, 8, '2014-12-12', '1040010692', 0, 0, '2014-12-12', 1, 1),
(86, 1, 1, 1, 1, 10, 0, 0, 6, 2, 0, 0, 0, '2014-12-13', '2014-12-13', '2014-12-16', '2014-12-16', '2014-12-16', 8, 8, 8, '2014-12-16', '1040010889', 0, 0, '2014-12-13', 1, 1),
(87, 1, 1, 1, 12, 10, 0, 0, 6, 2, 0, 0, 0, '2014-12-13', '2014-12-13', '2014-12-16', '2014-12-16', '2014-12-16', 8, 8, 8, '2014-12-16', '1040010890', 0, 0, '2014-12-13', 1, 1),
(88, 1, 1, 1, 3, 10, 0, 0, 6, 2, 0, 0, 0, '2014-12-13', '2014-12-13', '2014-12-16', '2014-12-16', '2014-12-16', 8, 8, 8, '2014-12-16', '1040010888', 0, 0, '2014-12-13', 1, 1),
(89, 2, 1, 1, 19, 10, 0, 0, 6, 2, 0, 0, 0, '2014-12-13', '2014-12-13', '2014-12-16', '2014-12-16', '2014-12-16', 8, 8, 8, '2014-12-16', '1040010891', 0, 0, '2014-12-13', 1, 1),
(90, 11, 1, 1, 33, 10, 0, 0, 6, 2, 0, 0, 0, '2014-12-13', '2014-12-13', '2014-12-15', '2014-12-17', '2014-12-16', 8, 8, 8, '2014-12-16', '1110001444', 0, 0, '2014-12-13', 1, 1),
(91, 9, 1, 1, 38, 10, 0, 0, 6, 2, 0, 0, 0, '2014-12-13', '2014-12-13', '2014-12-13', '2014-12-18', '2014-12-13', 8, 8, 8, '0000-00-00', '', 0, 0, '2014-12-13', 1, 1),
(92, 10, 1, 1, 22, 10, 0, 0, 6, 2, 0, 0, 0, '2014-12-13', '2014-12-13', '2014-12-15', '2014-12-15', '2014-12-15', 8, 8, 8, '2014-12-13', '1040010722', 0, 0, '2014-12-13', 1, 1),
(93, 14, 1, 1, 15, 10, 0, 0, 6, 2, 0, 0, 0, '2014-12-13', '2014-12-13', '2014-12-15', '2014-12-15', '2014-12-16', 8, 8, 8, '2014-12-13', '1040010759', 0, 0, '2014-12-13', 1, 1),
(94, 3, 1, 1, 16, 8, 0, 0, 6, 2, 0, 0, 0, '2014-12-15', '2014-12-15', '2014-12-19', '2014-12-22', '2014-12-19', 8, 8, 8, '2014-12-15', '1070003002', 0, 0, '2014-12-15', 1, 1),
(95, 2, 1, 1, 39, 10, 0, 0, 6, 2, 0, 0, 0, '2014-12-15', '2014-12-15', '2014-12-17', '2014-12-22', '2014-12-17', 8, 8, 8, '2014-12-17', '1030009146', 0, 0, '2014-12-15', 1, 1),
(96, 17, 1, 1, 44, 10, 0, 0, 6, 2, 0, 0, 0, '2014-12-15', '2014-12-15', '2014-12-15', '2014-12-16', '2014-12-16', 8, 8, 8, '2014-12-15', '1040010783', 0, 0, '2014-12-15', 1, 1),
(97, 1, 1, 1, 2, 10, 0, 0, 6, 2, 0, 0, 0, '2014-12-15', '2014-12-15', '2014-12-18', '2014-12-18', '2014-12-18', 8, 8, 8, '2014-12-18', '1040010997', 0, 0, '2014-12-15', 1, 1),
(98, 1, 1, 1, 9, 10, 0, 0, 6, 2, 0, 0, 0, '2014-12-15', '2014-12-15', '2014-12-18', '2014-12-18', '2014-12-18', 8, 8, 8, '2014-12-18', '1040010998', 0, 0, '2014-12-15', 1, 1),
(99, 1, 1, 1, 7, 10, 0, 0, 6, 2, 0, 0, 0, '2014-12-15', '2014-12-15', '2014-12-18', '2014-12-18', '2014-12-18', 8, 8, 8, '2014-12-18', '1040010996', 0, 0, '2014-12-15', 1, 1),
(100, 2, 1, 1, 20, 10, 0, 0, 6, 2, 0, 0, 0, '2014-12-15', '2014-12-15', '2014-12-19', '2014-12-19', '2014-12-19', 8, 8, 8, '2014-12-19', '1040011057', 0, 0, '2014-12-15', 1, 1),
(101, 10, 1, 1, 22, 10, 0, 0, 6, 2, 0, 0, 0, '2014-12-15', '2014-12-15', '2014-12-16', '2014-12-16', '2014-12-16', 8, 8, 8, '2014-12-15', '1040010844', 0, 0, '2014-12-15', 1, 1),
(102, 7, 1, 1, 52, 10, 0, 0, 6, 2, 0, 0, 0, '2014-12-15', '2014-12-15', '2014-12-16', '2014-12-17', '2014-12-16', 8, 8, 8, '2014-12-15', '1040010823', 0, 0, '2014-12-15', 1, 1),
(103, 14, 1, 1, 15, 10, 0, 0, 6, 2, 0, 0, 0, '2014-12-15', '2014-12-15', '2014-12-16', '2014-12-17', '2014-12-16', 8, 8, 8, '2014-12-15', '1040010839', 0, 0, '2014-12-15', 1, 1),
(104, 8, 1, 1, 47, 10, 0, 0, 6, 2, 0, 0, 0, '2014-12-15', '2014-12-15', '2014-12-16', '2014-12-17', '2014-12-16', 8, 8, 8, '0000-00-00', '', 0, 0, '2014-12-15', 1, 1),
(105, 2, 1, 1, 45, 10, 0, 0, 6, 2, 0, 0, 0, '2014-12-16', '2014-12-16', '2014-12-18', '2014-12-22', '2014-12-18', 8, 8, 8, '2014-12-18', '1030009225', 0, 0, '2014-12-16', 1, 1),
(106, 16, 1, 1, 40, 10, 0, 0, 6, 2, 0, 0, 0, '2014-12-16', '2014-12-16', '2014-12-17', '2014-12-27', '2014-12-17', 8, 8, 8, '2014-12-16', '1040010893', 0, 0, '2014-12-16', 1, 1),
(107, 2, 1, 1, 53, 10, 0, 0, 6, 2, 0, 0, 0, '2014-12-16', '2014-12-16', '2014-12-18', '2014-12-22', '2014-12-18', 8, 8, 8, '2014-12-18', '1030009224', 0, 0, '2014-12-16', 1, 1),
(108, 3, 1, 1, 42, 8, 0, 0, 6, 2, 0, 0, 0, '2014-12-15', '2014-12-15', '2014-12-19', '2014-12-22', '2014-12-19', 8, 8, 8, '2014-12-15', '1070003003', 0, 0, '2014-12-15', 1, 1),
(109, 7, 1, 1, 52, 10, 0, 0, 6, 2, 0, 0, 0, '2014-12-15', '2014-12-15', '2014-12-16', '2014-12-17', '2014-12-16', 8, 8, 8, '0000-00-00', '', 0, 0, '2014-12-15', 1, 1),
(110, 7, 1, 1, 51, 10, 0, 0, 6, 2, 0, 0, 0, '2014-12-11', '2014-12-11', '2014-12-12', '2014-12-17', '2014-12-13', 8, 8, 8, '0000-00-00', '', 0, 0, '2014-12-11', 1, 1),
(111, 14, 1, 1, 15, 10, 0, 0, 6, 2, 0, 0, 0, '2014-12-17', '2014-12-17', '2014-12-18', '2014-12-18', '2014-12-18', 8, 8, 8, '2014-12-17', '1040010923', 0, 0, '2014-12-17', 1, 1),
(112, 17, 1, 1, 44, 10, 0, 0, 6, 2, 0, 0, 0, '2014-12-17', '2014-12-17', '2014-12-18', '2014-12-19', '2014-12-18', 8, 8, 8, '2014-12-17', '1040010927', 0, 0, '2014-12-17', 1, 1),
(113, 10, 1, 1, 22, 10, 0, 0, 6, 2, 0, 0, 0, '2014-12-17', '2014-12-17', '2014-12-18', '2014-12-18', '2014-12-18', 8, 8, 8, '2014-12-17', '1040010940', 0, 0, '2014-12-17', 1, 1),
(114, 11, 1, 1, 33, 10, 0, 0, 6, 2, 0, 0, 0, '2014-12-17', '2014-12-17', '2014-12-19', '2014-12-26', '2014-12-19', 8, 8, 8, '2014-12-19', '1110001474', 0, 0, '2014-12-17', 1, 1),
(115, 8, 1, 1, 36, 10, 0, 0, 6, 2, 0, 0, 0, '2014-12-17', '2014-12-17', '2014-12-18', '2014-12-22', '2014-12-18', 8, 8, 8, '0000-00-00', '', 0, 0, '2014-12-17', 1, 1),
(116, 8, 1, 1, 26, 10, 0, 0, 6, 2, 0, 0, 0, '2014-12-17', '2014-12-17', '0000-00-00', '0000-00-00', '0000-00-00', 8, 8, 8, '2014-12-17', '1040010922', 0, 0, '2014-12-17', 1, 1),
(117, 18, 2, 2, 54, 0, 0, 0, 5.5, 0, 0, 0, 0, '2014-12-17', '2014-12-17', '2014-12-20', '2014-12-20', '2014-12-20', 8, 8, 8, '2014-12-20', '1040011117', 0, 0, '2014-12-17', 1, 1),
(118, 9, 1, 1, 38, 10, 0, 0, 6, 2, 0, 0, 0, '2014-12-17', '2014-12-17', '2014-12-22', '2014-12-22', '2014-12-22', 8, 8, 8, '2014-12-22', '1040011138', 0, 0, '2014-12-17', 1, 1),
(119, 3, 1, 1, 10, 8, 0, 0, 6, 2, 0, 0, 0, '2014-12-18', '2014-12-18', '2014-12-22', '2014-12-26', '2014-12-22', 8, 8, 8, '2014-12-18', '1070003068', 0, 0, '2014-12-18', 1, 1),
(120, 3, 1, 1, 6, 8, 0, 0, 6, 2, 0, 0, 0, '2014-12-18', '2014-12-18', '2014-12-19', '2014-12-22', '2014-12-19', 8, 8, 8, '2014-12-18', '1040011007', 0, 0, '2014-12-18', 1, 1),
(121, 1, 1, 1, 1, 10, 0, 0, 6, 2, 0, 0, 0, '2014-12-18', '2014-12-18', '2014-12-22', '2014-12-22', '2014-12-22', 8, 8, 8, '2014-12-22', '1040011161', 0, 0, '2014-12-18', 1, 1),
(122, 1, 1, 1, 3, 10, 0, 0, 6, 2, 0, 0, 0, '2014-12-18', '2014-12-18', '2014-12-22', '2014-12-22', '2014-12-22', 8, 8, 8, '2014-12-22', '1040011159', 0, 0, '2014-12-18', 1, 1),
(123, 1, 1, 1, 12, 10, 0, 0, 6, 2, 0, 0, 0, '2014-12-19', '2014-12-19', '2014-12-23', '2014-12-23', '2014-12-23', 8, 8, 8, '2014-12-23', '1040011217', 0, 0, '2014-12-19', 1, 1),
(124, 2, 1, 1, 19, 10, 0, 0, 6, 2, 0, 0, 0, '2014-12-19', '2014-12-19', '2014-12-22', '2014-12-22', '2014-12-22', 8, 8, 8, '2014-12-22', '1040011158', 0, 0, '2014-12-19', 1, 1),
(125, 4, 1, 1, 14, 10, 0, 0, 6, 2, 0, 0, 0, '2014-12-19', '2014-12-19', '2014-12-22', '2014-12-22', '2014-12-22', 8, 8, 8, '2014-12-22', '1040011162', 0, 0, '2014-12-19', 1, 1),
(126, 4, 1, 1, 24, 10, 0, 0, 6, 2, 0, 0, 0, '2014-12-19', '2014-12-19', '2014-12-22', '2014-12-22', '2014-12-22', 8, 8, 8, '2014-12-22', '1040011160', 0, 0, '2014-12-19', 1, 1),
(127, 5, 1, 1, 11, 10, 0, 0, 6, 2, 0, 0, 0, '2014-12-19', '2014-12-19', '2014-12-23', '2014-12-23', '2014-12-23', 8, 8, 8, '2014-12-23', '1040011215', 0, 0, '2014-12-19', 1, 1),
(128, 14, 1, 1, 15, 10, 0, 0, 6, 2, 0, 0, 0, '2014-12-19', '2014-12-19', '2014-12-20', '2014-12-23', '2004-12-20', 8, 8, 8, '2014-12-19', '1040011048', 0, 0, '2014-12-19', 1, 1),
(129, 17, 1, 1, 44, 10, 0, 0, 6, 2, 0, 0, 0, '2014-12-19', '2014-12-19', '2014-12-20', '2014-12-22', '2014-12-20', 8, 8, 8, '2014-12-19', '1040011064', 0, 0, '2014-12-19', 1, 1),
(130, 12, 1, 1, 31, 10, 0, 0, 6, 2, 0, 0, 0, '2014-12-20', '2014-12-20', '2014-12-24', '2014-12-24', '2014-12-24', 8, 8, 8, '2014-12-24', '1040011288', 0, 0, '2014-12-20', 1, 1),
(131, 1, 1, 1, 2, 10, 0, 0, 6, 2, 0, 0, 0, '2014-12-20', '2014-12-20', '2014-12-23', '2014-12-23', '2014-12-23', 8, 8, 8, '2014-12-23', '1040011216', 0, 0, '2014-12-20', 1, 1),
(132, 1, 1, 1, 9, 10, 0, 0, 6, 2, 0, 0, 0, '2014-12-20', '2014-12-20', '2014-12-23', '2014-12-23', '2014-12-23', 8, 8, 8, '2014-12-23', '1040011214', 0, 0, '2014-12-20', 1, 1),
(133, 8, 1, 1, 23, 10, 0, 0, 6, 2, 0, 0, 0, '2014-12-20', '2014-12-20', '2014-12-24', '2014-12-27', '2014-12-24', 8, 8, 8, '2014-12-20', '1070003109', 0, 0, '2014-12-20', 1, 1),
(134, 2, 1, 1, 43, 10, 0, 0, 6, 2, 0, 0, 0, '2014-12-20', '2014-12-20', '2014-12-22', '2015-02-02', '2014-12-22', 8, 8, 8, '2014-12-22', '1030009415', 0, 0, '2014-12-20', 1, 1),
(135, 18, 1, 1, 55, 7, 0, 0, 6, 2, 0, 0, 0, '2014-12-20', '2014-12-20', '2014-12-24', '2014-12-24', '2014-12-24', 8, 8, 8, '2014-12-24', '1040011287', 0, 0, '2014-12-20', 1, 1),
(136, 8, 1, 1, 47, 10, 0, 0, 6, 2, 0, 0, 0, '2014-12-22', '2014-12-22', '2014-12-26', '2014-12-26', '2014-12-26', 8, 8, 8, '2014-12-26', '1040011368', 0, 0, '2014-12-22', 1, 1),
(137, 3, 1, 1, 42, 8, 0, 0, 6, 2, 0, 0, 0, '2014-12-22', '2014-12-22', '2014-12-27', '2014-12-29', '2014-12-27', 8, 8, 8, '2014-12-22', '1070003131', 0, 0, '2014-12-22', 1, 1),
(138, 3, 1, 1, 6, 8, 0, 0, 6, 2, 0, 0, 0, '2014-12-22', '2014-12-22', '2014-12-26', '2014-12-29', '2014-12-26', 8, 8, 8, '2014-12-22', '1070003133', 0, 0, '2014-12-22', 1, 1),
(139, 3, 1, 1, 16, 8, 0, 0, 6, 2, 0, 0, 0, '2014-12-22', '2014-12-22', '2014-12-26', '2014-12-29', '2014-12-26', 8, 8, 8, '2014-12-22', '1070003132', 0, 0, '2014-12-22', 1, 1),
(140, 10, 1, 1, 22, 10, 0, 0, 6, 2, 0, 0, 0, '2014-12-22', '2014-12-22', '2014-12-23', '2014-12-23', '2014-12-23', 8, 8, 8, '2014-12-22', '1040011183', 0, 0, '2014-12-22', 1, 1),
(141, 9, 1, 1, 38, 10, 0, 0, 6, 2, 0, 0, 0, '2014-12-22', '2014-12-22', '2014-12-22', '2014-12-26', '2014-12-23', 8, 8, 8, '2014-12-22', '', 0, 0, '2014-12-22', 1, 1),
(142, 11, 1, 1, 56, 10, 0, 0, 6, 2, 0, 0, 0, '2014-12-22', '2014-12-22', '2014-12-23', '2014-12-23', '2014-12-23', 8, 8, 8, '2014-12-22', '1040011152', 0, 0, '2014-12-22', 1, 1),
(143, 17, 1, 1, 44, 10, 0, 0, 6, 2, 0, 0, 0, '2014-12-22', '2014-12-22', '2014-12-23', '2014-12-26', '2014-12-23', 8, 8, 8, '2014-12-22', '1040011153', 0, 0, '2014-12-22', 1, 1),
(144, 14, 1, 1, 15, 10, 0, 0, 6, 2, 0, 0, 0, '2014-12-23', '2014-12-23', '2014-12-24', '2014-12-30', '2014-12-24', 8, 8, 8, '2014-12-23', '1040011199', 0, 0, '2014-12-23', 1, 1),
(145, 2, 1, 1, 30, 10, 0, 0, 6, 2, 0, 0, 0, '2014-12-23', '2014-12-23', '2014-12-26', '2014-12-26', '2014-12-26', 8, 8, 8, '2014-12-26', '1040011378', 0, 0, '2014-12-23', 1, 1),
(146, 18, 1, 1, 54, 7, 0, 0, 6, 2, 0, 0, 0, '2014-12-23', '2014-12-23', '2014-12-26', '2014-12-26', '2014-12-26', 8, 8, 8, '2014-12-26', '1040011369', 0, 0, '2014-12-23', 1, 1),
(147, 11, 1, 1, 33, 10, 0, 0, 6, 2, 0, 0, 0, '2014-12-22', '2014-12-22', '2014-12-23', '2014-12-26', '2014-12-23', 8, 8, 8, '2014-12-24', '1110001513', 0, 0, '2014-12-22', 1, 1),
(148, 2, 1, 1, 20, 10, 0, 0, 6, 2, 0, 0, 0, '2014-12-29', '2014-12-29', '2015-01-01', '2015-01-01', '2015-01-01', 8, 8, 8, '2015-01-01', '1040011753', 0, 0, '2014-12-29', 1, 1),
(149, 8, 1, 1, 47, 10, 0, 0, 6, 2, 0, 0, 0, '2014-12-26', '2014-12-26', '2014-12-27', '2014-12-30', '2014-12-27', 8, 8, 8, '0000-00-00', '', 0, 0, '2014-12-26', 1, 1),
(150, 1, 2, 2, 1, 10, 0, 0, 5.5, 0, 0, 0, 0, '2014-12-27', '2014-12-27', '2014-12-30', '2014-12-30', '2014-12-30', 8, 8, 8, '2014-12-30', '1740000681', 0, 0, '2014-12-27', 1, 1),
(151, 1, 2, 2, 2, 10, 0, 0, 5.5, 0, 0, 0, 0, '2014-12-27', '2014-12-27', '2014-12-30', '2014-12-30', '2014-12-30', 8, 8, 8, '2014-12-30', '1740000682', 0, 0, '2014-12-27', 1, 1),
(152, 13, 1, 1, 32, 10, 0, 0, 6, 2, 0, 0, 0, '2014-12-29', '2014-12-29', '2014-12-30', '2015-01-01', '2014-12-30', 8, 8, 8, '2014-12-30', '1030009835', 0, 0, '2014-12-29', 1, 1),
(153, 1, 1, 1, 7, 10, 0, 0, 6, 2, 0, 0, 0, '2014-12-29', '2014-12-29', '2015-01-01', '2015-01-01', '2015-01-01', 8, 8, 8, '2015-01-01', '1040011754', 0, 0, '2014-12-29', 1, 1),
(154, 3, 1, 1, 10, 8, 0, 0, 6, 2, 0, 0, 0, '2014-12-30', '2014-12-30', '2015-01-03', '2015-01-03', '2015-01-03', 8, 8, 8, '2015-01-03', '1040011972', 0, 0, '2014-12-30', 1, 1),
(158, 2, 1, 1, 39, 10, 0, 0, 6, 2, 0, 0, 0, '2014-12-31', '2014-12-31', '2015-01-02', '2015-01-07', '2015-01-02', 8, 8, 8, '2015-01-02', '1030009954', 0, 0, '2014-12-31', 1, 1),
(159, 2, 1, 1, 45, 10, 0, 0, 6, 2, 0, 0, 0, '2014-12-31', '2014-12-31', '2015-01-02', '2015-01-07', '2015-01-02', 8, 8, 8, '2015-01-02', '1030009963', 0, 0, '2014-12-31', 1, 1),
(160, 1, 1, 1, 3, 10, 0, 0, 6, 2, 0, 0, 0, '2014-12-31', '2014-12-31', '2015-01-03', '2015-01-03', '2015-01-03', 8, 8, 8, '2015-01-03', '1040011971', 0, 0, '2014-12-31', 1, 1),
(161, 11, 1, 1, 33, 10, 0, 0, 6, 2, 0, 0, 0, '2014-12-31', '2014-12-31', '2015-01-01', '2015-01-05', '2015-01-01', 8, 8, 8, '2015-01-01', '1110001550', 0, 0, '2014-12-31', 1, 1),
(162, 11, 1, 1, 67, 10, 0, 0, 6, 2, 0, 0, 0, '2014-12-31', '2014-12-31', '2015-01-01', '2015-01-05', '2015-01-01', 8, 8, 8, '2015-01-01', '1110001549', 0, 0, '2014-12-31', 1, 1),
(163, 14, 1, 1, 15, 10, 0, 0, 6, 2, 0, 0, 0, '2014-11-17', '2014-11-17', '2014-11-18', '2014-12-30', '2014-11-18', 8, 8, 8, '0000-00-00', '', 0, 0, '2014-11-17', 1, 1),
(164, 14, 1, 1, 15, 10, 0, 0, 6, 2, 0, 0, 0, '2014-11-19', '2014-11-19', '2014-11-20', '2014-12-30', '2014-11-20', 8, 8, 8, '0000-00-00', '', 0, 0, '2014-11-19', 1, 1),
(165, 14, 1, 1, 15, 10, 0, 0, 6, 2, 0, 0, 0, '2014-11-24', '2014-11-24', '2014-11-25', '2014-12-30', '2014-11-25', 8, 8, 8, '0000-00-00', '', 0, 0, '2014-11-24', 1, 1),
(166, 20, 1, 1, 68, 10, 0, 0, 6, 2, 0, 0, 0, '2014-11-19', '2014-11-19', '2014-11-20', '2014-12-30', '2014-11-20', 8, 8, 8, '0000-00-00', '', 0, 0, '2014-11-19', 1, 1),
(167, 14, 2, 2, 15, 10, 0, 0, 5.5, 0, 0, 0, 0, '2014-11-01', '2014-11-01', '2014-11-01', '2014-12-30', '2014-11-01', 8, 8, 8, '0000-00-00', '', 0, 0, '2014-11-01', 1, 1),
(168, 14, 2, 2, 15, 10, 0, 0, 5.5, 0, 0, 0, 0, '2014-11-02', '2014-11-02', '2014-11-02', '2014-12-30', '2014-11-02', 8, 8, 8, '0000-00-00', '', 0, 0, '2014-11-02', 1, 1),
(169, 14, 2, 2, 15, 10, 0, 0, 5.5, 0, 0, 0, 0, '2014-11-05', '2014-11-05', '2014-11-06', '2014-12-30', '2014-11-06', 8, 8, 8, '0000-00-00', '', 0, 0, '2014-11-05', 1, 1),
(170, 14, 2, 2, 15, 10, 0, 0, 5.5, 0, 0, 0, 0, '2014-11-07', '2014-11-07', '2014-11-08', '2014-12-30', '2014-11-08', 8, 8, 8, '0000-00-00', '', 0, 0, '2014-11-07', 1, 1),
(171, 14, 2, 2, 15, 10, 0, 0, 5.5, 0, 0, 0, 0, '2014-11-10', '2014-11-10', '2014-11-11', '2014-12-30', '2014-11-11', 8, 8, 8, '0000-00-00', '', 0, 0, '2014-11-10', 1, 1),
(172, 14, 2, 2, 15, 10, 0, 0, 5.5, 0, 0, 0, 0, '2014-11-12', '2014-11-12', '2014-11-13', '2014-12-30', '2014-11-13', 8, 8, 8, '0000-00-00', '', 0, 0, '2014-11-12', 1, 1),
(173, 14, 2, 2, 15, 10, 0, 0, 5.5, 0, 0, 0, 0, '2014-11-14', '2014-11-14', '2014-11-15', '2014-12-30', '2014-11-15', 8, 8, 8, '0000-00-00', '', 0, 0, '2014-11-14', 1, 1),
(174, 11, 2, 2, 69, 10, 0, 0, 5.5, 0, 0, 0, 0, '2014-11-05', '2014-11-05', '2014-11-06', '2014-12-30', '2014-11-06', 8, 8, 8, '0000-00-00', '', 0, 0, '2014-11-05', 1, 1),
(175, 11, 2, 2, 69, 10, 0, 0, 5.5, 0, 0, 0, 0, '2014-11-11', '2014-11-11', '2014-11-12', '2014-12-30', '2014-11-12', 8, 8, 8, '0000-00-00', '', 0, 0, '2014-11-11', 1, 1),
(176, 11, 2, 2, 69, 10, 0, 0, 5.5, 0, 0, 0, 0, '2014-10-17', '2014-10-17', '2014-10-18', '2014-12-30', '2014-10-18', 8, 8, 8, '0000-00-00', '', 0, 0, '2014-10-17', 1, 1),
(177, 11, 2, 2, 69, 10, 0, 0, 5.5, 0, 0, 0, 0, '2014-10-22', '2014-10-22', '2014-10-22', '2014-12-30', '2014-10-22', 8, 8, 8, '0000-00-00', '', 0, 0, '2014-10-22', 1, 1),
(178, 11, 2, 2, 69, 10, 0, 0, 5.5, 0, 0, 0, 0, '2014-10-22', '2014-10-22', '2014-10-22', '2014-12-30', '2014-10-22', 8, 8, 8, '0000-00-00', '', 0, 0, '2014-10-22', 1, 1),
(179, 11, 2, 2, 69, 10, 0, 0, 5.5, 0, 0, 0, 0, '2014-10-27', '2014-10-27', '2014-10-28', '2014-12-30', '2014-10-28', 8, 8, 8, '0000-00-00', '', 0, 0, '2014-10-27', 1, 1),
(180, 11, 2, 2, 69, 10, 0, 0, 5.5, 0, 0, 0, 0, '2014-09-12', '2014-09-12', '2014-09-12', '2014-12-30', '2014-09-12', 8, 8, 8, '0000-00-00', '', 0, 0, '2014-09-12', 1, 1),
(181, 20, 2, 2, 70, 10, 0, 0, 5.5, 0, 0, 0, 0, '2014-10-11', '2014-10-11', '2014-10-16', '2015-01-01', '2014-10-16', 8, 8, 8, '2014-10-11', '1070001730', 0, 0, '2014-10-11', 1, 1),
(182, 14, 1, 1, 15, 10, 0, 0, 6, 2, 0, 0, 0, '2015-01-01', '2015-01-01', '2015-01-01', '2015-01-01', '2015-01-01', 8, 8, 8, '2015-01-01', '1040011633', 0, 0, '2015-01-01', 1, 1),
(183, 16, 1, 1, 40, 10, 0, 0, 6, 2, 0, 0, 0, '2015-01-01', '2015-01-01', '2015-01-02', '2015-01-08', '2015-01-02', 8, 8, 8, '2015-01-01', '1040011730', 0, 0, '2015-01-01', 1, 1),
(184, 8, 1, 1, 26, 10, 0, 0, 6, 2, 0, 0, 0, '2015-01-01', '2015-01-01', '2015-01-01', '2015-01-02', '2015-01-01', 8, 8, 8, '2015-01-01', '1040011638', 0, 0, '2015-01-01', 1, 1),
(185, 3, 1, 1, 6, 8, 0, 0, 6, 2, 0, 0, 0, '2015-01-01', '2015-01-01', '2015-01-05', '2015-01-06', '2015-01-05', 8, 8, 8, '2015-01-01', '1070003277', 0, 0, '2015-01-01', 1, 1),
(186, 10, 1, 1, 22, 10, 0, 0, 6, 2, 0, 0, 0, '2015-01-01', '2015-01-01', '2015-01-03', '2015-01-03', '2015-01-03', 8, 8, 8, '2015-01-01', '1040011784', 0, 0, '2015-01-01', 1, 1),
(187, 14, 1, 1, 15, 10, 0, 0, 6, 2, 0, 0, 0, '2015-01-01', '2015-01-01', '2015-01-02', '2015-01-05', '2015-01-02', 8, 8, 8, '2015-01-01', '1040011800', 0, 0, '2015-01-01', 1, 1),
(188, 17, 1, 1, 44, 10, 0, 0, 6, 2, 0, 0, 0, '2015-01-02', '2015-01-02', '2015-01-03', '2015-01-07', '2015-01-03', 8, 8, 8, '0000-00-00', '', 0, 0, '2015-01-02', 1, 1),
(189, 15, 1, 1, 71, 10, 0, 0, 6, 2, 0, 0, 0, '2015-01-02', '2015-01-02', '0000-00-00', '0000-00-00', '0000-00-00', 8, 8, 8, '0000-00-00', '', 0, 0, '2015-01-02', 1, 1),
(190, 3, 1, 1, 37, 8, 0, 0, 6, 2, 0, 0, 0, '2015-01-03', '2015-01-03', '2015-01-03', '2015-01-06', '2015-01-03', 8, 8, 8, '2015-01-03', '1040012035', 0, 0, '2015-01-03', 1, 1),
(191, 2, 1, 1, 19, 10, 0, 0, 6, 2, 0, 0, 0, '2015-01-03', '2015-01-03', '2015-01-06', '2015-01-06', '2015-01-06', 8, 8, 8, '2015-01-06', '1040012217', 0, 0, '2015-01-03', 1, 1),
(193, 6, 1, 1, 29, 7, 0, 0, 6, 2, 0, 0, 0, '2015-01-05', '2015-01-05', '2015-01-06', '2015-01-08', '2015-01-06', 8, 8, 8, '2015-01-05', '1040012104', 0, 0, '2015-01-05', 1, 1),
(194, 14, 1, 1, 15, 10, 0, 0, 6, 2, 0, 0, 0, '2015-01-05', '2015-01-05', '2015-01-06', '2015-01-08', '2015-01-06', 8, 8, 8, '2015-01-05', '1040012099', 0, 0, '2015-01-05', 1, 1),
(195, 10, 1, 1, 13, 10, 0, 0, 6, 2, 0, 0, 0, '2015-01-05', '2015-01-05', '2015-01-06', '2015-01-13', '2015-01-06', 8, 8, 8, '2015-01-06', '1030010225', 0, 0, '2015-01-05', 1, 1),
(196, 1, 1, 1, 2, 10, 0, 0, 6, 2, 0, 0, 0, '2015-01-05', '2015-01-05', '2015-01-08', '2015-01-08', '2015-01-08', 8, 8, 8, '2015-01-08', '1040012372', 0, 0, '2015-01-05', 1, 1),
(197, 13, 1, 1, 32, 10, 0, 0, 6, 2, 0, 0, 0, '2015-01-06', '2015-01-06', '2015-01-07', '2015-01-08', '2015-01-07', 8, 8, 8, '2015-01-07', '1030010290', 0, 0, '2015-01-06', 1, 1),
(198, 1, 1, 1, 1, 10, 0, 0, 6, 2, 0, 0, 0, '2015-01-06', '2015-01-06', '2015-01-09', '2015-01-09', '2015-01-09', 8, 8, 8, '2015-01-06', '1070003386', 0, 0, '2015-01-06', 1, 1),
(199, 3, 1, 1, 16, 8, 0, 0, 6, 2, 0, 0, 0, '2015-01-06', '2015-01-06', '2015-01-10', '2015-01-13', '2015-01-10', 8, 8, 8, '2015-01-06', '1070003390', 0, 0, '2015-01-06', 1, 1),
(200, 4, 1, 1, 14, 10, 0, 0, 6, 2, 0, 0, 0, '2015-01-06', '2015-01-06', '2015-01-09', '2015-01-09', '2015-01-09', 8, 8, 8, '2015-01-09', '1040012468', 0, 0, '2015-01-06', 1, 1),
(201, 3, 1, 1, 37, 8, 0, 0, 6, 2, 0, 0, 0, '2015-01-06', '2015-01-06', '2015-01-08', '2015-01-09', '2015-01-08', 8, 8, 8, '2015-01-08', '1030010377', 0, 0, '2015-01-06', 1, 1),
(202, 2, 1, 1, 19, 10, 0, 0, 6, 2, 0, 0, 0, '2015-01-06', '2015-01-06', '2015-01-07', '2015-01-08', '2015-01-07', 8, 8, 8, '0000-00-00', '', 0, 0, '2015-01-06', 1, 1),
(203, 17, 1, 1, 44, 10, 0, 0, 6, 2, 0, 0, 0, '2015-01-06', '2015-01-06', '2015-01-07', '2015-01-12', '2015-01-07', 8, 8, 8, '2015-01-06', '1040012199', 0, 0, '2015-01-06', 1, 1),
(204, 3, 1, 1, 42, 8, 0, 0, 6, 2, 0, 0, 0, '2015-01-07', '2015-01-07', '2015-01-10', '2015-01-13', '2015-01-10', 8, 8, 8, '2015-01-07', '1070003415', 0, 0, '2015-01-07', 1, 1),
(205, 8, 1, 1, 26, 10, 0, 0, 6, 2, 0, 0, 0, '2015-01-08', '2015-01-08', '2015-01-09', '2015-01-12', '2015-01-09', 8, 8, 8, '2015-01-08', '1040012416', 0, 0, '2015-01-08', 1, 1),
(206, 1, 1, 1, 9, 10, 0, 0, 6, 2, 0, 0, 0, '2015-01-08', '2015-01-09', '2015-01-12', '2015-01-12', '2015-01-12', 8, 8, 8, '2015-01-09', '1830000023', 0, 0, '2015-01-09', 1, 1),
(207, 3, 1, 1, 10, 8, 0, 0, 6, 2, 0, 0, 0, '2015-01-08', '2015-01-09', '2015-01-13', '2015-01-15', '2015-01-13', 8, 8, 8, '2015-01-09', '1830000021', 0, 0, '2015-01-09', 1, 1),
(208, 2, 1, 1, 30, 10, 0, 0, 6, 2, 0, 0, 0, '2015-01-08', '2015-01-09', '2015-01-12', '2015-01-12', '2015-01-12', 8, 8, 8, '2015-01-12', '1040012683', 0, 0, '2015-01-09', 1, 1),
(209, 1, 1, 1, 12, 10, 0, 0, 6, 2, 0, 0, 0, '2015-01-08', '2015-01-09', '2015-01-12', '2015-01-12', '2015-01-12', 8, 8, 8, '2015-01-12', '1040012681', 0, 0, '2015-01-09', 1, 1),
(210, 1, 1, 1, 7, 10, 0, 0, 6, 2, 0, 0, 0, '2015-01-08', '2015-01-09', '2015-01-12', '2015-01-12', '2015-01-12', 8, 8, 8, '2015-01-12', '1040012684', 0, 0, '2015-01-09', 1, 1),
(211, 2, 1, 1, 20, 10, 0, 0, 6, 2, 0, 0, 0, '2015-01-08', '2015-01-09', '2015-01-12', '2015-01-12', '2015-01-12', 8, 8, 8, '2015-01-12', '1040012682', 0, 0, '2015-01-09', 1, 1),
(212, 14, 1, 1, 15, 10, 0, 0, 6, 2, 0, 0, 0, '2015-01-09', '2015-01-09', '2015-01-10', '2015-01-12', '2015-01-10', 8, 8, 8, '2015-01-09', '1040012455', 0, 0, '2015-01-09', 1, 1),
(213, 10, 1, 1, 22, 10, 0, 0, 6, 2, 0, 0, 0, '2015-01-10', '2015-01-10', '2015-01-12', '2015-01-12', '2015-01-12', 8, 8, 8, '2015-01-10', '1040012573', 0, 0, '2015-01-10', 1, 1),
(214, 4, 1, 1, 24, 10, 0, 0, 6, 2, 0, 0, 0, '2015-01-10', '2015-01-11', '2015-01-13', '2015-01-13', '2015-01-13', 8, 8, 8, '2015-01-13', '1040012808', 0, 0, '2015-01-10', 1, 1),
(216, 17, 1, 1, 44, 10, 0, 0, 6, 2, 0, 0, 0, '2015-01-09', '2015-01-09', '2015-01-09', '2015-01-09', '2015-01-10', 8, 8, 8, '2015-01-09', '1040012545', 0, 0, '2015-01-09', 1, 1),
(217, 3, 1, 1, 6, 8, 0, 0, 6, 2, 0, 0, 0, '2015-01-10', '2015-01-12', '2015-01-15', '2015-01-16', '2015-01-15', 8, 8, 8, '2015-01-12', '1830000027', 0, 0, '2015-01-12', 1, 1),
(218, 1, 1, 1, 3, 10, 0, 0, 6, 2, 0, 0, 0, '2015-01-10', '2015-01-12', '2015-01-14', '2015-01-14', '2015-01-14', 8, 8, 8, '2015-01-14', '1040012876', 0, 0, '2015-01-12', 1, 1),
(219, 15, 1, 1, 78, 10, 0, 0, 6, 2, 0, 0, 0, '2015-01-10', '2015-01-12', '2015-01-15', '2015-01-15', '2015-01-15', 8, 8, 8, '2015-01-15', '1040012953', 0, 0, '2015-01-12', 1, 1),
(220, 8, 1, 1, 26, 10, 0, 0, 6, 2, 0, 0, 0, '2015-01-12', '2015-01-12', '2015-01-13', '2015-01-14', '2015-01-13', 8, 8, 8, '2015-01-12', '1040012754', 0, 0, '2015-01-12', 1, 1),
(221, 2, 1, 1, 17, 10, 0, 0, 6, 2, 0, 0, 0, '2015-01-12', '2015-01-12', '2015-01-13', '2015-01-16', '2015-01-13', 8, 8, 8, '2015-01-13', '1030010663', 0, 0, '2015-01-12', 1, 1),
(222, 1, 1, 1, 1, 10, 0, 0, 6, 2, 0, 0, 0, '2015-01-12', '2015-01-12', '2015-01-14', '2015-01-14', '2015-01-14', 8, 8, 8, '2015-01-14', '1040012898', 0, 0, '2015-01-12', 1, 1),
(223, 1, 1, 1, 2, 10, 0, 0, 6, 2, 0, 0, 0, '2015-01-12', '2015-01-12', '2015-01-14', '2015-01-14', '2015-01-14', 8, 8, 8, '2015-01-14', '1040012897', 0, 0, '2015-01-12', 1, 1),
(224, 4, 1, 1, 14, 10, 0, 0, 6, 2, 0, 0, 0, '2015-01-12', '2015-01-12', '2015-01-15', '2015-01-15', '2015-01-15', 8, 8, 8, '2015-01-15', '1040012955', 0, 0, '2015-01-12', 1, 1),
(225, 2, 1, 1, 19, 10, 0, 0, 6, 2, 0, 0, 0, '2015-01-12', '2015-01-13', '2015-01-15', '2015-01-15', '2015-01-15', 8, 8, 8, '2015-01-15', '1040012994', 0, 0, '2015-01-13', 1, 1),
(226, 2, 1, 1, 43, 10, 0, 0, 6, 2, 0, 0, 0, '2015-01-12', '2015-01-13', '2015-01-15', '2015-01-15', '2015-01-15', 8, 8, 8, '2015-01-15', '1040012993', 0, 0, '2015-01-13', 1, 1),
(227, 17, 1, 1, 44, 10, 0, 0, 6, 2, 0, 0, 0, '2015-01-13', '2015-01-13', '2015-01-14', '2015-01-16', '2015-01-14', 8, 8, 8, '2015-01-13', '1040012821', 0, 0, '2015-01-13', 1, 1),
(228, 10, 1, 1, 22, 10, 0, 0, 6, 2, 0, 0, 0, '2015-01-13', '2015-01-13', '2015-01-14', '2015-01-14', '2015-01-14', 8, 8, 8, '2015-01-13', '1040012837', 0, 0, '2015-01-13', 1, 1),
(229, 13, 1, 1, 32, 10, 0, 0, 6, 2, 0, 0, 0, '2015-01-13', '2015-01-13', '2015-01-14', '2015-01-15', '2015-01-14', 8, 8, 8, '2015-01-14', '1030010769', 0, 0, '2015-01-13', 1, 1),
(230, 8, 1, 1, 26, 10, 0, 0, 6, 2, 0, 0, 0, '2015-01-14', '2015-01-14', '2015-01-15', '2015-01-16', '2015-01-15', 8, 8, 8, '2015-01-14', '1040012889', 0, 0, '2015-01-14', 1, 1),
(231, 7, 1, 1, 46, 10, 0, 0, 6, 2, 0, 0, 0, '2015-01-14', '2015-01-14', '2015-01-15', '2015-01-24', '2015-01-15', 8, 8, 8, '2015-01-14', '1040012908', 0, 0, '2015-01-14', 1, 1),
(232, 20, 1, 1, 85, 10, 0, 0, 6, 2, 0, 0, 0, '2015-01-13', '2015-01-14', '2015-01-19', '2015-01-19', '2015-01-19', 8, 8, 8, '2015-01-19', '1040013262', 0, 0, '2015-01-14', 1, 1),
(233, 21, 1, 1, 81, 10, 0, 0, 6, 2, 0, 0, 0, '2015-01-13', '2015-01-14', '2015-01-18', '2015-01-19', '2015-01-18', 8, 8, 8, '2015-01-18', '1040013159', 0, 0, '2015-01-14', 1, 1),
(234, 21, 2, 3, 90, 10, 0, 0, 0, 2.5, 0, 0, 0, '2015-01-13', '2015-01-14', '2015-01-17', '2015-01-20', '2015-01-17', 8, 8, 8, '2015-01-20', '1740000794', 0, 0, '2015-01-14', 1, 1),
(235, 1, 1, 1, 7, 10, 0, 0, 6, 2, 0, 0, 0, '2015-01-14', '2015-01-14', '2015-01-17', '2015-01-17', '2015-01-17', 8, 8, 8, '2015-01-17', '1040013106', 0, 0, '2015-01-14', 1, 1),
(236, 1, 1, 1, 12, 10, 0, 0, 6, 2, 0, 0, 0, '2015-01-14', '2015-01-14', '2015-01-17', '2015-01-17', '2015-01-17', 8, 8, 8, '2015-01-17', '1040013108', 0, 0, '2015-01-14', 1, 1),
(237, 1, 1, 1, 9, 10, 0, 0, 6, 2, 0, 0, 0, '2015-01-14', '2015-01-14', '2015-01-17', '2015-01-17', '2015-01-17', 8, 8, 8, '2015-01-17', '1040013107', 0, 0, '2015-01-14', 1, 1),
(238, 3, 1, 1, 16, 8, 0, 0, 6, 2, 0, 0, 0, '2015-01-14', '2015-01-14', '2015-01-17', '2015-01-17', '2015-01-17', 8, 8, 8, '2015-01-17', '1040013109', 0, 0, '2015-01-14', 1, 1),
(239, 21, 1, 1, 92, 10, 0, 0, 6, 2, 0, 0, 0, '2015-01-13', '2015-01-15', '2015-01-19', '2015-01-19', '2015-01-19', 8, 8, 8, '2015-01-19', '1040013210', 0, 0, '2015-01-15', 1, 1),
(240, 9, 1, 1, 38, 10, 0, 0, 6, 2, 0, 0, 0, '2015-01-13', '2015-01-15', '2015-01-18', '2015-01-23', '2015-01-18', 8, 8, 8, '0000-00-00', '', 0, 0, '2015-01-15', 1, 1),
(241, 5, 1, 1, 11, 10, 0, 0, 6, 2, 0, 0, 0, '2015-01-14', '2015-01-15', '2015-01-18', '2015-01-19', '2015-01-18', 8, 8, 8, '2015-01-18', '1040013160', 0, 0, '2015-01-15', 1, 1),
(242, 14, 1, 1, 15, 10, 0, 0, 6, 2, 0, 0, 0, '2015-01-15', '2015-01-15', '2015-01-16', '2015-01-17', '2015-01-16', 8, 8, 8, '2015-01-15', '1040012984', 0, 0, '2015-01-15', 1, 1),
(243, 3, 1, 1, 42, 8, 0, 0, 6, 2, 0, 0, 0, '2015-01-15', '2015-01-15', '2015-01-19', '2015-01-19', '2015-01-19', 8, 8, 8, '2015-01-19', '1040013208', 0, 0, '2015-01-15', 1, 1),
(244, 20, 1, 1, 87, 10, 0, 0, 6, 2, 0, 0, 0, '2015-01-13', '2015-01-15', '2015-01-19', '2015-01-19', '2015-01-19', 8, 8, 8, '2015-01-19', '1040013261', 0, 0, '2015-01-15', 1, 1),
(245, 20, 1, 1, 93, 10, 0, 0, 6, 2, 0, 0, 0, '2015-01-13', '2015-01-15', '2015-01-19', '2015-01-19', '2015-01-19', 8, 8, 8, '2015-01-19', '1040013263', 0, 0, '2015-01-15', 1, 1),
(246, 20, 1, 1, 82, 10, 0, 0, 6, 2, 0, 0, 0, '2015-01-13', '2015-01-15', '2015-01-19', '2015-01-19', '2015-01-19', 8, 8, 8, '2015-01-19', '1040013264', 0, 0, '2015-01-15', 1, 1),
(247, 22, 1, 1, 94, 10, 0, 0, 6, 2, 0, 0, 0, '2015-01-13', '2015-01-16', '2015-01-19', '2015-01-19', '2015-01-19', 8, 8, 8, '2015-01-19', '1040013209', 0, 0, '2015-01-16', 1, 1),
(248, 17, 1, 1, 44, 10, 0, 0, 6, 2, 0, 0, 0, '2015-01-16', '2015-01-16', '2015-01-17', '2015-01-20', '2015-01-17', 8, 8, 8, '2015-01-16', '1040013029', 0, 0, '2015-01-16', 1, 1),
(249, 1, 1, 1, 3, 10, 0, 0, 6, 2, 0, 0, 0, '2015-01-16', '2015-01-16', '2015-01-19', '2015-01-19', '2015-01-19', 8, 8, 8, '2015-01-19', '1040013201', 0, 0, '2015-01-16', 1, 1),
(250, 1, 1, 1, 4, 10, 0, 0, 6, 2, 0, 0, 0, '2015-01-16', '2015-01-16', '2015-01-19', '2015-01-19', '2015-01-19', 8, 8, 8, '2015-01-19', '1040013199', 0, 0, '2015-01-16', 1, 1),
(251, 1, 1, 1, 2, 10, 0, 0, 6, 2, 0, 0, 0, '2015-01-16', '2015-01-16', '2015-01-19', '2015-01-19', '2015-01-19', 8, 8, 8, '2015-01-19', '1040013202', 0, 0, '2015-01-16', 1, 1),
(252, 1, 1, 1, 1, 10, 0, 0, 6, 2, 0, 0, 0, '2015-01-16', '2015-01-16', '2015-01-19', '2015-01-19', '2015-01-19', 8, 8, 8, '2015-01-19', '1040013200', 0, 0, '2015-01-16', 1, 1),
(253, 4, 1, 1, 24, 10, 0, 0, 6, 2, 0, 0, 0, '2015-01-15', '2015-01-16', '2015-01-19', '2015-01-19', '2015-01-19', 8, 8, 8, '2015-01-19', '1040013211', 0, 0, '2015-01-16', 1, 1),
(254, 2, 1, 1, 20, 10, 0, 0, 6, 2, 0, 0, 0, '2015-01-15', '2015-01-16', '2015-01-19', '2015-01-19', '2015-01-19', 8, 8, 8, '2015-01-19', '1040013203', 0, 0, '2015-01-16', 1, 1),
(255, 2, 1, 1, 30, 10, 0, 0, 6, 2, 0, 0, 0, '2015-01-15', '2015-01-17', '2015-01-20', '2015-01-20', '2015-01-20', 8, 8, 8, '2015-01-20', '1040013322', 0, 0, '2015-01-17', 1, 1),
(256, 2, 1, 1, 45, 10, 0, 0, 6, 2, 0, 0, 0, '2015-01-15', '2015-01-17', '2015-01-21', '2015-01-21', '2015-01-21', 8, 8, 8, '2015-01-21', '1040013400', 0, 0, '2015-01-17', 1, 1),
(257, 2, 1, 1, 39, 10, 0, 0, 6, 2, 0, 0, 0, '2015-01-15', '2015-01-17', '2015-01-21', '2015-01-21', '2015-01-21', 8, 8, 8, '2015-01-21', '1040013399', 0, 0, '2015-01-17', 1, 1),
(258, 20, 1, 1, 80, 10, 0, 0, 6, 2, 0, 0, 0, '2015-01-13', '2015-01-17', '2015-01-22', '2015-01-22', '2015-01-22', 8, 8, 8, '2015-01-22', '1040013470', 0, 0, '2015-01-17', 1, 1),
(259, 9, 1, 1, 25, 10, 0, 0, 6, 2, 0, 0, 0, '2015-01-15', '2015-01-17', '2015-01-20', '2015-01-20', '2015-01-20', 8, 8, 8, '2015-01-20', '1040013321', 0, 0, '2015-01-17', 1, 1),
(260, 1, 1, 1, 7, 10, 0, 0, 6, 2, 0, 0, 0, '2015-01-19', '2015-01-19', '2015-01-22', '2015-01-22', '2015-01-22', 8, 8, 8, '2015-01-22', '', 0, 0, '2015-01-19', 1, 1),
(261, 1, 1, 1, 12, 10, 0, 0, 6, 2, 0, 0, 0, '2015-01-19', '2015-01-19', '2015-01-22', '2015-01-22', '2015-01-22', 8, 8, 8, '2015-01-22', '', 0, 0, '2015-01-19', 1, 1),
(262, 8, 1, 1, 23, 10, 0, 0, 6, 2, 0, 0, 0, '2015-01-17', '2015-01-20', '0215-01-22', '2015-01-24', '2015-01-22', 8, 8, 8, '2015-01-20', '1830000051', 0, 0, '2015-01-20', 1, 1),
(263, 8, 1, 1, 36, 10, 0, 0, 6, 2, 0, 0, 0, '2015-01-17', '2015-01-20', '2015-01-23', '2015-01-26', '2015-01-23', 8, 8, 8, '2015-01-20', '1830000050', 0, 0, '2015-01-20', 1, 1),
(264, 20, 1, 1, 68, 10, 0, 0, 6, 2, 0, 0, 0, '2015-01-12', '2015-01-21', '2015-01-27', '2015-01-27', '2015-01-27', 8, 8, 8, '2015-01-27', '1040013811', 0, 0, '2015-01-21', 1, 1),
(265, 20, 1, 1, 88, 10, 0, 0, 6, 2, 0, 0, 0, '2015-01-13', '2015-01-17', '2015-01-23', '2015-01-23', '2015-01-23', 8, 8, 8, '2015-01-23', '1040013550', 0, 0, '2015-01-17', 1, 1),
(266, 17, 1, 1, 44, 10, 0, 0, 6, 2, 0, 0, 0, '2015-01-20', '2015-01-20', '2015-01-21', '2015-01-23', '2015-01-21', 8, 8, 8, '2015-01-20', '1040013342', 0, 0, '2015-01-20', 1, 1),
(267, 3, 1, 1, 10, 8, 0, 0, 6, 2, 0, 0, 0, '2015-01-20', '2015-01-20', '2015-01-23', '2015-01-23', '2015-01-23', 8, 8, 8, '2015-01-23', '1040013549', 0, 0, '2015-01-20', 1, 1),
(268, 20, 1, 1, 89, 10, 0, 0, 6, 2, 0, 0, 0, '2015-01-12', '2015-01-19', '2015-01-24', '2015-01-24', '2015-01-24', 8, 8, 8, '2015-01-24', '1040013628', 0, 0, '2015-01-19', 1, 1),
(269, 1, 1, 1, 9, 10, 0, 0, 6, 2, 0, 0, 0, '2015-01-19', '2015-01-21', '2015-01-24', '2015-01-24', '2015-01-24', 8, 8, 8, '2015-01-21', '1830000055', 0, 0, '2015-01-21', 1, 1),
(270, 1, 1, 1, 2, 10, 0, 0, 6, 2, 0, 0, 0, '2015-01-22', '2015-01-22', '2015-01-25', '2015-01-26', '2015-01-25', 8, 8, 8, '2015-01-22', '1070003752', 0, 0, '2015-01-22', 1, 1),
(271, 9, 1, 1, 25, 10, 0, 0, 6, 2, 0, 0, 0, '2015-01-06', '2015-01-06', '2015-01-07', '2015-01-23', '2015-01-07', 8, 8, 8, '0000-00-00', '', 0, 0, '2015-01-06', 1, 1),
(272, 1, 1, 1, 1, 10, 0, 0, 6, 2, 0, 0, 0, '2015-01-23', '2015-01-23', '2015-01-26', '2015-01-26', '2015-01-26', 8, 8, 8, '2015-01-23', '1070003780', 0, 0, '2015-01-23', 1, 1),
(273, 17, 1, 1, 44, 10, 0, 0, 6, 2, 0, 0, 0, '2015-01-23', '2015-01-23', '2015-01-24', '2015-01-27', '2015-01-24', 8, 8, 8, '2015-01-23', '1040013571', 0, 0, '2015-01-23', 1, 1),
(274, 1, 1, 1, 12, 10, 0, 0, 6, 2, 0, 0, 0, '2015-01-24', '2015-01-24', '2015-01-27', '2015-01-27', '2015-01-27', 8, 8, 8, '2015-01-24', '1070003801', 0, 0, '2015-01-24', 1, 1),
(275, 2, 2, 4, 43, 10, 0, 0, 8, 0, 0, 0, 0, '2015-01-23', '2015-01-24', '2015-01-27', '2015-01-27', '2015-01-27', 8, 8, 8, '0000-00-00', '', 0, 0, '2015-01-24', 1, 1),
(276, 2, 2, 4, 19, 10, 0, 0, 8, 0, 0, 0, 0, '2015-01-23', '2015-01-25', '2015-01-27', '2015-01-27', '2015-01-27', 8, 8, 8, '0000-00-00', '', 0, 0, '2015-01-25', 1, 1),
(277, 1, 2, 4, 3, 10, 0, 0, 8, 0, 0, 0, 0, '2015-01-23', '2015-01-25', '2015-01-27', '2015-01-27', '2015-01-27', 8, 8, 8, '0000-00-00', '', 0, 0, '2015-01-25', 1, 1),
(278, 9, 2, 3, 25, 0, 0, 0, 4.5, 0, 0, 0, 0, '2015-01-23', '2015-01-23', '2015-01-24', '2015-01-26', '2015-01-24', 8, 8, 8, '2015-01-23', '1040013592', 0, 0, '2015-01-23', 1, 0),
(279, 9, 2, 3, 25, 0, 0, 0, 4.5, 0, 0, 0, 0, '2015-01-23', '2015-01-23', '2015-01-24', '2015-01-26', '2015-01-24', 8, 8, 8, '0000-00-00', '', 0, 0, '2015-01-23', 1, 0),
(280, 1, 1, 1, 7, 10, 0, 0, 6, 2, 0, 0, 0, '2015-01-26', '2015-01-26', '2015-01-29', '2015-01-29', '2015-01-29', 8, 8, 8, '2015-01-29', '1740000924', 0, 0, '2015-01-26', 1, 1),
(281, 17, 1, 1, 44, 10, 0, 0, 6, 2, 0, 0, 0, '2015-01-26', '2015-01-26', '2015-01-27', '2015-01-31', '2015-01-27', 8, 8, 8, '2015-01-26', '1040013760', 0, 0, '2015-01-26', 1, 1),
(282, 9, 1, 1, 25, 10, 0, 0, 6, 2, 0, 0, 0, '2015-01-26', '2015-01-26', '0000-00-00', '0000-00-00', '0000-00-00', 8, 8, 8, '0000-00-00', '', 0, 0, '2015-01-26', 1, 0),
(283, 1, 1, 1, 4, 10, 0, 0, 6, 2, 0, 0, 0, '2015-01-27', '2015-01-27', '2015-01-30', '2015-01-30', '2015-01-30', 8, 8, 8, '2015-01-30', '1040013923', 0, 0, '2015-01-27', 1, 1),
(284, 1, 1, 1, 9, 10, 0, 0, 6, 2, 0, 0, 0, '2015-01-28', '2015-01-28', '2015-02-01', '2015-02-01', '2015-02-01', 8, 8, 8, '0000-00-00', '', 0, 0, '2015-01-28', 1, 1),
(285, 3, 1, 1, 42, 8, 0, 0, 6, 2, 0, 0, 0, '2015-01-28', '2015-01-28', '2015-02-01', '2015-02-01', '2015-02-01', 8, 8, 8, '0000-00-00', '', 0, 0, '2015-01-28', 1, 1),
(286, 15, 1, 1, 41, 10, 0, 0, 6, 2, 0, 0, 0, '2015-01-28', '2015-01-28', '0000-00-00', '0000-00-00', '0000-00-00', 8, 8, 8, '0000-00-00', '', 0, 0, '2015-01-28', 1, 1),
(287, 2, 1, 1, 30, 10, 0, 0, 6, 2, 0, 0, 0, '2015-01-28', '2015-01-28', '2015-02-02', '2015-02-02', '2015-02-02', 8, 8, 8, '2015-02-02', '1740000990', 0, 0, '2015-01-28', 1, 1),
(288, 4, 1, 1, 14, 10, 0, 0, 6, 2, 0, 0, 0, '2015-01-29', '2015-01-29', '0000-00-00', '0000-00-00', '0000-00-00', 8, 8, 8, '0000-00-00', '', 0, 0, '2015-01-29', 1, 1),
(289, 15, 1, 1, 78, 10, 0, 0, 6, 2, 0, 0, 0, '2015-01-29', '2015-01-29', '0000-00-00', '0000-00-00', '0000-00-00', 8, 8, 8, '0000-00-00', '', 0, 0, '2015-01-29', 1, 1);
INSERT INTO `trips` (`id`, `customer_id`, `contractor_id`, `company_id`, `tanker_id`, `contractor_commission`, `contractor_commission_1`, `contractor_commission_2`, `company_commission_1`, `company_commission_2`, `company_commission_3`, `company_wht`, `other_taxes`, `email_date`, `filling_date`, `receiving_date`, `stn_receiving_date`, `decanding_date`, `driver_id_1`, `driver_id_2`, `driver_id_3`, `invoice_date`, `invoice_number`, `start_meter`, `end_meter`, `entryDate`, `type`, `active`) VALUES
(290, 1, 1, 1, 2, 10, 0, 0, 6, 2, 0, 0, 0, '2015-01-29', '2015-01-30', '2015-02-01', '2015-02-01', '2015-02-01', 8, 8, 8, '0000-00-00', '', 0, 0, '2015-01-30', 1, 1),
(291, 3, 1, 1, 10, 8, 0, 0, 6, 2, 0, 0, 0, '2015-01-30', '2015-01-30', '0000-00-00', '0000-00-00', '0000-00-00', 8, 8, 8, '0000-00-00', '', 0, 0, '2015-01-30', 1, 1),
(292, 18, 1, 1, 54, 7, 0, 0, 6, 2, 0, 0, 0, '2015-01-29', '2015-01-30', '0000-00-00', '0000-00-00', '0000-00-00', 8, 8, 8, '0000-00-00', '', 0, 0, '2015-01-30', 1, 1),
(293, 1, 1, 1, 1, 10, 0, 0, 6, 2, 0, 0, 0, '2015-01-31', '2015-01-31', '2015-02-02', '2015-02-02', '2015-02-02', 8, 8, 8, '0000-00-00', '', 0, 0, '2015-01-31', 1, 1),
(294, 1, 1, 1, 12, 10, 0, 0, 6, 2, 0, 0, 0, '2015-01-31', '2015-01-31', '0000-00-00', '0000-00-00', '0000-00-00', 8, 8, 8, '0000-00-00', '', 0, 0, '2015-01-31', 1, 1),
(295, 9, 1, 1, 25, 10, 0, 0, 6, 2, 0, 0, 0, '2015-02-01', '2015-02-01', '0000-00-00', '0000-00-00', '0000-00-00', 8, 8, 8, '0000-00-00', '', 0, 0, '2015-02-01', 1, 1),
(296, 16, 1, 1, 40, 10, 0, 0, 6, 2, 0, 0, 0, '2015-02-01', '2015-02-01', '0000-00-00', '0000-00-00', '0000-00-00', 8, 8, 8, '0000-00-00', '', 0, 0, '2015-02-01', 1, 1),
(297, 17, 1, 1, 44, 10, 0, 0, 6, 2, 0, 0, 0, '2015-02-01', '2015-02-01', '0000-00-00', '0000-00-00', '0000-00-00', 8, 8, 8, '0000-00-00', '', 0, 0, '2015-02-01', 1, 1),
(298, 14, 2, 2, 15, 0, 0, 0, 5.5, 0, 0, 0, 0, '2015-02-01', '2015-02-01', '0000-00-00', '0000-00-00', '0000-00-00', 8, 8, 8, '0000-00-00', '', 0, 0, '2015-02-01', 1, 1),
(299, 24, 1, 1, 100, 10, 0, 0, 6, 2, 0, 0, 0, '2015-02-01', '2015-02-01', '2015-02-02', '2015-02-02', '2015-02-02', 8, 8, 8, '0000-00-00', '', 0, 0, '2015-02-01', 1, 1),
(300, 24, 1, 1, 103, 10, 0, 0, 6, 2, 0, 0, 0, '2015-02-01', '2015-02-01', '2015-02-02', '2015-02-02', '2015-02-02', 8, 8, 8, '0000-00-00', '', 0, 0, '2015-02-01', 1, 1),
(301, 23, 1, 1, 99, 10, 0, 0, 6, 2, 0, 0, 0, '2015-02-01', '2015-02-01', '2015-02-01', '2015-02-01', '2015-02-01', 8, 8, 8, '0000-00-00', '', 0, 0, '2015-02-01', 2, 1),
(302, 24, 1, 1, 102, 10, 0, 0, 6, 2, 0, 0, 0, '2015-02-01', '2015-02-01', '2015-02-01', '2015-02-01', '2015-02-01', 8, 8, 8, '0000-00-00', '', 0, 0, '2015-02-01', 2, 1),
(303, 24, 1, 1, 102, 10, 0, 0, 6, 2, 0, 0, 0, '2015-02-01', '2015-02-01', '2015-02-01', '2015-02-01', '2015-02-01', 8, 8, 8, '0000-00-00', '', 0, 0, '2015-02-01', 2, 1),
(304, 24, 1, 1, 100, 10, 0, 0, 6, 2, 0, 0, 0, '2015-02-01', '2015-02-01', '2015-02-01', '2015-02-01', '2015-02-01', 8, 8, 8, '0000-00-00', '', 0, 0, '2015-02-01', 2, 1),
(305, 24, 1, 1, 100, 10, 0, 0, 6, 2, 0, 0, 0, '2015-02-01', '2015-02-01', '2015-02-01', '2015-02-01', '2015-02-01', 8, 8, 8, '0000-00-00', '', 0, 0, '2015-02-01', 2, 1),
(306, 24, 1, 1, 103, 10, 0, 0, 6, 2, 0, 0, 0, '2015-02-01', '2015-02-01', '2015-02-01', '2015-02-01', '2015-02-01', 8, 8, 8, '0000-00-00', '', 0, 0, '2015-02-01', 2, 1),
(307, 24, 1, 1, 104, 10, 0, 0, 6, 2, 0, 0, 0, '2015-02-01', '2015-02-01', '2015-02-01', '2015-02-01', '2015-02-01', 8, 8, 8, '0000-00-00', '', 0, 0, '2015-02-01', 2, 1),
(308, 24, 1, 1, 104, 10, 0, 0, 6, 2, 0, 0, 0, '2015-02-01', '2015-02-01', '2015-02-01', '2015-02-01', '2015-02-01', 8, 8, 8, '0000-00-00', '', 0, 0, '2015-02-01', 2, 1),
(309, 24, 1, 1, 104, 10, 0, 0, 6, 2, 0, 0, 0, '2015-02-01', '2015-02-01', '2015-02-01', '2015-02-01', '2015-02-01', 8, 8, 8, '0000-00-00', '', 0, 0, '2015-02-01', 2, 1),
(310, 3, 1, 1, 37, 8, 0, 0, 6, 2, 0, 0, 0, '2015-02-02', '2015-02-02', '0000-00-00', '0000-00-00', '0000-00-00', 8, 8, 8, '0000-00-00', '', 0, 0, '2015-02-02', 1, 1),
(311, 2, 1, 1, 45, 10, 0, 0, 6, 2, 0, 0, 0, '2015-02-02', '2015-02-02', '0000-00-00', '0000-00-00', '0000-00-00', 8, 8, 8, '0000-00-00', '', 0, 0, '2015-02-02', 1, 1),
(312, 24, 1, 1, 105, 10, 0, 0, 6, 2, 0, 0, 0, '2015-02-01', '2015-02-01', '2015-02-01', '2015-02-01', '2015-02-01', 8, 8, 8, '0000-00-00', '', 0, 0, '2015-02-01', 2, 1),
(313, 24, 1, 1, 105, 10, 0, 0, 6, 2, 0, 0, 0, '2015-02-01', '2015-02-01', '2015-02-01', '2015-02-01', '2015-02-01', 8, 8, 8, '0000-00-00', '', 0, 0, '2015-02-01', 2, 1),
(314, 3, 1, 1, 106, 8, 0, 0, 6, 2, 0, 0, 0, '2015-02-02', '2015-02-02', '0000-00-00', '0000-00-00', '0000-00-00', 8, 8, 8, '0000-00-00', '', 0, 0, '2015-02-02', 1, 1),
(315, 1, 1, 1, 1, 10, 0, 0, 6, 2, 0, 0, 0, '2015-02-10', '2015-02-10', '0000-00-00', '0000-00-00', '0000-00-00', 8, 8, 8, '0000-00-00', '', 0, 0, '2015-02-10', 1, 0),
(316, 1, 1, 1, 2, 10, 0, 0, 6, 2, 0, 0, 0, '2015-02-10', '2015-02-10', '0000-00-00', '0000-00-00', '0000-00-00', 8, 8, 8, '0000-00-00', '', 0, 0, '2015-02-10', 2, 0),
(317, 1, 1, 1, 3, 10, 0, 0, 6, 2, 0, 0, 0, '2015-02-10', '2015-02-10', '0000-00-00', '0000-00-00', '0000-00-00', 8, 8, 8, '0000-00-00', '', 0, 0, '2015-02-10', 2, 0),
(318, 1, 1, 1, 3, 10, 0, 0, 6, 2, 0, 0, 0, '2015-02-10', '2015-02-10', '0000-00-00', '0000-00-00', '0000-00-00', 8, 8, 8, '0000-00-00', '', 0, 0, '2015-02-10', 2, 0),
(319, 1, 1, 1, 3, 10, 0, 0, 6, 2, 0, 0, 0, '2015-02-10', '2015-02-10', '0000-00-00', '0000-00-00', '0000-00-00', 8, 8, 8, '0000-00-00', '', 0, 0, '2015-02-10', 2, 0),
(320, 1, 1, 1, 3, 10, 0, 0, 6, 2, 0, 0, 0, '2015-02-10', '2015-02-10', '0000-00-00', '0000-00-00', '0000-00-00', 8, 8, 8, '0000-00-00', '', 0, 0, '2015-02-10', 2, 1),
(321, 1, 1, 1, 4, 10, 0, 0, 6, 2, 0, 0, 0, '2015-02-10', '2015-02-10', '0000-00-00', '0000-00-00', '0000-00-00', 8, 8, 8, '0000-00-00', '', 0, 0, '2015-02-10', 2, 1),
(322, 1, 1, 1, 5, 10, 0, 0, 6, 2, 0, 0, 0, '2015-02-10', '2015-02-10', '0000-00-00', '0000-00-00', '0000-00-00', 8, 8, 8, '0000-00-00', '', 0, 0, '2015-02-10', 3, 1),
(323, 1, 1, 1, 7, 10, 0, 0, 6, 2, 0, 0, 0, '2015-02-11', '2015-02-11', '2015-02-11', '0000-00-00', '0000-00-00', 8, 8, 8, '0000-00-00', '', 0, 0, '2015-02-11', 4, 1),
(324, 1, 1, 1, 1, 10, 0, 0, 6, 2, 0, 0, 0, '2015-02-11', '2015-02-11', '0000-00-00', '0000-00-00', '0000-00-00', 8, 8, 8, '0000-00-00', '', 0, 0, '2015-02-11', 4, 1),
(325, 1, 1, 1, 2, 10, 0, 0, 6, 2, 0, 0, 0, '2015-02-11', '2015-02-11', '0000-00-00', '0000-00-00', '0000-00-00', 8, 8, 8, '0000-00-00', '', 0, 0, '2015-02-11', 4, 1),
(326, 1, 1, 1, 2, 10, 0, 0, 6, 2, 0, 0, 0, '2015-02-11', '2015-02-11', '0000-00-00', '0000-00-00', '0000-00-00', 8, 8, 8, '0000-00-00', '', 0, 0, '2015-02-11', 4, 1),
(327, 1, 1, 1, 2, 10, 0, 0, 6, 2, 0, 0, 0, '2015-02-11', '2015-02-11', '0000-00-00', '0000-00-00', '0000-00-00', 8, 8, 8, '0000-00-00', '', 0, 0, '2015-02-11', 4, 1),
(328, 1, 1, 1, 2, 10, 0, 0, 6, 2, 0, 0, 0, '2015-02-11', '2015-02-11', '0000-00-00', '0000-00-00', '0000-00-00', 8, 8, 8, '0000-00-00', '', 0, 0, '2015-02-11', 4, 1),
(329, 1, 1, 1, 2, 10, 0, 0, 6, 2, 0, 0, 0, '2015-02-11', '2015-02-11', '0000-00-00', '0000-00-00', '0000-00-00', 8, 8, 8, '0000-00-00', '', 0, 0, '2015-02-11', 4, 1),
(330, 1, 1, 1, 2, 10, 0, 0, 6, 2, 0, 0, 0, '2015-02-11', '2015-02-11', '0000-00-00', '0000-00-00', '0000-00-00', 8, 8, 8, '0000-00-00', '', 0, 0, '2015-02-11', 4, 1),
(331, 1, 1, 1, 2, 10, 0, 0, 6, 2, 0, 0, 0, '2015-02-11', '2015-02-11', '0000-00-00', '0000-00-00', '0000-00-00', 8, 8, 8, '0000-00-00', '', 0, 0, '2015-02-11', 4, 1),
(332, 1, 1, 1, 2, 10, 0, 0, 6, 2, 0, 0, 0, '2015-02-11', '2015-02-11', '0000-00-00', '0000-00-00', '0000-00-00', 8, 8, 8, '0000-00-00', '', 0, 0, '2015-02-11', 4, 1),
(333, 1, 1, 1, 8, 10, 0, 0, 6, 2, 0, 0, 0, '2015-02-11', '2015-02-11', '0000-00-00', '0000-00-00', '0000-00-00', 8, 8, 8, '0000-00-00', '', 0, 0, '2015-02-11', 4, 1),
(334, 1, 1, 1, 9, 10, 0, 0, 6, 2, 0, 0, 0, '2015-02-11', '2015-02-11', '0000-00-00', '0000-00-00', '0000-00-00', 8, 8, 8, '0000-00-00', '', 0, 0, '2015-02-11', 3, 1),
(335, 1, 1, 1, 57, 10, 0, 0, 6, 2, 0, 0, 0, '2015-02-11', '2015-02-11', '0000-00-00', '0000-00-00', '0000-00-00', 8, 8, 8, '0000-00-00', '', 0, 0, '2015-02-11', 4, 1);

-- --------------------------------------------------------

--
-- Table structure for table `trips_details`
--

CREATE TABLE IF NOT EXISTS `trips_details` (
  `id` bigint(20) NOT NULL AUTO_INCREMENT,
  `trip_id` bigint(20) NOT NULL,
  `source` int(11) NOT NULL,
  `destination` int(11) NOT NULL,
  `product` int(11) NOT NULL,
  `product_quantity` double NOT NULL,
  `qty_at_destination` double NOT NULL,
  `qty_after_decanding` double NOT NULL,
  `price_unit` float NOT NULL,
  `freight_unit` double(10,6) NOT NULL DEFAULT '0.000000',
  `company_freight_unit` double(15,6) NOT NULL DEFAULT '0.000000',
  `stn_number` varchar(100) NOT NULL,
  `shortage_voucher_dest` int(11) NOT NULL,
  `shortage_voucher_decnd` int(11) NOT NULL,
  PRIMARY KEY (`id`)
) ENGINE=InnoDB  DEFAULT CHARSET=latin1 AUTO_INCREMENT=351 ;

--
-- Dumping data for table `trips_details`
--

INSERT INTO `trips_details` (`id`, `trip_id`, `source`, `destination`, `product`, `product_quantity`, `qty_at_destination`, `qty_after_decanding`, `price_unit`, `freight_unit`, `company_freight_unit`, `stn_number`, `shortage_voucher_dest`, `shortage_voucher_decnd`) VALUES
(1, 1, 1, 2, 1, 60000, 59248, 59345, 81.9376, 5.416000, 5.416000, '1070017812', 0, 0),
(2, 2, 1, 2, 1, 60000, 59134, 59134, 81.9376, 5.416000, 5.416000, '1070017809', 0, 0),
(3, 3, 3, 2, 1, 50000, 50000, 50000, 0, 5.400000, 5.416000, '1070018080', 0, 0),
(4, 4, 1, 4, 1, 40000, 40000, 40000, 0, 6.030000, 6.038000, '1070018040', 0, 0),
(5, 5, 2, 4, 2, 10000, 10000, 10000, 0, 0.640000, 0.646000, '1070017755', 0, 0),
(6, 6, 2, 5, 2, 15000, 15000, 15000, 0, 1.410000, 1.427000, '1070018037', 0, 0),
(7, 7, 2, 5, 2, 25000, 25000, 25000, 0, 1.410000, 1.427000, '1070018042', 0, 0),
(8, 8, 2, 4, 2, 50000, 50000, 50000, 0, 0.646000, 0.646000, '1070018085', 0, 0),
(9, 9, 2, 4, 2, 10000, 10000, 10000, 0, 0.640000, 0.646000, '1070017951', 0, 0),
(10, 10, 2, 4, 2, 44000, 44000, 44000, 0, 0.640000, 0.646000, '1070018245', 0, 0),
(11, 11, 2, 4, 2, 40000, 40000, 40000, 0, 0.640000, 0.646000, '1070017811', 0, 0),
(12, 12, 1, 2, 1, 30000, 30000, 30000, 0, 5.410000, 5.416000, '1070018193', 0, 0),
(13, 13, 1, 2, 1, 50000, 50000, 50000, 0, 5.400000, 5.416000, '1070017857', 0, 0),
(14, 14, 2, 4, 2, 54000, 54000, 54000, 0, 0.644000, 0.646000, '1070018240', 0, 0),
(15, 15, 2, 4, 2, 40000, 40000, 40000, 0, 0.640000, 0.646000, '1070018236', 0, 0),
(16, 16, 2, 4, 1, 15000, 15000, 15000, 0, 0.640000, 0.646000, '1070017859', 0, 0),
(17, 17, 2, 4, 2, 30000, 30000, 30000, 0, 0.640000, 0.646000, '1070017850', 0, 0),
(18, 18, 1, 2, 1, 50000, 49180, 49600, 81.9376, 5.416000, 5.416000, '1070018324', 0, 0),
(19, 19, 1, 2, 1, 50000, 50000, 50000, 0, 5.410000, 5.416000, '1070018335', 0, 0),
(20, 20, 2, 5, 2, 24000, 24000, 24000, 0, 1.400000, 1.427000, '1070018322', 0, 0),
(21, 21, 2, 4, 2, 40000, 40000, 40000, 0, 0.640000, 0.646000, '1070018364', 0, 0),
(22, 22, 2, 4, 2, 10000, 10000, 10000, 0, 0.640000, 0.646000, '1070018130', 0, 0),
(23, 23, 2, 4, 2, 10000, 10000, 10000, 0, 0.640000, 0.646000, '1070018423', 0, 0),
(24, 24, 2, 4, 2, 16000, 16000, 16000, 0, 0.644000, 0.646000, '1070018349', 0, 0),
(25, 25, 2, 4, 2, 16000, 16000, 16000, 0, 0.644000, 0.646000, '1070018365', 0, 0),
(26, 26, 2, 4, 2, 16000, 16000, 16000, 0, 0.644000, 0.646000, '1070018368', 0, 0),
(27, 27, 2, 4, 2, 25000, 25000, 25000, 0, 0.644000, 0.646000, '1070018361', 0, 0),
(28, 28, 1, 2, 1, 50000, 50000, 50000, 0, 5.410000, 5.416000, '1070017806', 0, 0),
(29, 29, 1, 2, 1, 60000, 59177, 59600, 81.9376, 5.416000, 5.416000, '1070018512', 0, 0),
(30, 30, 1, 2, 1, 60000, 59262, 59600, 81.9376, 5.416000, 5.416000, '1070018498', 0, 0),
(31, 31, 1, 2, 1, 50000, 49219, 49219, 81.9376, 5.416000, 5.416000, '1070018494', 0, 0),
(32, 32, 1, 2, 1, 50000, 50000, 50000, 0, 5.400000, 5.416000, '1070018724', 0, 0),
(33, 33, 2, 7, 2, 30000, 30000, 30000, 0, 2.089000, 2.091000, '1070018510', 0, 0),
(34, 34, 2, 4, 2, 40000, 40000, 40000, 0, 0.640000, 0.646000, '1070018550', 0, 0),
(35, 35, 2, 4, 1, 50000, 50000, 50000, 0, 0.640000, 0.646000, '1070018469', 0, 0),
(36, 36, 2, 4, 1, 50000, 50000, 50000, 0, 0.640000, 0.646000, '1070018477', 0, 0),
(37, 37, 2, 4, 2, 10000, 10000, 10000, 0, 0.640000, 0.646000, '1070018212', 0, 0),
(38, 38, 2, 4, 1, 20000, 20000, 20000, 0, 0.640000, 0.646000, '1070018213', 0, 0),
(39, 39, 2, 4, 2, 30000, 30000, 30000, 0, 0.640000, 0.646000, '1070018458', 0, 0),
(40, 40, 2, 4, 2, 27000, 27000, 27000, 0, 0.646000, 0.646000, '1070018444', 0, 0),
(41, 41, 1, 2, 1, 60000, 60000, 60000, 0, 5.410000, 5.416000, '1070018216', 0, 0),
(42, 42, 1, 2, 1, 50000, 50000, 50000, 0, 5.410000, 5.416000, '1070018200', 0, 0),
(43, 43, 2, 4, 2, 15000, 15000, 15000, 0, 0.646000, 0.646000, '1070018412', 0, 0),
(44, 44, 2, 4, 2, 15000, 15000, 15000, 0, 0.640000, 0.646000, '1070017750', 0, 0),
(45, 45, 2, 4, 1, 10000, 10000, 10000, 0, 0.640000, 0.646000, '1070018010', 0, 0),
(46, 46, 2, 4, 1, 5000, 5000, 5000, 0, 0.640000, 0.646000, '1070018011', 0, 0),
(47, 47, 1, 2, 1, 60000, 60000, 60000, 0, 5.410000, 5.416000, '1070018665', 0, 0),
(48, 48, 1, 2, 1, 40000, 40000, 40000, 0, 5.410000, 5.416000, '1070018666', 0, 0),
(49, 49, 2, 4, 2, 40000, 40000, 40000, 0, 0.640000, 0.646000, '1070018660', 0, 0),
(50, 50, 2, 4, 1, 50000, 50000, 50000, 0, 0.640000, 0.646000, '1070018587', 0, 0),
(51, 51, 2, 4, 1, 30000, 30000, 30000, 0, 0.640000, 0.646000, '1070018577', 0, 0),
(52, 52, 2, 4, 2, 15000, 15000, 15000, 0, 0.640000, 0.646000, '1070018650', 0, 0),
(53, 53, 1, 4, 1, 50000, 50000, 50000, 0, 6.030000, 6.038000, '1070018683', 0, 0),
(54, 54, 1, 4, 1, 50000, 50000, 50000, 0, 6.030000, 6.038000, '1070018791', 0, 0),
(55, 55, 1, 2, 1, 60000, 58806, 59320, 81.9376, 5.416000, 5.416000, '1070018766', 0, 0),
(56, 56, 1, 2, 1, 50000, 50000, 50000, 0, 5.410000, 5.416000, '1070018765', 0, 0),
(57, 57, 2, 5, 2, 24000, 24000, 24000, 0, 1.400000, 1.427000, '1070018745', 0, 0),
(58, 58, 2, 4, 2, 10000, 10000, 10000, 0, 0.640000, 0.646000, '1070018710', 0, 0),
(59, 59, 2, 4, 2, 25000, 25000, 25000, 0, 0.640000, 0.646000, '1070018742', 0, 0),
(60, 60, 2, 5, 2, 40000, 40000, 40000, 0, 1.418000, 1.427000, '1070018726', 0, 0),
(61, 61, 2, 5, 2, 40000, 40000, 40000, 0, 1.418000, 1.427000, '1070018727', 0, 0),
(62, 62, 2, 4, 2, 40000, 40000, 40000, 0, 0.640000, 0.646000, '1070018994', 0, 0),
(63, 63, 2, 4, 2, 30000, 30000, 30000, 0, 0.640000, 0.646000, '1070018992', 0, 0),
(64, 64, 2, 7, 2, 30000, 30000, 30000, 0, 2.089000, 2.091000, '1070018903', 0, 0),
(65, 65, 2, 4, 2, 15000, 15000, 15000, 0, 0.640000, 0.646000, '1070018939', 0, 0),
(66, 66, 1, 2, 1, 60000, 58876, 58876, 81.9376, 5.416000, 5.416000, '1070019010', 0, 0),
(67, 67, 1, 2, 1, 60000, 60000, 60000, 0, 5.410000, 5.416000, '1070019011', 0, 0),
(68, 68, 1, 4, 1, 40000, 40000, 40000, 0, 6.030000, 6.038000, '1070019114', 0, 0),
(69, 69, 1, 2, 1, 50000, 50000, 50000, 0, 5.410000, 5.416000, '1070019108', 0, 0),
(70, 70, 1, 2, 1, 50000, 50000, 50000, 0, 5.410000, 5.416000, '1070019106', 0, 0),
(71, 71, 2, 4, 2, 44000, 44000, 44000, 0, 0.640000, 0.646000, '1070019110', 0, 0),
(72, 72, 2, 4, 2, 27000, 27000, 27000, 0, 0.646000, 0.646000, '1070018704', 0, 0),
(73, 73, 1, 2, 1, 50000, 49063, 49415, 81.9376, 5.416000, 5.416000, '1070019198', 0, 0),
(74, 74, 1, 2, 1, 60000, 58893, 59330, 81.9376, 5.416000, 5.416000, '1070019208', 0, 0),
(75, 75, 1, 2, 1, 50000, 50000, 50000, 0, 5.400000, 5.416000, '1070019201', 0, 0),
(76, 76, 1, 2, 1, 50000, 50000, 50000, 0, 5.410000, 5.416000, '1070019245', 0, 0),
(77, 77, 2, 4, 1, 40000, 40000, 40000, 0, 0.640000, 0.646000, '1070019222', 0, 0),
(78, 78, 2, 7, 2, 40000, 40000, 40000, 0, 2.089000, 2.091000, '1070019260', 0, 0),
(79, 79, 1, 2, 1, 40000, 40000, 40000, 0, 5.410000, 5.416000, '1070019290', 0, 0),
(80, 80, 1, 2, 1, 50000, 50000, 50000, 0, 5.410000, 5.416000, '1070019279', 0, 0),
(81, 81, 1, 2, 1, 25000, 25000, 25000, 0, 5.410000, 5.416000, '1070019291', 0, 0),
(82, 82, 2, 4, 2, 20000, 20000, 20000, 0, 0.640000, 0.646000, '1070019263', 0, 0),
(83, 83, 2, 4, 1, 10000, 10000, 10000, 0, 0.640000, 0.646000, '1070018940', 0, 0),
(84, 84, 2, 4, 2, 25000, 25000, 25000, 0, 0.640000, 0.646000, '1070019312', 0, 0),
(85, 85, 2, 4, 2, 15000, 15000, 15000, 0, 0.640000, 0.646000, '1070019381', 0, 0),
(86, 86, 1, 2, 1, 60000, 58897, 59330, 81.9376, 5.416000, 5.416000, '1070019494', 0, 0),
(87, 87, 1, 2, 1, 50000, 49220, 49220, 81.9376, 5.416000, 5.416000, '1070019484', 0, 0),
(88, 88, 1, 2, 1, 60000, 58954, 59335, 81.9376, 5.416000, 5.416000, '1070019512', 0, 0),
(89, 89, 1, 2, 1, 60000, 60000, 60000, 0, 5.410000, 5.416000, '1070019499', 0, 0),
(90, 90, 2, 7, 2, 30000, 30000, 30000, 0, 2.089000, 2.091000, '1070019452', 0, 0),
(91, 91, 2, 4, 1, 50000, 50000, 50000, 0, 0.640000, 0.646000, '1070019434', 0, 0),
(92, 92, 2, 4, 2, 40000, 40000, 40000, 0, 0.640000, 0.646000, '1070019449', 0, 0),
(93, 93, 2, 4, 2, 10000, 10000, 10000, 0, 0.640000, 0.646000, '1070019493', 0, 0),
(94, 94, 1, 4, 1, 50000, 50000, 50000, 0, 6.030000, 6.038000, '1070019644', 0, 0),
(95, 95, 2, 5, 2, 40000, 40000, 40000, 0, 1.418000, 1.427000, '1070019602', 0, 0),
(96, 96, 2, 4, 2, 25000, 25000, 25000, 0, 0.640000, 0.646000, '1070019571', 0, 0),
(97, 97, 1, 2, 1, 60000, 58980, 59340, 81.9376, 5.416000, 5.416000, '1070019591', 0, 0),
(98, 98, 1, 2, 1, 50000, 49098, 49300, 81.9376, 5.416000, 5.416000, '1070019590', 0, 0),
(99, 99, 1, 2, 1, 60000, 58719, 58719, 81.9376, 5.416000, 5.416000, '1070019588', 0, 0),
(100, 100, 1, 2, 1, 60000, 60000, 60000, 0, 5.410000, 5.416000, '1070019623', 0, 0),
(101, 101, 2, 4, 2, 40000, 40000, 40000, 0, 0.640000, 0.646000, '1070019657', 0, 0),
(102, 102, 2, 4, 2, 15000, 15000, 15000, 0, 0.640000, 0.646000, '1070019609', 0, 0),
(103, 103, 2, 4, 2, 10000, 10000, 10000, 0, 0.640000, 0.646000, '1070019655', 0, 0),
(104, 104, 2, 4, 1, 50000, 50000, 50000, 0, 0.640000, 0.646000, '1070019603', 0, 0),
(105, 105, 2, 5, 2, 40000, 40000, 40000, 0, 1.418000, 1.427000, '1070019803', 0, 0),
(106, 106, 2, 4, 2, 15000, 15000, 15000, 0, 0.640000, 0.646000, '1070019801', 0, 0),
(107, 107, 2, 5, 2, 30000, 30000, 30000, 0, 1.418000, 1.427000, '1070019845', 0, 0),
(108, 108, 1, 4, 1, 50000, 50000, 50000, 0, 6.030000, 6.038000, '1070019645', 0, 0),
(109, 109, 2, 4, 1, 10000, 10000, 10000, 0, 0.640000, 0.646000, '1070019610', 0, 0),
(110, 110, 2, 4, 1, 20000, 20000, 20000, 0, 0.640000, 0.646000, '1070019264', 0, 0),
(111, 111, 2, 4, 2, 10000, 10000, 10000, 0, 0.640000, 0.646000, '1070019892', 0, 0),
(112, 112, 2, 4, 2, 25000, 25000, 25000, 0, 0.640000, 0.646000, '1070019928', 0, 0),
(113, 113, 2, 4, 2, 40000, 40000, 40000, 0, 0.640000, 0.646000, '1070019958', 0, 0),
(114, 114, 2, 7, 2, 30000, 30000, 30000, 0, 2.089000, 2.091000, '1070019960', 0, 0),
(115, 115, 2, 4, 1, 50000, 50000, 50000, 0, 0.640000, 0.646000, '1070019931', 0, 0),
(116, 116, 2, 4, 2, 15000, 15000, 15000, 0, 0.640000, 0.646000, '1070019889', 0, 0),
(117, 117, 1, 2, 1, 50000, 50000, 50000, 0, 5.410000, 5.416000, '1070019961', 0, 0),
(118, 118, 1, 2, 1, 50000, 50000, 50000, 0, 5.410000, 5.416000, '1070019978', 0, 0),
(119, 119, 1, 4, 1, 40000, 40000, 40000, 0, 6.030000, 6.038000, '1070020187', 0, 0),
(120, 120, 2, 4, 2, 50000, 50000, 50000, 0, 0.646000, 0.646000, '1070020165', 0, 0),
(121, 121, 1, 2, 1, 60000, 58877, 58177, 81.9376, 5.416000, 5.416000, '1070020188', 0, 0),
(122, 122, 1, 2, 1, 60000, 58655, 57805, 81.9376, 5.416000, 5.416000, '1070020185', 0, 0),
(123, 123, 1, 2, 1, 50000, 49124, 0, 81.9376, 5.416000, 5.416000, '1070020290', 0, 0),
(124, 124, 1, 2, 1, 60000, 60000, 60000, 0, 5.410000, 5.416000, '1070020291', 0, 0),
(125, 125, 1, 2, 1, 50000, 50000, 50000, 0, 5.400000, 5.416000, '1070020257', 0, 0),
(126, 126, 1, 2, 1, 50000, 50000, 50000, 0, 5.400000, 5.416000, '1070020261', 0, 0),
(127, 127, 1, 2, 1, 50000, 50000, 50000, 0, 5.400000, 5.416000, '1070020304', 0, 0),
(128, 128, 2, 4, 2, 10000, 10000, 10000, 0, 0.640000, 0.646000, '1070020244', 0, 0),
(129, 129, 2, 4, 2, 25000, 25000, 25000, 0, 0.640000, 0.646000, '1070020287', 0, 0),
(130, 130, 1, 2, 1, 40000, 40000, 40000, 0, 5.410000, 5.416000, '1070020397', 0, 0),
(131, 131, 1, 2, 1, 60000, 59024, 58359, 81.9376, 5.416000, 5.416000, '1070020415', 0, 0),
(132, 132, 1, 2, 1, 50000, 49109, 48509, 81.9376, 5.416000, 5.416000, '1070020429', 0, 0),
(133, 133, 1, 4, 1, 30000, 30000, 30000, 0, 6.035000, 6.038000, '1070020428', 0, 0),
(134, 134, 2, 5, 2, 40000, 40000, 40000, 0, 1.418000, 1.427000, '1070020395', 0, 0),
(135, 135, 1, 2, 1, 50000, 50000, 50000, 0, 5.410000, 5.416000, '1070020398', 0, 0),
(136, 136, 1, 2, 1, 50000, 50000, 50000, 0, 5.410000, 5.416000, '1070020534', 0, 0),
(137, 137, 1, 4, 1, 50000, 50000, 50000, 0, 6.030000, 6.038000, '1070020571', 0, 0),
(138, 138, 1, 4, 1, 50000, 50000, 50000, 0, 6.030000, 6.038000, '1070020572', 0, 0),
(139, 139, 1, 4, 1, 50000, 50000, 50000, 0, 6.030000, 6.038000, '1070020570', 0, 0),
(140, 140, 2, 4, 2, 40000, 40000, 40000, 0, 0.640000, 0.646000, '1070020577', 0, 0),
(141, 141, 2, 4, 1, 50000, 50000, 50000, 0, 0.640000, 0.646000, '1070020521', 0, 0),
(142, 142, 2, 4, 2, 15000, 15000, 15000, 0, 0.640000, 0.646000, '1070020544', 0, 0),
(143, 143, 2, 4, 1, 25000, 25000, 25000, 0, 0.640000, 0.646000, '1070020545', 0, 0),
(144, 144, 2, 4, 2, 10000, 10000, 10000, 0, 0.640000, 0.646000, '1070020630', 0, 0),
(145, 145, 1, 2, 1, 50000, 50000, 50000, 0, 5.410000, 5.416000, '1070020671', 0, 0),
(146, 146, 1, 2, 1, 50000, 50000, 50000, 0, 5.410000, 5.416000, '1070020676', 0, 0),
(147, 147, 2, 7, 2, 30000, 30000, 30000, 0, 2.089000, 2.091000, '1070020533', 0, 0),
(148, 148, 1, 2, 1, 60000, 60000, 60000, 0, 5.410000, 5.416000, '1070021091', 0, 0),
(149, 149, 2, 4, 1, 50000, 50000, 50000, 0, 0.640000, 0.646000, '1070020883', 0, 0),
(150, 150, 1, 2, 1, 60000, 59636, 59636, 84.53, 5.416000, 5.416000, '1070021028', 0, 0),
(151, 151, 1, 2, 1, 60000, 59743, 59743, 84.53, 5.416000, 5.416000, '1070021027', 0, 0),
(152, 152, 2, 5, 2, 24000, 24000, 24000, 0, 1.400000, 1.427000, '1070021080', 0, 0),
(153, 153, 1, 2, 1, 60000, 58875, 58875, 81.9376, 5.416000, 5.416000, '1070021090', 0, 0),
(154, 154, 1, 2, 1, 40000, 40000, 40000, 0, 5.410000, 5.416000, '1070021161', 0, 0),
(158, 158, 2, 5, 2, 40000, 40000, 40000, 0, 1.418000, 1.427000, '1070021301', 0, 0),
(159, 159, 2, 5, 2, 40000, 40000, 40000, 0, 1.418000, 1.427000, '1070021306', 0, 0),
(160, 160, 1, 2, 1, 60000, 59209, 58834, 81.9376, 5.416000, 5.416000, '1070021305', 0, 0),
(161, 161, 2, 7, 2, 30000, 30000, 30000, 0, 2.089000, 2.091000, '1070021298', 0, 0),
(162, 162, 2, 7, 2, 31000, 31000, 31000, 0, 2.089000, 2.091000, '1070021297', 0, 0),
(163, 163, 2, 4, 2, 10000, 10000, 10000, 0, 0.667900, 0.668000, '1070016163', 0, 0),
(164, 164, 2, 4, 2, 10000, 10000, 10000, 0, 0.667900, 0.668000, '1070016480', 0, 0),
(165, 165, 2, 4, 2, 10000, 10000, 10000, 0, 0.667900, 0.668000, '1070017070', 0, 0),
(166, 166, 2, 4, 1, 60000, 60000, 60000, 0, 0.667900, 0.668000, '1070016486', 0, 0),
(167, 167, 2, 4, 2, 10000, 10000, 10000, 0, 0.667900, 0.668000, '1070013965', 0, 0),
(168, 168, 2, 4, 2, 10000, 10000, 10000, 0, 0.667900, 0.668000, '1070014183', 0, 0),
(169, 169, 2, 4, 2, 10000, 10000, 10000, 0, 0.667900, 0.668000, '1070014335', 0, 0),
(170, 170, 2, 4, 2, 10000, 10000, 10000, 0, 0.667900, 0.668000, '1070014690', 0, 0),
(171, 171, 2, 4, 2, 10000, 10000, 10000, 0, 0.667900, 0.668000, '1070015195', 0, 0),
(172, 172, 2, 4, 2, 10000, 10000, 10000, 0, 0.667900, 0.668000, '1070015472', 0, 0),
(173, 173, 2, 4, 2, 10000, 10000, 10000, 0, 0.667900, 0.668000, '1070015882', 0, 0),
(174, 174, 2, 4, 2, 25000, 25000, 25000, 0, 0.667900, 0.668000, '1070014452', 0, 0),
(175, 175, 2, 4, 2, 25000, 25000, 25000, 0, 0.667900, 0.668000, '1070015307', 0, 0),
(176, 176, 2, 4, 2, 25000, 25000, 25000, 0, 0.671260, 0.671260, '1070012266', 0, 0),
(177, 177, 2, 4, 2, 20000, 20000, 20000, 0, 0.671260, 0.671260, '1070012859', 0, 0),
(178, 178, 2, 4, 1, 5000, 5000, 5000, 0, 0.671260, 0.671260, '1070012860', 0, 0),
(179, 179, 2, 4, 2, 25000, 25000, 25000, 0, 0.671260, 0.671260, '1070013488', 0, 0),
(180, 180, 2, 4, 2, 25000, 25000, 25000, 0, 0.674820, 0.674820, '1070008269', 0, 0),
(181, 181, 1, 4, 1, 60000, 60000, 60000, 0, 6.273600, 6.273600, '1070011569', 0, 0),
(182, 182, 2, 4, 2, 10000, 10000, 10000, 0, 0.646010, 0.620880, '1070021382', 0, 0),
(183, 183, 2, 4, 2, 15000, 15000, 15000, 0, 0.646010, 0.620880, '1070021466', 0, 0),
(184, 184, 2, 4, 2, 15000, 15000, 15000, 0, 0.646010, 0.620880, '1070021385', 0, 0),
(185, 185, 1, 4, 1, 50000, 50000, 50000, 0, 6.030000, 5.802600, '1070021506', 0, 0),
(186, 186, 2, 4, 2, 40000, 40000, 40000, 0, 0.646010, 0.620880, '1070021501', 0, 0),
(187, 187, 2, 4, 2, 10000, 10000, 10000, 0, 0.646010, 0.620880, '1070021513', 0, 0),
(188, 188, 2, 4, 2, 25000, 25000, 25000, 0, 0.646010, 0.620880, '1070021616', 0, 0),
(189, 189, 2, 4, 2, 15000, 15000, 15000, 0, 0.646010, 0.620880, '', 0, 0),
(190, 190, 2, 4, 2, 27000, 27000, 27000, 0, 0.646010, 0.620880, '1070021785', 0, 0),
(191, 191, 1, 2, 1, 60000, 60000, 60000, 0, 5.416450, 5.416450, '1070021769', 0, 0),
(193, 193, 2, 4, 2, 16000, 16000, 16000, 0, 0.628800, 0.620880, '1070021899', 0, 0),
(194, 194, 2, 4, 2, 10000, 10000, 10000, 0, 0.646010, 0.620880, '1070021897', 0, 0),
(195, 195, 2, 5, 2, 25000, 25000, 25000, 0, 1.340470, 1.340470, '1070021920', 0, 0),
(196, 196, 1, 2, 1, 60000, 58980, 58401, 75.7, 5.416450, 5.416450, '1070021906', 0, 0),
(197, 197, 2, 5, 2, 24000, 24000, 24000, 0, 1.340470, 1.340470, '1070021992', 0, 0),
(198, 198, 1, 4, 1, 60000, 58852, 58172, 75.7, 6.037530, 5.802600, '1070022055', 0, 0),
(199, 199, 1, 4, 1, 50000, 50000, 50000, 0, 6.037530, 5.802600, '1070022063', 0, 0),
(200, 200, 1, 2, 1, 50000, 50000, 50000, 0, 5.416450, 5.416450, '1070022065', 0, 0),
(201, 201, 2, 5, 2, 27000, 27000, 27000, 0, 1.340470, 1.340470, '1070022079', 0, 0),
(202, 202, 2, 4, 1, 60000, 60000, 60000, 0, 0.646010, 0.620880, '1070022043', 0, 0),
(203, 203, 2, 4, 2, 25000, 25000, 25000, 0, 0.646010, 0.620880, '1070021995', 0, 0),
(204, 204, 1, 4, 1, 50000, 50000, 50000, 0, 6.037530, 5.802600, '1070022241', 0, 0),
(205, 205, 2, 4, 2, 15000, 15000, 15000, 0, 0.646010, 0.620880, '1070022383', 0, 0),
(206, 206, 3, 4, 1, 50000, 49062, 48530, 75.7, 6.037530, 6.037530, '1070022477', 0, 0),
(207, 207, 3, 4, 1, 40000, 40000, 40000, 0, 6.037530, 6.037530, '1070022469', 0, 0),
(208, 208, 3, 2, 1, 50000, 50000, 50000, 0, 5.416450, 5.416450, '1070022490', 0, 0),
(209, 209, 3, 2, 1, 50000, 49077, 49077, 75.7, 5.416450, 5.416450, '1070022488', 0, 0),
(210, 210, 3, 2, 1, 60000, 58876, 58876, 75.7, 5.416450, 5.416450, '1070022486', 0, 0),
(211, 211, 3, 2, 1, 60000, 60000, 60000, 0, 5.416450, 5.416450, '1070022489', 0, 0),
(212, 212, 2, 4, 2, 10000, 10000, 10000, 0, 0.646010, 0.620880, '1070022427', 0, 0),
(213, 213, 2, 4, 2, 40000, 40000, 40000, 0, 0.620880, 0.620880, '1070022553', 0, 0),
(214, 214, 3, 2, 1, 50000, 50000, 50000, 0, 5.205690, 5.205690, '1070022671', 0, 0),
(216, 216, 2, 4, 2, 25000, 25000, 25000, 0, 0.620880, 0.620880, '1070022508', 0, 0),
(217, 217, 3, 4, 1, 50000, 50000, 50000, 0, 5.802600, 5.802600, '1070022698', 0, 0),
(218, 218, 3, 2, 1, 60000, 59017, 58485, 75.7, 5.205690, 5.205690, '1070022697', 0, 0),
(219, 219, 3, 2, 1, 60000, 60000, 60000, 0, 5.205690, 5.205690, '1070022696', 0, 0),
(220, 220, 2, 4, 2, 15000, 15000, 15000, 0, 0.620880, 0.620880, '1070022779', 0, 0),
(221, 221, 2, 5, 2, 15000, 15000, 15000, 0, 1.288330, 1.288330, '1070022769', 0, 0),
(222, 222, 3, 2, 1, 60000, 59112, 58580, 75.7, 5.205690, 5.205690, '1070022747', 0, 0),
(223, 223, 3, 2, 1, 60000, 59132, 58600, 75.7, 5.205690, 5.205690, '1070022759', 0, 0),
(224, 224, 3, 2, 1, 50000, 50000, 50000, 0, 5.205690, 5.205690, '1070022764', 0, 0),
(225, 225, 3, 2, 1, 60000, 60000, 60000, 0, 5.205690, 5.205690, '1070022787', 0, 0),
(226, 226, 3, 2, 1, 40000, 40000, 40000, 0, 5.205690, 5.205690, '1070022783', 0, 0),
(227, 227, 2, 4, 2, 25000, 25000, 25000, 0, 0.620880, 0.620880, '1070022851', 0, 0),
(228, 228, 2, 4, 2, 40000, 40000, 40000, 0, 0.620880, 0.620880, '1070022878', 0, 0),
(229, 229, 2, 5, 2, 24000, 24000, 24000, 0, 1.288330, 1.288330, '1070022870', 0, 0),
(230, 230, 2, 4, 2, 15000, 15000, 15000, 0, 0.620880, 0.620880, '1070023017', 0, 0),
(231, 231, 2, 4, 2, 25000, 25000, 25000, 0, 0.620880, 0.620880, '1070023034', 0, 0),
(232, 232, 3, 2, 1, 60000, 59492, 59492, 75.7, 5.205690, 5.205690, '1070023094', 0, 0),
(233, 233, 3, 2, 1, 66000, 66000, 66000, 0, 5.205690, 5.205690, '1070023119', 0, 0),
(234, 234, 3, 2, 1, 60000, 60000, 60000, 0, 5.205690, 5.460000, '1070023123', 336, 0),
(235, 235, 3, 2, 1, 60000, 59201, 59201, 75.7, 5.205690, 5.205690, '1070023111', 0, 0),
(236, 236, 3, 2, 1, 50000, 49383, 49383, 75.7, 5.205690, 5.205690, '1070023118', 0, 0),
(237, 237, 3, 2, 1, 50000, 49464, 48932, 75.7, 5.205690, 5.205690, '1070023110', 0, 0),
(238, 238, 3, 2, 1, 50000, 50000, 50000, 0, 5.205690, 5.205690, '1070023122', 0, 0),
(239, 239, 3, 2, 1, 60000, 60000, 60000, 0, 5.205690, 5.205690, '1070023148', 0, 0),
(240, 240, 3, 4, 1, 50000, 50000, 50000, 0, 5.802600, 5.802600, '1070023166', 0, 0),
(241, 241, 3, 2, 1, 50000, 50000, 50000, 0, 5.205690, 5.205690, '1070023165', 0, 0),
(242, 242, 2, 4, 2, 10000, 10000, 10000, 0, 0.620880, 0.620880, '1070023196', 0, 0),
(243, 243, 3, 2, 1, 50000, 50000, 50000, 0, 5.205690, 5.205690, '1070023233', 0, 0),
(244, 244, 3, 2, 1, 60000, 59524, 59524, 75.7, 5.205690, 5.205690, '1070023231', 0, 0),
(245, 245, 3, 2, 1, 60000, 59643, 59643, 75.7, 5.205690, 5.205690, '1070023235', 0, 0),
(246, 246, 3, 2, 1, 60000, 59338, 59338, 75.7, 5.205690, 5.205690, '1070023228', 0, 0),
(247, 247, 3, 2, 1, 50000, 50000, 50000, 0, 5.205690, 5.205690, '1070023280', 0, 0),
(248, 248, 2, 4, 2, 25000, 25000, 25000, 0, 0.620880, 0.620880, '3', 0, 0),
(249, 249, 1, 2, 1, 60000, 59182, 58483, 75.7, 5.205690, 5.205690, '1070023308', 0, 0),
(250, 250, 1, 2, 1, 40000, 39430, 38860, 75.7, 5.205690, 5.205690, '1070023307', 0, 0),
(251, 251, 1, 2, 1, 60000, 59260, 58561, 75.7, 5.205690, 5.205690, '1070023328', 0, 0),
(252, 252, 1, 2, 1, 60000, 59080, 58381, 75.7, 5.205690, 5.205690, '1070023310', 0, 0),
(253, 253, 3, 2, 1, 50000, 50000, 50000, 0, 5.205690, 5.205690, '1070023367', 0, 0),
(254, 254, 3, 2, 1, 60000, 60000, 60000, 0, 5.205690, 5.205690, '1070023366', 0, 0),
(255, 255, 3, 2, 1, 50000, 50000, 50000, 0, 5.205690, 5.205690, '1070023400', 0, 0),
(256, 256, 3, 2, 1, 40000, 40000, 40000, 0, 5.205690, 5.205690, '1070023396', 0, 0),
(257, 257, 3, 2, 1, 40000, 40000, 40000, 0, 5.205690, 5.205690, '1070023398', 0, 0),
(258, 258, 3, 2, 1, 60000, 59371, 59371, 75.7, 5.205690, 5.205690, '1070023405', 0, 0),
(259, 259, 3, 2, 1, 30000, 30000, 30000, 0, 5.205690, 5.205690, '1070023401', 0, 0),
(260, 260, 1, 2, 1, 60000, 59069, 59069, 75.7, 5.205690, 5.205690, '1070023587', 0, 0),
(261, 261, 1, 2, 1, 50000, 49243, 49243, 75.7, 5.205690, 5.205690, '1070023600', 0, 0),
(262, 262, 3, 2, 1, 30000, 30000, 30000, 0, 5.205690, 5.205690, '1070023716', 0, 0),
(263, 263, 3, 4, 1, 50000, 50000, 50000, 0, 5.802600, 5.802600, '1070023715', 0, 0),
(264, 264, 3, 2, 1, 60000, 58565, 58565, 75.7, 5.205690, 5.205690, '1070023828', 0, 0),
(265, 265, 3, 2, 1, 56000, 55215, 55215, 75.7, 5.205690, 5.205690, '1070023404', 0, 0),
(266, 266, 2, 4, 2, 25000, 25000, 25000, 0, 0.620880, 0.620880, '1070023732', 0, 0),
(267, 267, 3, 2, 1, 40000, 40000, 40000, 0, 5.205690, 5.205690, '1070023651', 0, 0),
(268, 268, 3, 2, 1, 60000, 59354, 59354, 75.7, 5.205690, 5.205690, '1070023534', 0, 0),
(269, 269, 3, 4, 1, 50000, 49508, 49211, 75.7, 5.802600, 5.802600, '1070023866', 0, 0),
(270, 270, 1, 4, 1, 60000, 59284, 58987, 75.7, 5.802600, 5.802600, '1070023986', 0, 0),
(271, 271, 2, 4, 2, 30000, 30000, 30000, 0, 0.620880, 0.620880, '1070022070', 0, 0),
(272, 272, 1, 4, 1, 60000, 59286, 58988, 75.7, 5.802600, 5.802600, '1070024136', 0, 0),
(273, 273, 2, 4, 2, 25000, 25000, 25000, 0, 0.620880, 0.620880, '1070024107', 0, 0),
(274, 274, 1, 4, 1, 50000, 49219, 49219, 75.7, 5.802600, 5.802600, '1070024253', 0, 0),
(275, 275, 8, 2, 1, 40000, 40000, 40000, 0, 5.205690, 5.205690, 'RI-51150999', 0, 0),
(276, 276, 8, 2, 1, 60000, 60000, 60000, 0, 5.205690, 5.205690, 'RI-51151057', 0, 0),
(277, 277, 8, 2, 1, 60000, 58966, 58966, 75.7, 5.205690, 5.205690, 'RI-51151056', 0, 337),
(278, 278, 2, 4, 2, 20000, 20000, 20000, 0, 0.620880, 0.620880, '1070024123', 0, 0),
(279, 279, 2, 4, 1, 10000, 10000, 10000, 0, 0.620880, 0.620880, '1070024124', 0, 0),
(280, 280, 1, 2, 1, 60000, 60000, 60000, 0, 5.205690, 5.205690, '1070024384', 328, 0),
(281, 281, 2, 4, 2, 25000, 25000, 25000, 0, 0.620880, 0.620880, '1070024446', 0, 0),
(282, 282, 2, 4, 2, 10000, 10000, 10000, 0, 0.620880, 0.620880, '', 0, 0),
(283, 282, 2, 4, 1, 20000, 20000, 20000, 0, 0.620880, 0.620880, '', 0, 0),
(284, 283, 1, 2, 1, 40000, 40000, 40000, 0, 5.205690, 5.205690, '1070024578', 313, 0),
(285, 284, 1, 2, 1, 50000, 50000, 50000, 0, 5.205690, 5.205690, '1070024680', 349, 0),
(286, 285, 1, 2, 1, 50000, 50000, 50000, 0, 5.205690, 5.205690, '1070024679', 0, 0),
(287, 286, 1, 2, 2, 50000, 50000, 50000, 0, 4.500000, 4.500000, '', 0, 0),
(288, 287, 1, 2, 2, 50000, 50000, 50000, 0, 4.500000, 4.500000, '1070024684', 0, 0),
(289, 288, 1, 2, 2, 50000, 50000, 50000, 0, 4.500000, 4.500000, '', 0, 0),
(290, 289, 1, 2, 2, 60000, 60000, 60000, 0, 4.500000, 4.500000, '', 0, 0),
(291, 290, 1, 2, 1, 60000, 60000, 60000, 0, 5.205690, 5.205690, '1070024841', 348, 0),
(292, 291, 1, 2, 1, 40000, 40000, 40000, 0, 5.205690, 5.205690, '', 0, 0),
(293, 292, 1, 9, 3, 48250, 48250, 48250, 0, 4.500000, 4.500000, '1680003387', 339, 0),
(294, 293, 1, 2, 1, 60000, 60000, 60000, 0, 5.205690, 5.205690, '1070024941', 347, 0),
(295, 294, 1, 10, 2, 20000, 20000, 20000, 0, 0.000000, 0.000000, '', 0, 0),
(296, 294, 1, 10, 1, 30000, 30000, 30000, 0, 1.000000, 1.000000, '', 0, 0),
(297, 295, 2, 4, 2, 30000, 30000, 30000, 0, 0.620880, 0.620880, '', 0, 0),
(298, 296, 2, 4, 2, 15000, 15000, 15000, 0, 0.620880, 0.620880, '', 0, 0),
(299, 297, 2, 4, 2, 25000, 25000, 25000, 0, 0.620880, 0.620880, '', 0, 0),
(300, 298, 2, 4, 2, 10000, 10000, 10000, 0, 0.620880, 0.620880, '', 0, 0),
(301, 299, 2, 4, 2, 20000, 20000, 20000, 0, 0.620880, 0.620880, '1070024994', 0, 0),
(302, 299, 2, 4, 1, 20000, 20000, 20000, 0, 0.620880, 0.620880, '1070024995', 0, 0),
(303, 300, 2, 4, 1, 20000, 20000, 20000, 0, 0.620880, 0.620880, '1070024962', 0, 0),
(304, 300, 2, 4, 2, 20000, 20000, 20000, 0, 0.620880, 0.620880, '1070024961', 0, 0),
(305, 301, 2, 14, 2, 5000, 5000, 5000, 0, 0.308800, 0.308800, '1040014054', 0, 0),
(306, 301, 2, 14, 1, 10000, 10000, 10000, 0, 0.308800, 0.308800, '1040014054', 0, 0),
(307, 302, 2, 13, 1, 8000, 8000, 8000, 0, 0.634875, 0.634875, '1040014041', 0, 0),
(308, 302, 2, 13, 2, 8000, 8000, 8000, 0, 0.634875, 0.634875, '1040014041', 0, 0),
(309, 303, 2, 15, 1, 16000, 16000, 16000, 0, 0.521290, 0.521290, '1040014040', 0, 0),
(310, 303, 2, 15, 2, 8000, 8000, 8000, 0, 0.521290, 0.521290, '1040014040', 0, 0),
(311, 304, 4, 12, 1, 10000, 10000, 10000, 0, 0.337100, 0.337100, '1040014031', 0, 0),
(312, 304, 4, 12, 2, 10000, 10000, 10000, 0, 0.337100, 0.337100, '1040014031', 0, 0),
(313, 305, 4, 11, 1, 10000, 10000, 10000, 0, 0.264200, 0.264200, '1040014030', 0, 0),
(314, 305, 4, 11, 2, 10000, 10000, 10000, 0, 0.264200, 0.264200, '1040014030', 0, 0),
(315, 306, 4, 19, 1, 10000, 10000, 10000, 0, 0.387200, 0.387200, '', 0, 0),
(316, 306, 4, 19, 2, 10000, 10000, 10000, 0, 0.387200, 0.387200, '', 0, 0),
(317, 307, 2, 16, 2, 10000, 10000, 10000, 0, 0.511300, 0.511300, '1040014045', 0, 0),
(318, 307, 2, 16, 1, 10000, 10000, 10000, 0, 0.511300, 0.511300, '1040014045', 0, 0),
(319, 308, 2, 17, 2, 10000, 10000, 10000, 0, 0.628000, 0.628000, '1040014044', 0, 0),
(320, 309, 2, 18, 1, 10000, 10000, 10000, 0, 0.501600, 0.501600, '1040014043', 0, 0),
(321, 309, 2, 18, 2, 10000, 10000, 10000, 0, 0.501600, 0.501600, '1040014043', 0, 0),
(322, 310, 2, 4, 2, 27000, 27000, 27000, 0, 0.620880, 0.620880, '', 0, 0),
(323, 311, 2, 5, 2, 40000, 40000, 40000, 0, 2.090790, 2.090790, '', 0, 0),
(324, 312, 2, 21, 2, 10000, 10000, 10000, 0, 0.626600, 0.626600, '1040014053', 338, 0),
(325, 312, 2, 21, 1, 10000, 10000, 10000, 0, 0.626600, 0.626600, '1040014053', 0, 0),
(326, 313, 2, 22, 1, 10000, 10000, 10000, 0, 0.596100, 0.596100, '1040014052', 0, 0),
(327, 313, 2, 22, 2, 10000, 10000, 10000, 0, 0.596100, 0.596100, '1040014052', 0, 0),
(328, 314, 2, 4, 2, 25000, 25000, 25000, 0, 0.620880, 0.620880, '', 0, 0),
(329, 315, 0, 0, 0, 20000, 20000, 20000, 0, 2.000000, 2.000000, '', 0, 0),
(330, 316, 0, 0, 0, 0, 0, 0, 0, 2.000000, 2.000000, '', 0, 0),
(331, 316, 0, 0, 0, 0, 0, 0, 0, 2.000000, 2.000000, '', 0, 0),
(332, 0, 2, 13, 2, 0, 0, 0, 0, 2.000000, 2.000000, '', 0, 0),
(333, 0, 4, 12, 1, 0, 0, 0, 0, 2.000000, 2.000000, '', 0, 0),
(334, 320, 4, 12, 1, 0, 0, 0, 0, 1.000000, 1.000000, '', 0, 0),
(335, 321, 2, 21, 1, 1200, 1200, 1200, 0, 0.626600, 0.626600, '', 0, 0),
(336, 322, 2, 15, 1, 0, 0, 0, 0, 0.521290, 0.521290, '', 0, 0),
(337, 323, 0, 16, 1, 0, 0, 0, 0, 12.000000, 13.000000, '', 0, 0),
(338, 324, 0, 0, 0, 1200, 1200, 1200, 0, 0.337100, 0.337100, '', 0, 0),
(339, 325, 0, 0, 0, 0, 0, 0, 0, 0.337100, 0.337100, '', 0, 0),
(340, 326, 0, 0, 0, 0, 0, 0, 0, 0.337100, 0.337100, '', 0, 0),
(341, 327, 0, 0, 0, 0, 0, 0, 0, 0.337100, 0.337100, '', 0, 0),
(342, 328, 0, 0, 0, 0, 0, 0, 0, 0.337100, 0.337100, '', 0, 0),
(343, 329, 0, 0, 0, 0, 0, 0, 0, 0.337100, 0.337100, '', 0, 0),
(344, 330, 0, 0, 0, 0, 0, 0, 0, 0.337100, 0.337100, '', 0, 0),
(345, 331, 0, 0, 0, 0, 0, 0, 0, 0.337100, 0.337100, '', 0, 0),
(346, 332, 0, 0, 0, 0, 0, 0, 0, 0.337100, 0.337100, '', 0, 0),
(347, 333, 4, 12, 1, 0, 0, 0, 0, 0.337100, 0.337100, '', 0, 0),
(348, 334, 2, 18, 2, 1200, 1200, 1200, 0, 0.501600, 0.501600, '', 0, 0),
(349, 335, 2, 22, 1, 222, 222, 222, 0, 0.511300, 0.511300, '', 0, 0),
(350, 335, 2, 22, 1, 12, 12, 12, 0, 22.000000, 22.000000, '', 0, 0);

-- --------------------------------------------------------

--
-- Table structure for table `trips_drivers_expenses`
--

CREATE TABLE IF NOT EXISTS `trips_drivers_expenses` (
  `id` int(11) NOT NULL AUTO_INCREMENT,
  `driver_id` int(11) NOT NULL,
  `trip_id` int(11) NOT NULL,
  `expense_date` date NOT NULL,
  `description` varchar(200) NOT NULL,
  `amount` float NOT NULL,
  `entryDate` datetime NOT NULL,
  PRIMARY KEY (`id`)
) ENGINE=InnoDB DEFAULT CHARSET=latin1 AUTO_INCREMENT=1 ;

-- --------------------------------------------------------

--
-- Table structure for table `trips_tankers_expenses`
--

CREATE TABLE IF NOT EXISTS `trips_tankers_expenses` (
  `id` int(11) NOT NULL AUTO_INCREMENT,
  `tanker_id` int(11) NOT NULL,
  `trip_id` int(11) NOT NULL,
  `expense_date` date NOT NULL,
  `description` varchar(200) NOT NULL,
  `amount` float NOT NULL,
  `entryDate` datetime NOT NULL,
  PRIMARY KEY (`id`)
) ENGINE=InnoDB  DEFAULT CHARSET=latin1 AUTO_INCREMENT=293 ;

--
-- Dumping data for table `trips_tankers_expenses`
--

INSERT INTO `trips_tankers_expenses` (`id`, `tanker_id`, `trip_id`, `expense_date`, `description`, `amount`, `entryDate`) VALUES
(1, 3, 1, '2014-12-01', 'Tool plaza', 9240, '2014-12-05 12:00:49'),
(2, 3, 1, '2014-12-05', 'service grees', 1500, '2014-12-05 12:01:42'),
(3, 3, 1, '2014-12-05', 'dipu exp', 1300, '2014-12-05 12:02:22'),
(4, 3, 1, '2014-12-05', 'oil chang sabin sootar', 400, '2014-12-05 12:03:10'),
(5, 3, 1, '2014-12-05', 'roti exp', 7000, '2014-12-05 12:03:42'),
(6, 3, 1, '2014-12-05', 'bistray', 2000, '2014-12-05 12:04:33'),
(7, 3, 1, '2014-12-05', 'pankchar', 400, '2014-12-05 12:05:03'),
(8, 3, 1, '2014-12-05', 'weel garees 22', 18650, '2014-12-05 12:05:50'),
(9, 3, 1, '2014-12-05', 'hsd 830 ltr', 84245, '2014-12-05 12:06:35'),
(10, 3, 1, '2014-12-05', 'mobil oil 14 ltr', 5334, '2014-12-05 12:07:26'),
(11, 7, 2, '2014-12-04', 'tool palaza', 9240, '2014-12-05 12:11:08'),
(12, 7, 2, '2014-12-04', 'service grees', 1500, '2014-12-05 12:11:42'),
(13, 7, 2, '2014-12-05', 'dipu exp', 1300, '2014-12-05 12:12:05'),
(14, 7, 2, '2014-12-05', 'oil chang sabin sootar', 400, '2014-12-05 12:12:30'),
(15, 7, 2, '2014-12-05', 'roti exp', 10000, '2014-12-05 12:13:32'),
(16, 7, 2, '2014-12-05', 'bistray', 2000, '2014-12-05 12:13:56'),
(17, 7, 2, '2014-12-05', 'tape exp', 500, '2014-12-05 12:14:30'),
(18, 7, 2, '2014-12-05', 'hsd 810 ltr', 82216, '2014-12-05 12:15:37'),
(19, 7, 2, '2014-12-05', 'mobil oil 14 ltr', 5334, '2014-12-05 12:16:04'),
(20, 12, 31, '2014-12-06', 'Tool plaza', 9240, '2014-12-08 11:45:12'),
(22, 12, 31, '2014-12-06', 'dipu exp', 1300, '2014-12-08 11:46:02'),
(23, 12, 31, '2014-12-06', 'service grees', 1500, '2014-12-08 11:46:28'),
(24, 12, 31, '2014-12-06', 'saban soutar', 400, '2014-12-08 11:47:01'),
(25, 12, 31, '2014-12-06', 'jali air kalinder', 1490, '2014-12-08 11:47:53'),
(26, 12, 31, '2014-12-06', 'roti exp', 6000, '2014-12-08 11:48:19'),
(27, 12, 31, '2014-12-06', 'hsd 733 ltr', 69195, '2014-12-08 11:49:02'),
(28, 12, 31, '2014-12-06', 'mobil oil 14 ltr', 5334, '2014-12-08 11:49:28'),
(29, 9, 18, '2014-12-06', 'Tool plaza', 9240, '2014-12-08 11:53:31'),
(30, 9, 18, '2014-12-06', 'dipu exp', 1300, '2014-12-08 11:54:11'),
(31, 9, 18, '2014-12-06', 'service grees', 1500, '2014-12-08 11:54:51'),
(32, 9, 18, '2014-12-06', 'saban soutar', 400, '2014-12-08 11:55:25'),
(33, 9, 18, '2014-12-06', 'roti exp', 7000, '2014-12-08 11:56:04'),
(34, 9, 18, '2014-12-06', 'tuob lengoder', 3000, '2014-12-08 11:57:43'),
(35, 9, 18, '2014-12-06', 'bill oil filter disel', 1350, '2014-12-08 11:58:40'),
(36, 9, 18, '2014-12-06', '1 addad tire', 150, '2014-12-08 12:00:27'),
(37, 9, 18, '2014-12-06', 'hsd 834 ltr', 78730, '2014-12-08 12:04:08'),
(38, 9, 18, '2014-12-06', 'mobil oil 14 ltr', 5334, '2014-12-08 12:04:48'),
(39, 1, 29, '2014-12-06', 'Tool plaza', 9240, '2014-12-08 19:44:36'),
(40, 1, 29, '2014-12-06', 'service grees', 1500, '2014-12-08 19:45:17'),
(41, 1, 29, '2014-12-06', 'dipu exp', 1300, '2014-12-08 19:45:51'),
(42, 1, 29, '2014-12-06', 'saban soutar', 400, '2014-12-08 19:46:26'),
(43, 1, 29, '2014-12-06', 'roti exp', 6000, '2014-12-08 19:46:59'),
(44, 1, 29, '2014-12-06', 'Tire banwai', 500, '2014-12-08 19:47:49'),
(45, 1, 29, '2014-12-06', 'hsd 767 ltr', 72404, '2014-12-08 19:48:55'),
(46, 1, 29, '2014-12-06', 'mobil oil 14 ltr', 5334, '2014-12-08 19:49:33'),
(47, 2, 30, '2014-12-06', 'Tool plaza', 9240, '2014-12-08 20:35:21'),
(48, 2, 30, '2014-12-06', 'service grees', 1500, '2014-12-08 20:36:07'),
(49, 2, 30, '2014-12-06', 'dipu exp', 1300, '2014-12-08 20:36:41'),
(50, 2, 30, '2014-12-06', 'saban soutar', 400, '2014-12-08 20:37:20'),
(51, 2, 30, '2014-12-06', 'roti exp', 6000, '2014-12-08 20:37:54'),
(52, 2, 30, '2014-12-06', 'lakri gutka', 500, '2014-12-08 20:38:52'),
(53, 2, 30, '2014-12-06', 'tanker welding engal', 500, '2014-12-08 20:39:46'),
(54, 2, 30, '2014-12-06', 'bistar talai', 500, '2014-12-08 20:40:26'),
(55, 2, 30, '2014-12-06', 'sammad + seli kon+jugi rabar', 400, '2014-12-08 20:41:43'),
(56, 2, 30, '2014-12-06', 'hsd 772 ltr', 72876, '2014-12-08 20:42:51'),
(57, 2, 30, '2014-12-06', 'mobil oil 14 ltr', 5334, '2014-12-08 20:43:27'),
(58, 12, 31, '2014-12-09', 'hsd 8ml 82 ltr short', 7535, '2014-12-09 16:44:44'),
(59, 1, 29, '2014-11-05', 'shortage fdk', 100000, '2014-12-11 17:08:45'),
(60, 12, 31, '2014-12-05', 'shortage', 95000, '2014-12-11 17:12:05'),
(61, 9, 18, '2014-12-05', 's', 98250, '2014-12-11 17:13:12'),
(62, 3, 1, '2014-12-03', 'shortage fdk', 105000, '2014-12-11 17:15:11'),
(63, 2, 30, '2014-12-06', 'shortage fdk', 92112, '2014-12-11 17:17:14'),
(64, 7, 2, '2014-12-04', 's', 108000, '2014-12-11 17:26:34'),
(65, 3, 55, '2014-12-08', 'Tool plaza', 9240, '2014-12-11 17:58:05'),
(66, 3, 55, '2014-12-08', 'service grees', 1500, '2014-12-11 18:00:50'),
(67, 3, 55, '2014-12-08', 'dipu exp', 1300, '2014-12-11 18:01:44'),
(68, 3, 55, '2014-12-08', 'saban soutar', 400, '2014-12-11 18:02:18'),
(69, 3, 55, '2014-12-08', 'roti exp', 7000, '2014-12-11 18:02:52'),
(70, 3, 55, '2014-12-08', 'filter', 1100, '2014-12-11 18:04:27'),
(71, 3, 55, '2014-12-08', 'hsd 822 ltr', 77596, '2014-12-11 18:05:42'),
(72, 3, 55, '2014-12-08', 'mobil oil 14 ltr', 5334, '2014-12-11 18:08:25'),
(73, 7, 66, '2014-12-10', 'Tool plaza', 9240, '2014-12-12 16:28:38'),
(74, 7, 66, '2014-12-10', 'service grees', 1500, '2014-12-12 16:29:09'),
(75, 7, 66, '2014-12-10', 'dipu exp', 1300, '2014-12-12 16:29:44'),
(76, 7, 66, '2014-12-10', 'saban soutar', 400, '2014-12-12 16:30:15'),
(77, 7, 66, '2014-12-10', 'roti exp', 8000, '2014-12-12 16:30:42'),
(78, 7, 66, '2014-12-10', 'pankchar', 300, '2014-12-12 16:31:40'),
(79, 7, 66, '2014-12-10', 'filter', 1190, '2014-12-12 16:32:10'),
(80, 7, 66, '2014-12-10', 'wheel kon+repair', 935, '2014-12-12 16:55:20'),
(81, 7, 66, '2014-12-10', 'hsd 786 ltr', 74198, '2014-12-12 16:56:18'),
(82, 7, 66, '2014-12-10', 'mobil oil 14 ltr', 5334, '2014-12-12 16:56:44'),
(83, 3, 55, '1014-12-09', 'shortage fdk', 99200, '2014-12-13 10:19:52'),
(84, 7, 66, '2014-12-10', 'shortage fdk', 94300, '2014-12-13 10:24:44'),
(85, 2, 74, '2014-12-11', 'Tool plaza', 9240, '2014-12-15 15:46:36'),
(86, 2, 74, '2014-12-11', 'service grees', 1500, '2014-12-15 15:47:17'),
(87, 2, 74, '2014-12-11', 'dipu exp', 1300, '2014-12-15 15:47:49'),
(88, 2, 74, '2014-12-11', 'oil chang sabin sootar', 400, '2014-12-15 15:48:25'),
(89, 2, 74, '2014-12-11', 'roti exp', 5000, '2014-12-15 15:48:55'),
(90, 2, 74, '2014-12-11', 'Tire rent + badli', 900, '2014-12-15 15:50:21'),
(91, 2, 74, '2014-12-11', 'chalan motorway', 800, '2014-12-15 15:51:05'),
(92, 2, 74, '2014-12-11', 'air calendar jali', 1500, '2014-12-15 15:51:43'),
(93, 2, 74, '2014-12-11', 'filter', 1100, '2014-12-15 15:52:14'),
(94, 2, 74, '2014-12-11', 'hsd 786 ltr', 74199, '2014-12-15 15:53:19'),
(95, 2, 74, '2014-12-11', 'mobil oil 14 ltr', 5334, '2014-12-15 15:53:56'),
(96, 9, 73, '2014-12-11', 'Tool plaza', 9240, '2014-12-15 15:59:44'),
(97, 9, 73, '2014-12-11', 'service grees', 1500, '2014-12-15 16:00:15'),
(98, 9, 73, '2014-12-11', 'dipu exp', 1300, '2014-12-15 16:00:44'),
(99, 9, 73, '2014-12-11', 'oil chang sabin sootar', 400, '2014-12-15 16:01:12'),
(100, 9, 73, '2014-12-11', 'roti exp', 5000, '2014-12-15 16:01:47'),
(101, 9, 73, '2014-12-11', 'bumpar beem 2 addad', 850, '2014-12-15 16:02:50'),
(102, 9, 73, '2014-12-11', 'bettri tezab +polish', 770, '2014-12-15 16:05:03'),
(103, 9, 73, '2014-12-11', 'hsd 722 ltr', 68156, '2014-12-15 16:07:47'),
(104, 9, 73, '2014-12-11', 'mobil oil 14 ltr', 5334, '2014-12-15 16:08:13'),
(105, 31, 79, '2014-12-11', 'Tool plaza', 8790, '2014-12-15 16:54:17'),
(106, 31, 79, '2014-12-11', 'roti exp', 9100, '2014-12-15 16:54:46'),
(107, 31, 79, '2014-12-11', 'service grees', 450, '2014-12-15 16:56:15'),
(108, 31, 79, '2014-12-11', 'police exp', 1000, '2014-12-15 16:57:06'),
(109, 31, 79, '2014-12-11', 'filter + garees balti', 860, '2014-12-15 16:57:52'),
(110, 31, 79, '2014-12-11', 'hawa chak+saban +pinktchar+chowkidar', 600, '2014-12-15 16:59:21'),
(111, 31, 79, '2014-12-11', 'mobile balance + karaya', 500, '2014-12-15 17:00:31'),
(112, 31, 79, '2014-12-11', 'hsd 800 ltr', 75520, '2014-12-15 17:01:18'),
(113, 9, 73, '2014-12-13', 'shortage fdk', 93200, '2014-12-16 10:17:11'),
(114, 2, 74, '2014-12-13', 'shortage fdk', 99120, '2014-12-16 10:19:13'),
(115, 12, 87, '2014-12-12', 'Tool plaza', 9240, '2014-12-16 11:37:37'),
(116, 12, 87, '2014-12-12', 'service grees', 1500, '2014-12-16 11:40:25'),
(117, 12, 87, '2014-12-12', 'dipu exp', 1300, '2014-12-16 11:41:14'),
(118, 12, 87, '2014-12-12', 'oil chang sabin sootar', 400, '2014-12-16 11:42:29'),
(119, 12, 87, '2014-12-12', 'oil filter hsd', 1350, '2014-12-16 11:43:40'),
(120, 12, 87, '2014-12-12', 'light beem 2 addad', 700, '2014-12-16 11:44:40'),
(121, 12, 87, '2014-12-12', 'rad shesha welding', 150, '2014-12-16 11:45:32'),
(122, 12, 87, '2014-12-12', 'fitness banwai', 500, '2014-12-16 11:46:16'),
(123, 12, 87, '2014-12-12', 'roti exp', 8000, '2014-12-16 11:46:58'),
(124, 12, 87, '2014-12-12', 'hsd 710 ltr', 67024, '2014-12-16 11:47:54'),
(125, 12, 87, '2014-12-12', 'mobil oil 14 ltr', 5334, '2014-12-16 11:48:24'),
(126, 1, 86, '2014-12-12', 'Tool plaza', 9240, '2014-12-16 11:51:11'),
(127, 1, 86, '2014-12-12', 'service grees', 1500, '2014-12-16 11:54:05'),
(128, 1, 86, '2014-12-12', 'dipu exp', 1300, '2014-12-16 11:54:37'),
(129, 1, 86, '2014-12-12', 'oil chang sabin sootar', 400, '2014-12-16 11:55:23'),
(130, 1, 86, '2014-12-12', 'roti exp', 8000, '2014-12-16 11:56:01'),
(131, 1, 86, '2014-12-12', 'hsd 780 ltr', 73632, '2014-12-16 11:57:05'),
(132, 1, 86, '2014-12-12', 'mobil oil 14 ltr', 5334, '2014-12-16 11:57:37'),
(133, 3, 88, '2014-12-12', 'Tool plaza', 9240, '2014-12-16 12:00:00'),
(134, 3, 88, '2014-12-12', 'service grees', 1500, '2014-12-16 12:00:35'),
(135, 3, 88, '2014-12-12', 'dipu exp', 1300, '2014-12-16 12:01:08'),
(136, 3, 88, '2014-12-12', 'oil chang sabin sootar', 400, '2014-12-16 12:01:39'),
(137, 3, 88, '2014-12-12', 'teuob 110020', 2200, '2014-12-16 12:02:41'),
(138, 3, 88, '2014-12-12', 'hsd 833 ltr', 78635, '2014-12-16 12:03:35'),
(139, 3, 88, '2014-12-12', 'mobil oil 14 ltr', 5334, '2014-12-16 12:03:59'),
(140, 1, 86, '2014-12-16', 'shortage fdk', 102200, '2014-12-16 14:54:45'),
(141, 3, 88, '2014-12-16', 'shortage fdk', 102200, '2014-12-16 14:55:58'),
(142, 12, 87, '2014-12-16', 'shortage fdk', 92400, '2014-12-16 14:57:04'),
(143, 2, 97, '2014-12-16', 'Tool plaza', 9240, '2014-12-18 19:19:51'),
(144, 2, 97, '2014-12-16', 'service grees', 1500, '2014-12-18 19:20:29'),
(145, 2, 97, '2014-12-16', 'dipu exp', 1300, '2014-12-18 19:21:42'),
(146, 2, 97, '2014-12-16', 'oil chang sabin sootar', 400, '2014-12-18 19:22:49'),
(147, 2, 97, '2014-12-16', 'rakab rabar', 400, '2014-12-18 19:23:21'),
(148, 2, 97, '2014-12-16', 'tire badli+pincture+gets', 1100, '2014-12-18 19:24:58'),
(149, 2, 97, '2014-12-16', 'roti exp', 5000, '2014-12-18 19:25:24'),
(150, 2, 97, '2014-12-16', 'hsd 779 ltr', 73537, '2014-12-18 19:26:15'),
(151, 2, 97, '2014-12-16', 'mobil oil 14 ltr', 5334, '2014-12-18 19:29:04'),
(152, 9, 98, '2014-12-16', 'Tool plaza', 9240, '2014-12-18 19:32:00'),
(153, 9, 98, '2014-12-16', 'service grees', 1500, '2014-12-18 19:32:28'),
(154, 9, 98, '2014-12-16', 'dipu exp', 1300, '2014-12-18 19:33:01'),
(155, 9, 98, '2014-12-16', 'oil chang sabin sootar', 400, '2014-12-18 19:33:26'),
(156, 9, 98, '2014-12-16', 'roti exp', 5000, '2014-12-18 19:33:54'),
(157, 9, 98, '2014-12-16', 'electriation exp', 190, '2014-12-18 19:34:49'),
(158, 9, 98, '2014-12-16', 'hsd 718 ltr', 67780, '2014-12-18 19:35:36'),
(159, 9, 98, '2014-12-16', 'mobil oil 14 ltr', 5334, '2014-12-18 19:35:55'),
(160, 7, 99, '2014-12-16', 'Tool plaza', 9240, '2014-12-18 20:09:50'),
(161, 7, 99, '2014-12-16', 'service grees', 1500, '2014-12-18 20:10:16'),
(162, 7, 99, '2014-12-16', 'dipu exp', 1300, '2014-12-18 20:10:43'),
(163, 7, 99, '2014-12-16', 'oil chang sabin sootar', 400, '2014-12-18 20:11:14'),
(164, 7, 99, '2014-12-16', 'roti exp', 6000, '2014-12-18 20:11:43'),
(165, 7, 99, '2014-12-16', 'faront bumpar repair', 1000, '2014-12-18 20:12:43'),
(166, 7, 99, '2014-12-16', 'hsd 851 ltr', 80334, '2014-12-18 20:13:24'),
(167, 7, 99, '2014-12-16', 'mobil oil 14 ltr', 5334, '2014-12-18 20:13:45'),
(168, 2, 97, '2014-12-19', 'shortage fdk', 98120, '2014-12-19 10:32:41'),
(169, 7, 99, '2014-12-19', 'shortage fdk', 99520, '2014-12-19 10:34:17'),
(170, 9, 98, '2014-12-19', 'shortage fdk', 88230, '2014-12-19 10:35:29'),
(171, 1, 121, '2014-12-20', 'Tool plaza', 9240, '2014-12-22 13:41:28'),
(172, 1, 121, '2014-12-20', 'service grees', 1500, '2014-12-22 13:41:58'),
(173, 1, 121, '2014-12-20', 'dipu exp', 1300, '2014-12-22 13:42:29'),
(174, 1, 121, '2014-12-20', 'oil chang sabin sootar', 400, '2014-12-22 13:42:55'),
(175, 1, 121, '2014-12-20', 'chalan motorway', 1000, '2014-12-22 13:43:30'),
(176, 1, 121, '2014-12-20', 'oil filter', 580, '2014-12-22 13:44:11'),
(177, 1, 121, '2014-12-20', 'roti exp', 6000, '2014-12-22 13:44:40'),
(178, 1, 121, '2014-12-20', 'hsd 785 ltr', 74104, '2014-12-22 13:45:58'),
(179, 1, 121, '2014-12-20', 'mobil oil 14 ltr', 5334, '2014-12-22 13:47:23'),
(180, 3, 122, '2014-12-20', 'Tool plaza', 9240, '2014-12-22 13:49:17'),
(181, 3, 122, '2014-12-20', 'service grees', 1500, '2014-12-22 13:52:21'),
(182, 3, 122, '2014-12-20', 'dipu exp', 1300, '2014-12-22 13:53:03'),
(183, 3, 122, '2014-12-20', 'oil chang sabin sootar', 400, '2014-12-22 13:53:31'),
(184, 3, 122, '2014-12-20', 'roti exp', 6000, '2014-12-22 13:54:00'),
(185, 3, 122, '2014-12-20', 'air calendar jali', 1050, '2014-12-22 13:54:33'),
(186, 3, 122, '2014-12-20', 'filter Set', 1100, '2014-12-22 13:55:13'),
(187, 3, 122, '2014-12-20', 'weel kable 8 add+garees +mazdori', 6250, '2014-12-22 14:02:53'),
(188, 3, 122, '2014-12-20', 'hsd 849 ltr', 80145, '2014-12-22 14:03:55'),
(189, 3, 122, '2014-12-20', 'mobil oil 14 ltr', 5334, '2014-12-22 14:04:33'),
(190, 1, 121, '2014-12-22', 'shortage fdk', 104200, '2014-12-22 15:22:09'),
(191, 3, 122, '2014-12-22', 'shortage fdk', 106920, '2014-12-22 15:23:11'),
(192, 3, 1, '2014-12-09', 'HSD SHORT 82 LTR KHALID BLOUCH@90.609', 7430, '2014-12-23 10:36:03'),
(193, 9, 132, '2014-12-20', 'Tool plaza', 9240, '2014-12-23 19:47:35'),
(194, 9, 132, '2014-12-20', 'service grees', 1500, '2014-12-23 19:48:13'),
(195, 9, 132, '2014-12-20', 'depo exp', 1300, '2014-12-23 19:48:47'),
(196, 9, 132, '2014-12-20', 'oil chang saban soutar', 400, '2014-12-23 19:49:42'),
(197, 9, 132, '2014-12-20', 'roti exp', 5000, '2014-12-23 19:50:09'),
(198, 9, 132, '2014-12-20', 'hsd filter', 450, '2014-12-23 19:50:39'),
(199, 9, 132, '2014-12-20', 'hsd 735 ltr', 69384, '2014-12-23 19:51:27'),
(200, 9, 132, '2014-12-20', 'mobal oil 14 ltr', 5334, '2014-12-23 19:52:54'),
(201, 2, 131, '2014-12-20', 'Tool plaza', 9240, '2014-12-23 19:54:37'),
(202, 2, 131, '2014-12-20', 'service grees', 1500, '2014-12-23 19:54:59'),
(203, 2, 131, '2014-12-20', 'depo exp', 1300, '2014-12-23 19:55:26'),
(204, 2, 131, '2014-12-20', 'oil chang saban soutar', 400, '2014-12-23 19:55:49'),
(205, 2, 131, '2014-12-20', 'roti exp', 5000, '2014-12-23 19:56:12'),
(206, 2, 131, '2014-12-20', 'razai cambal', 1000, '2014-12-23 19:56:53'),
(207, 2, 131, '2014-12-20', 'hsd 783 ltr', 73915, '2014-12-23 19:57:32'),
(208, 2, 131, '2014-12-20', 'mobal oil 14 ltr', 5334, '2014-12-23 19:57:50'),
(209, 12, 123, '2014-12-20', 'Tool plaza', 9240, '2014-12-24 18:37:33'),
(210, 12, 123, '2014-12-20', 'service grees', 1500, '2014-12-24 18:38:00'),
(211, 12, 123, '2014-12-20', 'depo exp', 1300, '2014-12-24 18:38:29'),
(212, 12, 123, '2014-12-20', 'oil chang saban soutar', 400, '2014-12-24 18:38:55'),
(213, 12, 123, '2014-12-20', 'Stairing cover', 200, '2014-12-24 18:40:03'),
(214, 12, 123, '2014-12-20', 'bettri tazab', 200, '2014-12-24 18:40:36'),
(215, 12, 123, '2014-12-20', '2 wheel chal niklwi', 200, '2014-12-24 18:41:13'),
(216, 12, 123, '2014-12-20', 'roti exp', 7000, '2014-12-24 18:41:38'),
(217, 12, 123, '2014-12-20', 'hsd 761 ltr', 71838, '2014-12-24 18:42:32'),
(218, 12, 123, '2014-12-20', 'mobil oil 14 ltr', 5334, '2014-12-24 18:43:13'),
(219, 31, 130, '2014-12-20', 'Tool plaza', 9200, '2014-12-24 19:08:23'),
(220, 31, 130, '2014-12-20', 'service grees', 1500, '2014-12-24 19:08:59'),
(221, 31, 130, '2014-12-20', 'depo exp', 1350, '2014-12-24 19:09:26'),
(222, 31, 130, '2014-12-20', 'filter', 1000, '2014-12-24 19:10:05'),
(223, 31, 130, '2014-12-20', 'roti exp', 9000, '2014-12-24 19:10:28'),
(224, 31, 130, '2014-12-20', 'thrmostate wall', 1000, '2014-12-24 19:11:08'),
(225, 31, 130, '2014-12-20', 'braik oil', 950, '2014-12-24 19:11:47'),
(226, 31, 130, '2014-12-20', 'pinctur', 1500, '2014-12-24 19:12:22'),
(227, 31, 130, '2014-12-20', 'kaluch batton haron repair', 400, '2014-12-24 19:13:03'),
(228, 31, 130, '2014-12-20', 'kaluch repair', 850, '2014-12-24 19:13:45'),
(229, 31, 130, '2014-12-20', 'haron +electration', 850, '2014-12-24 19:14:43'),
(230, 31, 130, '2014-12-20', 'braik switch+tar', 670, '2014-12-24 19:15:28'),
(231, 31, 130, '2014-12-20', 'hsd 773 ltr', 72971, '2014-12-24 19:16:59'),
(232, 31, 130, '2014-12-20', 'mobil oil 14 ltr', 5400, '2014-12-24 19:17:41'),
(233, 1, 150, '2014-12-25', 'Tool plaza', 9240, '2014-12-31 14:46:44'),
(234, 1, 150, '2014-12-25', 'service grees', 1500, '2014-12-31 14:47:16'),
(235, 1, 150, '2014-12-25', 'depo exp', 1300, '2014-12-31 14:47:55'),
(236, 1, 150, '2014-12-25', 'oil chang saban soutar', 400, '2014-12-31 14:48:20'),
(237, 1, 150, '2014-12-25', 'roti exp', 8000, '2014-12-31 14:48:49'),
(238, 1, 150, '2014-12-25', 'tire rent 6 adad', 600, '2014-12-31 14:49:38'),
(239, 1, 150, '2014-12-25', 'front beem', 260, '2014-12-31 14:50:07'),
(240, 1, 150, '2014-12-25', 'hsd 775 ltr', 73160, '2014-12-31 14:53:04'),
(241, 1, 150, '2014-12-25', 'mobil oil 14 ltr', 5040, '2014-12-31 14:53:46'),
(242, 2, 151, '2014-12-25', 'Tool plaza', 9240, '2014-12-31 15:04:47'),
(243, 2, 151, '2014-12-25', 'service grees', 1500, '2014-12-31 15:05:15'),
(244, 2, 151, '2014-12-25', 'depo exp', 1300, '2014-12-31 15:05:45'),
(245, 2, 151, '2014-12-25', 'oil chang saban soutar', 400, '2014-12-31 15:06:12'),
(246, 2, 151, '2014-12-25', 'dakhun doori', 500, '2014-12-31 15:07:18'),
(247, 2, 151, '2014-12-25', 'filter', 1110, '2014-12-31 15:07:44'),
(248, 2, 151, '2014-12-25', 'electration bill', 1050, '2014-12-31 15:08:22'),
(249, 2, 151, '2014-12-25', 'roti exp', 7000, '2014-12-31 15:08:50'),
(250, 2, 151, '2014-12-25', 'hsd 781 ltr', 73726, '2014-12-31 15:09:28'),
(251, 2, 151, '2014-12-25', 'mobil oil 14 ltr', 5040, '2014-12-31 15:09:54'),
(252, 7, 153, '2014-12-25', 'Tool plaza', 9240, '2015-01-02 13:05:15'),
(253, 7, 153, '2014-12-25', 'service grees', 1500, '2015-01-02 13:05:45'),
(254, 7, 153, '2014-12-25', 'depo exp', 1300, '2015-01-02 13:06:25'),
(255, 7, 153, '2014-12-25', 'oil chang saban soutar', 400, '2015-01-02 13:06:54'),
(256, 7, 153, '2014-12-25', 'roti exp', 14000, '2015-01-02 13:07:28'),
(257, 7, 153, '2014-12-25', 'filter', 1100, '2015-01-02 13:07:56'),
(258, 7, 153, '2014-12-25', 'gool shesha', 600, '2015-01-02 13:08:31'),
(259, 7, 153, '2014-12-25', 'hsd 804 ltr', 75897, '2015-01-02 13:09:45'),
(260, 7, 153, '2014-12-25', 'mobil oil 14 ltr', 5040, '2015-01-02 13:10:13'),
(261, 3, 160, '2014-12-25', 'tool plaza', 9240, '2015-01-05 20:12:10'),
(262, 3, 160, '2014-12-25', 'service garees', 1500, '2015-01-05 20:15:01'),
(263, 3, 160, '2014-12-25', 'depo exp', 1300, '2015-01-05 20:15:47'),
(264, 3, 160, '2014-12-25', 'oil change saban soutar', 400, '2015-01-05 20:16:42'),
(265, 3, 160, '2014-12-25', 'roti exp', 14000, '2015-01-05 20:17:21'),
(266, 3, 160, '2014-12-25', 'wheel kon size', 1325, '2015-01-05 20:18:15'),
(267, 3, 160, '2014-12-25', 'pincture', 600, '2015-01-05 20:18:53'),
(268, 3, 160, '2014-12-25', 'medicine driver', 500, '2015-01-05 20:19:26'),
(269, 3, 160, '2014-12-25', 'hsd 847 ltr', 79976, '2015-01-05 20:20:23'),
(270, 3, 160, '2014-12-25', 'mobil oil 14 ltr', 5040, '2015-01-05 20:21:08'),
(271, 2, 196, '2015-01-05', 'tool plaza', 9240, '2015-01-08 11:51:56'),
(272, 2, 196, '2015-01-05', 'service garees', 1500, '2015-01-08 11:52:58'),
(273, 2, 196, '2015-01-05', 'depo exp', 1300, '2015-01-08 11:53:41'),
(274, 2, 196, '2015-01-05', 'oil change & saban soutar', 400, '2015-01-08 11:55:03'),
(275, 2, 196, '2015-01-05', 'roti exp', 9000, '2015-01-08 11:55:56'),
(276, 2, 196, '2015-01-05', 'cabbin ghutke', 4000, '2015-01-08 11:56:53'),
(277, 2, 196, '2015-01-05', 'excise jarmana', 500, '2015-01-08 11:57:53'),
(278, 2, 196, '2015-01-05', 'kamani mazdori', 500, '2015-01-08 11:58:33'),
(279, 2, 196, '2015-01-05', 'pincture', 200, '2015-01-08 11:59:09'),
(280, 2, 196, '2015-01-05', 'hsd 801 ltr', 75614, '2015-01-08 11:59:57'),
(281, 2, 196, '2015-01-05', 'mobil oil 14 ltr', 5040, '2015-01-08 12:00:41'),
(282, 1, 198, '2015-01-05', 'tool plaza', 9240, '2015-01-09 18:24:42'),
(283, 1, 198, '2015-01-05', 'service garees', 1500, '2015-01-09 18:25:08'),
(284, 1, 198, '2015-01-05', 'depo exp', 1300, '2015-01-09 18:25:32'),
(285, 1, 198, '2015-01-05', 'oil change & saban soutar', 400, '2015-01-09 18:26:03'),
(286, 1, 198, '2015-01-05', 'filter', 1020, '2015-01-09 18:26:35'),
(287, 1, 198, '2015-01-05', 'yellow light dhund', 330, '2015-01-09 18:27:25'),
(288, 1, 198, '2015-01-05', 'pincture', 600, '2015-01-09 18:27:52'),
(289, 1, 198, '2015-01-05', 'roti exp', 10000, '2015-01-09 18:28:18'),
(290, 1, 198, '2015-01-05', 'cpi exp', 1000, '2015-01-09 18:28:56'),
(291, 1, 198, '2015-01-05', 'hsd 790 ltr', 74576, '2015-01-09 18:29:49'),
(292, 1, 198, '2015-01-05', 'mobil oil 14 ltr', 5040, '2015-01-09 18:30:12');

-- --------------------------------------------------------

--
-- Table structure for table `trip_detail_voucher_relation`
--

CREATE TABLE IF NOT EXISTS `trip_detail_voucher_relation` (
  `id` int(11) NOT NULL AUTO_INCREMENT,
  `voucher_id` int(11) NOT NULL,
  `trip_detail_id` int(11) NOT NULL,
  PRIMARY KEY (`id`)
) ENGINE=InnoDB  DEFAULT CHARSET=latin1 AUTO_INCREMENT=1743 ;

--
-- Dumping data for table `trip_detail_voucher_relation`
--

INSERT INTO `trip_detail_voucher_relation` (`id`, `voucher_id`, `trip_detail_id`) VALUES
(585, 574, 0),
(586, 574, 328),
(587, 574, 326),
(588, 574, 327),
(589, 574, 324),
(590, 574, 325),
(591, 574, 323),
(592, 574, 322),
(593, 574, 320),
(594, 574, 321),
(595, 574, 319),
(596, 574, 317),
(597, 574, 318),
(598, 574, 315),
(599, 574, 316),
(600, 574, 313),
(601, 574, 314),
(602, 574, 311),
(603, 574, 312),
(604, 574, 309),
(605, 574, 310),
(606, 574, 307),
(607, 574, 308),
(608, 574, 305),
(609, 574, 306),
(610, 574, 303),
(611, 574, 304),
(612, 574, 301),
(613, 574, 302),
(614, 574, 300),
(615, 574, 299),
(616, 574, 298),
(617, 574, 297),
(618, 574, 295),
(619, 574, 296),
(620, 574, 294),
(621, 574, 293),
(622, 574, 292),
(623, 574, 291),
(624, 574, 290),
(625, 574, 289),
(626, 574, 288),
(627, 574, 287),
(628, 574, 286),
(629, 574, 285),
(630, 574, 284),
(631, 574, 281),
(632, 574, 280),
(633, 574, 277),
(634, 574, 276),
(635, 574, 275),
(636, 574, 274),
(637, 574, 273),
(638, 574, 272),
(639, 574, 271),
(640, 574, 270),
(641, 574, 269),
(642, 574, 268),
(643, 574, 267),
(644, 574, 266),
(645, 574, 265),
(646, 574, 264),
(647, 574, 263),
(648, 574, 262),
(649, 574, 261),
(650, 574, 260),
(651, 574, 259),
(652, 574, 258),
(653, 574, 257),
(654, 574, 256),
(655, 574, 255),
(656, 574, 254),
(657, 574, 253),
(658, 574, 252),
(659, 574, 251),
(660, 574, 250),
(661, 574, 249),
(662, 574, 248),
(663, 574, 247),
(664, 574, 246),
(665, 574, 245),
(666, 574, 244),
(667, 574, 243),
(668, 574, 242),
(669, 574, 241),
(670, 574, 240),
(671, 574, 239),
(672, 574, 238),
(673, 574, 237),
(674, 574, 236),
(675, 574, 235),
(676, 574, 234),
(677, 574, 233),
(678, 574, 232),
(679, 574, 231),
(680, 574, 230),
(681, 574, 229),
(682, 574, 228),
(683, 574, 227),
(684, 574, 226),
(685, 574, 225),
(686, 574, 224),
(687, 574, 223),
(688, 574, 222),
(689, 574, 221),
(690, 574, 220),
(691, 574, 219),
(692, 574, 218),
(693, 574, 217),
(694, 574, 216),
(695, 574, 214),
(696, 574, 213),
(697, 574, 212),
(698, 574, 211),
(699, 574, 210),
(700, 574, 209),
(701, 574, 208),
(702, 574, 207),
(703, 574, 206),
(704, 574, 205),
(705, 574, 204),
(706, 574, 203),
(707, 574, 202),
(708, 574, 201),
(709, 574, 200),
(710, 574, 199),
(711, 574, 198),
(712, 574, 197),
(713, 574, 196),
(714, 574, 195),
(715, 574, 194),
(716, 574, 193),
(717, 574, 191),
(718, 574, 190),
(719, 574, 189),
(720, 574, 188),
(721, 574, 187),
(722, 574, 186),
(723, 574, 185),
(724, 574, 184),
(725, 574, 183),
(726, 574, 182),
(727, 574, 181),
(728, 574, 180),
(729, 574, 179),
(730, 574, 178),
(731, 574, 177),
(732, 574, 176),
(733, 574, 175),
(734, 574, 174),
(735, 574, 173),
(736, 574, 172),
(737, 574, 171),
(738, 574, 170),
(739, 574, 169),
(740, 574, 168),
(741, 574, 167),
(742, 574, 166),
(743, 574, 165),
(744, 574, 164),
(745, 574, 163),
(746, 574, 162),
(747, 574, 161),
(748, 574, 160),
(749, 574, 159),
(750, 574, 158),
(751, 574, 154),
(752, 574, 153),
(753, 574, 152),
(754, 574, 151),
(755, 574, 150),
(756, 574, 149),
(757, 574, 148),
(758, 574, 147),
(759, 574, 146),
(760, 574, 145),
(761, 574, 144),
(762, 574, 143),
(763, 574, 142),
(764, 574, 141),
(765, 574, 140),
(766, 574, 139),
(767, 574, 138),
(768, 574, 137),
(769, 574, 136),
(770, 574, 135),
(771, 574, 134),
(772, 574, 133),
(773, 574, 132),
(774, 574, 131),
(775, 574, 130),
(776, 574, 129),
(777, 574, 128),
(778, 574, 127),
(779, 574, 126),
(780, 574, 125),
(781, 574, 124),
(782, 574, 123),
(783, 574, 122),
(784, 574, 121),
(785, 574, 120),
(786, 574, 119),
(787, 574, 118),
(788, 574, 117),
(789, 574, 116),
(790, 574, 115),
(791, 574, 114),
(792, 574, 113),
(793, 574, 112),
(794, 574, 111),
(795, 574, 110),
(796, 574, 109),
(797, 574, 108),
(798, 574, 107),
(799, 574, 106),
(800, 574, 105),
(801, 574, 104),
(802, 574, 103),
(803, 574, 102),
(804, 574, 101),
(805, 574, 100),
(806, 574, 99),
(807, 574, 98),
(808, 574, 97),
(809, 574, 96),
(810, 574, 95),
(811, 574, 94),
(812, 574, 93),
(813, 574, 92),
(814, 574, 91),
(815, 574, 90),
(816, 574, 89),
(817, 574, 88),
(818, 574, 87),
(819, 574, 86),
(820, 574, 85),
(821, 574, 84),
(822, 574, 83),
(823, 574, 82),
(824, 574, 81),
(825, 574, 80),
(826, 574, 79),
(827, 574, 78),
(828, 574, 77),
(829, 574, 76),
(830, 574, 75),
(831, 574, 74),
(832, 574, 73),
(833, 574, 72),
(834, 574, 71),
(835, 574, 70),
(836, 574, 69),
(837, 574, 68),
(838, 574, 67),
(839, 574, 66),
(840, 574, 65),
(841, 574, 64),
(842, 574, 63),
(843, 574, 62),
(844, 574, 61),
(845, 574, 60),
(846, 574, 59),
(847, 574, 58),
(848, 574, 57),
(849, 574, 56),
(850, 574, 55),
(851, 574, 54),
(852, 574, 53),
(853, 574, 52),
(854, 574, 51),
(855, 574, 50),
(856, 574, 49),
(857, 574, 48),
(858, 574, 47),
(859, 574, 46),
(860, 574, 45),
(861, 574, 44),
(862, 574, 43),
(863, 574, 42),
(864, 574, 41),
(865, 574, 40),
(866, 574, 39),
(867, 574, 38),
(868, 574, 37),
(869, 574, 36),
(870, 574, 35),
(871, 574, 34),
(872, 574, 33),
(873, 574, 32),
(874, 574, 31),
(875, 574, 30),
(876, 574, 29),
(877, 574, 28),
(878, 574, 27),
(879, 574, 26),
(880, 574, 25),
(881, 574, 24),
(882, 574, 23),
(883, 574, 22),
(884, 574, 21),
(885, 574, 20),
(886, 574, 19),
(887, 574, 18),
(888, 574, 17),
(889, 574, 16),
(890, 574, 15),
(891, 574, 14),
(892, 574, 13),
(893, 574, 12),
(894, 574, 11),
(895, 574, 10),
(896, 574, 9),
(897, 574, 8),
(898, 574, 7),
(899, 574, 6),
(900, 574, 5),
(901, 574, 4),
(902, 574, 3),
(903, 574, 2),
(904, 574, 1),
(905, 575, 0),
(906, 575, 326),
(907, 575, 324),
(908, 575, 325),
(909, 575, 323),
(910, 576, 0),
(911, 576, 328),
(912, 576, 327),
(913, 577, 0),
(914, 577, 328),
(915, 577, 326),
(916, 577, 327),
(917, 577, 324),
(918, 577, 325),
(919, 577, 323),
(920, 577, 322),
(921, 577, 320),
(922, 577, 321),
(923, 577, 319),
(924, 577, 317),
(925, 577, 318),
(926, 577, 315),
(927, 577, 316),
(928, 577, 313),
(929, 577, 314),
(930, 577, 311),
(931, 577, 312),
(932, 577, 309),
(933, 577, 310),
(934, 577, 307),
(935, 577, 308),
(936, 577, 305),
(937, 577, 306),
(938, 577, 303),
(939, 577, 304),
(940, 577, 301),
(941, 577, 302),
(942, 577, 300),
(943, 577, 299),
(944, 577, 298),
(945, 577, 297),
(946, 577, 295),
(947, 577, 296),
(948, 577, 294),
(949, 577, 293),
(950, 577, 292),
(951, 577, 291),
(952, 577, 290),
(953, 577, 289),
(954, 577, 288),
(955, 577, 287),
(956, 577, 286),
(957, 584, 0),
(958, 584, 328),
(959, 584, 326),
(960, 584, 327),
(961, 584, 324),
(962, 584, 325),
(963, 584, 323),
(964, 584, 322),
(965, 584, 320),
(966, 584, 321),
(967, 584, 319),
(968, 584, 317),
(969, 584, 318),
(970, 584, 315),
(971, 584, 316),
(972, 584, 313),
(973, 584, 314),
(974, 584, 311),
(975, 584, 312),
(976, 584, 309),
(977, 584, 310),
(978, 584, 307),
(979, 584, 308),
(980, 584, 305),
(981, 584, 306),
(982, 584, 303),
(983, 584, 304),
(984, 584, 301),
(985, 584, 302),
(986, 584, 300),
(987, 584, 299),
(988, 584, 298),
(989, 584, 297),
(990, 584, 295),
(991, 584, 296),
(992, 584, 294),
(993, 584, 293),
(994, 584, 292),
(995, 584, 291),
(996, 584, 290),
(997, 584, 289),
(998, 584, 288),
(999, 584, 287),
(1000, 584, 286),
(1001, 585, 0),
(1002, 585, 328),
(1003, 585, 326),
(1004, 585, 327),
(1005, 585, 324),
(1006, 585, 325),
(1007, 585, 323),
(1008, 585, 322),
(1009, 585, 320),
(1010, 585, 321),
(1011, 585, 319),
(1012, 585, 317),
(1013, 585, 318),
(1014, 585, 315),
(1015, 585, 316),
(1016, 585, 313),
(1017, 585, 314),
(1018, 585, 311),
(1019, 585, 312),
(1020, 585, 309),
(1021, 585, 310),
(1022, 585, 307),
(1023, 585, 308),
(1024, 585, 305),
(1025, 585, 306),
(1026, 585, 303),
(1027, 585, 304),
(1028, 585, 301),
(1029, 585, 302),
(1030, 585, 300),
(1031, 585, 299),
(1032, 585, 298),
(1033, 585, 297),
(1034, 585, 295),
(1035, 585, 296),
(1036, 585, 294),
(1037, 585, 293),
(1038, 585, 292),
(1039, 585, 291),
(1040, 585, 290),
(1041, 585, 289),
(1042, 585, 288),
(1043, 585, 287),
(1044, 585, 286),
(1045, 586, 0),
(1046, 586, 328),
(1047, 586, 326),
(1048, 586, 327),
(1049, 586, 324),
(1050, 586, 325),
(1051, 586, 323),
(1052, 586, 322),
(1053, 586, 320),
(1054, 586, 321),
(1055, 586, 319),
(1056, 586, 317),
(1057, 586, 318),
(1058, 586, 315),
(1059, 586, 316),
(1060, 586, 313),
(1061, 586, 314),
(1062, 586, 311),
(1063, 586, 312),
(1064, 586, 309),
(1065, 586, 310),
(1066, 586, 307),
(1067, 586, 308),
(1068, 586, 305),
(1069, 586, 306),
(1070, 586, 303),
(1071, 586, 304),
(1072, 586, 301),
(1073, 586, 302),
(1074, 586, 300),
(1075, 586, 299),
(1076, 586, 298),
(1077, 586, 297),
(1078, 586, 295),
(1079, 586, 296),
(1080, 586, 294),
(1081, 586, 293),
(1082, 586, 292),
(1083, 586, 291),
(1084, 586, 290),
(1085, 586, 289),
(1086, 586, 288),
(1087, 586, 287),
(1088, 586, 286),
(1089, 587, 0),
(1090, 587, 328),
(1091, 587, 326),
(1092, 587, 327),
(1093, 587, 324),
(1094, 587, 325),
(1095, 587, 323),
(1096, 587, 322),
(1097, 587, 320),
(1098, 587, 321),
(1099, 587, 319),
(1100, 587, 317),
(1101, 587, 318),
(1102, 587, 315),
(1103, 587, 316),
(1104, 587, 313),
(1105, 587, 314),
(1106, 587, 311),
(1107, 587, 312),
(1108, 587, 309),
(1109, 587, 310),
(1110, 587, 307),
(1111, 587, 308),
(1112, 587, 305),
(1113, 587, 306),
(1114, 587, 303),
(1115, 587, 304),
(1116, 587, 301),
(1117, 587, 302),
(1118, 587, 300),
(1119, 587, 299),
(1120, 587, 298),
(1121, 587, 297),
(1122, 587, 295),
(1123, 587, 296),
(1124, 587, 294),
(1125, 587, 293),
(1126, 587, 292),
(1127, 587, 291),
(1128, 587, 290),
(1129, 587, 289),
(1130, 587, 288),
(1131, 587, 287),
(1132, 587, 286),
(1133, 588, 0),
(1134, 588, 328),
(1135, 588, 326),
(1136, 588, 327),
(1137, 588, 324),
(1138, 588, 325),
(1139, 588, 323),
(1140, 588, 322),
(1141, 588, 320),
(1142, 588, 321),
(1143, 588, 319),
(1144, 588, 317),
(1145, 588, 318),
(1146, 588, 315),
(1147, 588, 316),
(1148, 588, 313),
(1149, 588, 314),
(1150, 588, 311),
(1151, 588, 312),
(1152, 588, 309),
(1153, 588, 310),
(1154, 588, 307),
(1155, 588, 308),
(1156, 588, 305),
(1157, 588, 306),
(1158, 588, 303),
(1159, 588, 304),
(1160, 588, 301),
(1161, 588, 302),
(1162, 588, 300),
(1163, 588, 299),
(1164, 588, 298),
(1165, 588, 297),
(1166, 588, 295),
(1167, 588, 296),
(1168, 588, 294),
(1169, 588, 293),
(1170, 588, 292),
(1171, 588, 291),
(1172, 588, 290),
(1173, 588, 289),
(1174, 588, 288),
(1175, 588, 287),
(1176, 588, 286),
(1177, 589, 0),
(1178, 589, 295),
(1179, 589, 296),
(1180, 589, 234),
(1181, 589, 305),
(1182, 589, 306),
(1183, 589, 313),
(1184, 589, 314),
(1185, 589, 178),
(1186, 589, 46),
(1187, 589, 311),
(1188, 589, 312),
(1189, 589, 315),
(1190, 589, 316),
(1191, 589, 320),
(1192, 589, 321),
(1193, 589, 307),
(1194, 589, 308),
(1195, 589, 317),
(1196, 589, 318),
(1197, 589, 326),
(1198, 589, 327),
(1199, 589, 169),
(1200, 589, 168),
(1201, 589, 167),
(1202, 589, 171),
(1203, 589, 170),
(1204, 589, 173),
(1205, 589, 172),
(1206, 589, 300),
(1207, 589, 187),
(1208, 589, 194),
(1209, 589, 212),
(1210, 589, 242),
(1211, 589, 182),
(1212, 589, 324),
(1213, 589, 325),
(1214, 589, 319),
(1215, 589, 83),
(1216, 589, 45),
(1217, 589, 128),
(1218, 590, 0),
(1219, 590, 295),
(1220, 590, 296),
(1221, 590, 234),
(1222, 590, 305),
(1223, 590, 306),
(1224, 590, 313),
(1225, 590, 314),
(1226, 590, 178),
(1227, 590, 46),
(1228, 590, 311),
(1229, 590, 312),
(1230, 590, 315),
(1231, 590, 316),
(1232, 590, 320),
(1233, 590, 321),
(1234, 590, 307),
(1235, 590, 308),
(1236, 590, 317),
(1237, 590, 318),
(1238, 590, 326),
(1239, 590, 327),
(1240, 590, 169),
(1241, 590, 168),
(1242, 590, 167),
(1243, 590, 171),
(1244, 590, 170),
(1245, 590, 173),
(1246, 590, 172),
(1247, 590, 300),
(1248, 590, 187),
(1249, 590, 194),
(1250, 590, 212),
(1251, 590, 242),
(1252, 590, 182),
(1253, 590, 324),
(1254, 590, 325),
(1255, 590, 319),
(1256, 590, 83),
(1257, 590, 45),
(1258, 590, 128),
(1259, 1, 0),
(1260, 1, 328),
(1261, 1, 326),
(1262, 1, 327),
(1263, 1, 324),
(1264, 1, 325),
(1265, 1, 323),
(1266, 1, 322),
(1267, 1, 320),
(1268, 1, 321),
(1269, 1, 319),
(1270, 1, 317),
(1271, 1, 318),
(1272, 1, 315),
(1273, 1, 316),
(1274, 1, 313),
(1275, 1, 314),
(1276, 1, 311),
(1277, 1, 312),
(1278, 1, 309),
(1279, 1, 310),
(1280, 1, 307),
(1281, 1, 308),
(1282, 1, 305),
(1283, 1, 306),
(1284, 1, 303),
(1285, 1, 304),
(1286, 1, 301),
(1287, 1, 302),
(1288, 1, 300),
(1289, 1, 299),
(1290, 1, 298),
(1291, 1, 297),
(1292, 1, 295),
(1293, 1, 296),
(1294, 1, 294),
(1295, 1, 293),
(1296, 1, 292),
(1297, 1, 291),
(1298, 1, 290),
(1299, 1, 289),
(1300, 1, 288),
(1301, 1, 287),
(1302, 1, 286),
(1303, 2, 0),
(1304, 2, 328),
(1305, 2, 326),
(1306, 2, 327),
(1307, 2, 324),
(1308, 2, 325),
(1309, 2, 323),
(1310, 2, 322),
(1311, 2, 320),
(1312, 2, 321),
(1313, 2, 319),
(1314, 2, 317),
(1315, 2, 318),
(1316, 2, 315),
(1317, 2, 316),
(1318, 2, 313),
(1319, 2, 314),
(1320, 2, 311),
(1321, 2, 312),
(1322, 2, 309),
(1323, 2, 310),
(1324, 2, 307),
(1325, 2, 308),
(1326, 2, 305),
(1327, 2, 306),
(1328, 2, 303),
(1329, 2, 304),
(1330, 2, 301),
(1331, 2, 302),
(1332, 2, 300),
(1333, 2, 299),
(1334, 2, 298),
(1335, 2, 297),
(1336, 2, 295),
(1337, 2, 296),
(1338, 2, 294),
(1339, 2, 293),
(1340, 2, 292),
(1341, 2, 291),
(1342, 2, 290),
(1343, 2, 289),
(1344, 2, 288),
(1345, 2, 287),
(1346, 2, 286),
(1347, 3, 0),
(1348, 3, 328),
(1349, 3, 326),
(1350, 3, 327),
(1351, 3, 324),
(1352, 3, 325),
(1353, 3, 323),
(1354, 3, 322),
(1355, 3, 320),
(1356, 3, 321),
(1357, 3, 319),
(1358, 3, 317),
(1359, 3, 318),
(1360, 3, 315),
(1361, 3, 316),
(1362, 3, 313),
(1363, 3, 314),
(1364, 3, 311),
(1365, 3, 312),
(1366, 3, 309),
(1367, 3, 310),
(1368, 3, 307),
(1369, 3, 308),
(1370, 3, 305),
(1371, 3, 306),
(1372, 3, 303),
(1373, 3, 304),
(1374, 3, 301),
(1375, 3, 302),
(1376, 3, 300),
(1377, 3, 299),
(1378, 3, 298),
(1379, 3, 297),
(1380, 3, 295),
(1381, 3, 296),
(1382, 3, 294),
(1383, 3, 293),
(1384, 3, 292),
(1385, 3, 291),
(1386, 3, 290),
(1387, 3, 289),
(1388, 3, 288),
(1389, 3, 287),
(1390, 3, 286),
(1391, 4, 0),
(1392, 4, 328),
(1393, 4, 326),
(1394, 4, 327),
(1395, 4, 324),
(1396, 4, 325),
(1397, 4, 323),
(1398, 4, 322),
(1399, 4, 320),
(1400, 4, 321),
(1401, 4, 319),
(1402, 4, 317),
(1403, 4, 318),
(1404, 4, 315),
(1405, 4, 316),
(1406, 4, 313),
(1407, 4, 314),
(1408, 4, 311),
(1409, 4, 312),
(1410, 4, 309),
(1411, 4, 310),
(1412, 4, 307),
(1413, 4, 308),
(1414, 4, 305),
(1415, 4, 306),
(1416, 4, 303),
(1417, 4, 304),
(1418, 4, 301),
(1419, 4, 302),
(1420, 4, 300),
(1421, 4, 299),
(1422, 4, 298),
(1423, 4, 297),
(1424, 4, 295),
(1425, 4, 296),
(1426, 4, 294),
(1427, 4, 293),
(1428, 4, 292),
(1429, 4, 291),
(1430, 4, 290),
(1431, 4, 289),
(1432, 4, 288),
(1433, 4, 287),
(1434, 4, 286),
(1435, 19, 0),
(1436, 19, 328),
(1437, 19, 326),
(1438, 19, 327),
(1439, 19, 324),
(1440, 19, 325),
(1441, 19, 323),
(1442, 19, 322),
(1443, 19, 320),
(1444, 19, 321),
(1445, 19, 319),
(1446, 19, 317),
(1447, 19, 318),
(1448, 19, 315),
(1449, 19, 316),
(1450, 19, 313),
(1451, 19, 314),
(1452, 19, 311),
(1453, 19, 312),
(1454, 19, 309),
(1455, 19, 310),
(1456, 19, 307),
(1457, 19, 308),
(1458, 19, 305),
(1459, 19, 306),
(1460, 19, 303),
(1461, 19, 304),
(1462, 19, 301),
(1463, 19, 302),
(1464, 19, 300),
(1465, 19, 299),
(1466, 19, 298),
(1467, 19, 297),
(1468, 19, 295),
(1469, 19, 296),
(1470, 19, 294),
(1471, 19, 293),
(1472, 19, 292),
(1473, 19, 291),
(1474, 19, 290),
(1475, 19, 289),
(1476, 19, 288),
(1477, 19, 287),
(1478, 19, 286),
(1479, 20, 0),
(1480, 20, 328),
(1481, 20, 326),
(1482, 20, 327),
(1483, 20, 324),
(1484, 20, 325),
(1485, 20, 323),
(1486, 20, 322),
(1487, 20, 320),
(1488, 20, 321),
(1489, 20, 319),
(1490, 20, 317),
(1491, 20, 318),
(1492, 20, 315),
(1493, 20, 316),
(1494, 20, 313),
(1495, 20, 314),
(1496, 20, 311),
(1497, 20, 312),
(1498, 20, 309),
(1499, 20, 310),
(1500, 20, 307),
(1501, 20, 308),
(1502, 20, 305),
(1503, 20, 306),
(1504, 20, 303),
(1505, 20, 304),
(1506, 20, 301),
(1507, 20, 302),
(1508, 20, 300),
(1509, 20, 299),
(1510, 20, 298),
(1511, 20, 297),
(1512, 20, 295),
(1513, 20, 296),
(1514, 20, 294),
(1515, 20, 293),
(1516, 20, 292),
(1517, 20, 291),
(1518, 20, 290),
(1519, 20, 289),
(1520, 20, 288),
(1521, 20, 287),
(1522, 20, 286),
(1523, 21, 0),
(1524, 21, 328),
(1525, 21, 326),
(1526, 21, 327),
(1527, 21, 324),
(1528, 21, 325),
(1529, 21, 323),
(1530, 21, 322),
(1531, 21, 320),
(1532, 21, 321),
(1533, 21, 319),
(1534, 21, 317),
(1535, 21, 318),
(1536, 21, 315),
(1537, 21, 316),
(1538, 21, 313),
(1539, 21, 314),
(1540, 21, 311),
(1541, 21, 312),
(1542, 21, 309),
(1543, 21, 310),
(1544, 21, 307),
(1545, 21, 308),
(1546, 21, 305),
(1547, 21, 306),
(1548, 21, 303),
(1549, 21, 304),
(1550, 21, 301),
(1551, 21, 302),
(1552, 21, 300),
(1553, 21, 299),
(1554, 21, 298),
(1555, 21, 297),
(1556, 21, 295),
(1557, 21, 296),
(1558, 21, 294),
(1559, 21, 293),
(1560, 21, 292),
(1561, 21, 291),
(1562, 21, 290),
(1563, 21, 289),
(1564, 21, 288),
(1565, 21, 287),
(1566, 21, 286),
(1567, 22, 0),
(1568, 22, 328),
(1569, 22, 326),
(1570, 22, 327),
(1571, 22, 324),
(1572, 22, 325),
(1573, 22, 323),
(1574, 22, 322),
(1575, 22, 320),
(1576, 22, 321),
(1577, 22, 319),
(1578, 22, 317),
(1579, 22, 318),
(1580, 22, 315),
(1581, 22, 316),
(1582, 22, 313),
(1583, 22, 314),
(1584, 22, 311),
(1585, 22, 312),
(1586, 22, 309),
(1587, 22, 310),
(1588, 22, 307),
(1589, 22, 308),
(1590, 22, 305),
(1591, 22, 306),
(1592, 22, 303),
(1593, 22, 304),
(1594, 22, 301),
(1595, 22, 302),
(1596, 22, 300),
(1597, 22, 299),
(1598, 22, 298),
(1599, 22, 297),
(1600, 22, 295),
(1601, 22, 296),
(1602, 22, 294),
(1603, 22, 293),
(1604, 22, 292),
(1605, 22, 291),
(1606, 22, 290),
(1607, 22, 289),
(1608, 22, 288),
(1609, 22, 287),
(1610, 22, 286),
(1611, 23, 0),
(1612, 23, 328),
(1613, 23, 326),
(1614, 23, 327),
(1615, 23, 324),
(1616, 23, 325),
(1617, 23, 323),
(1618, 23, 322),
(1619, 23, 320),
(1620, 23, 321),
(1621, 23, 319),
(1622, 23, 317),
(1623, 23, 318),
(1624, 23, 315),
(1625, 23, 316),
(1626, 23, 313),
(1627, 23, 314),
(1628, 23, 311),
(1629, 23, 312),
(1630, 23, 309),
(1631, 23, 310),
(1632, 23, 307),
(1633, 23, 308),
(1634, 23, 305),
(1635, 23, 306),
(1636, 23, 303),
(1637, 23, 304),
(1638, 23, 301),
(1639, 23, 302),
(1640, 23, 300),
(1641, 23, 299),
(1642, 23, 298),
(1643, 23, 297),
(1644, 23, 295),
(1645, 23, 296),
(1646, 23, 294),
(1647, 23, 293),
(1648, 23, 292),
(1649, 23, 291),
(1650, 23, 290),
(1651, 23, 289),
(1652, 23, 288),
(1653, 23, 287),
(1654, 23, 286),
(1655, 24, 0),
(1656, 24, 328),
(1657, 24, 326),
(1658, 24, 327),
(1659, 24, 324),
(1660, 24, 325),
(1661, 24, 323),
(1662, 24, 322),
(1663, 24, 320),
(1664, 24, 321),
(1665, 24, 319),
(1666, 24, 317),
(1667, 24, 318),
(1668, 24, 315),
(1669, 24, 316),
(1670, 24, 313),
(1671, 24, 314),
(1672, 24, 311),
(1673, 24, 312),
(1674, 24, 309),
(1675, 24, 310),
(1676, 24, 307),
(1677, 24, 308),
(1678, 24, 305),
(1679, 24, 306),
(1680, 24, 303),
(1681, 24, 304),
(1682, 24, 301),
(1683, 24, 302),
(1684, 24, 300),
(1685, 24, 299),
(1686, 24, 298),
(1687, 24, 297),
(1688, 24, 295),
(1689, 24, 296),
(1690, 24, 294),
(1691, 24, 293),
(1692, 24, 292),
(1693, 24, 291),
(1694, 24, 290),
(1695, 24, 289),
(1696, 24, 288),
(1697, 24, 287),
(1698, 24, 286),
(1699, 250, 0),
(1700, 250, 337),
(1701, 250, 336),
(1702, 250, 335),
(1703, 250, 334),
(1704, 250, 328),
(1705, 250, 326),
(1706, 250, 327),
(1707, 250, 324),
(1708, 250, 325),
(1709, 250, 323),
(1710, 250, 322),
(1711, 250, 320),
(1712, 250, 321),
(1713, 250, 319),
(1714, 250, 317),
(1715, 250, 318),
(1716, 250, 315),
(1717, 250, 316),
(1718, 250, 313),
(1719, 250, 314),
(1720, 250, 311),
(1721, 250, 312),
(1722, 250, 309),
(1723, 250, 310),
(1724, 250, 307),
(1725, 250, 308),
(1726, 250, 305),
(1727, 250, 306),
(1728, 250, 303),
(1729, 250, 304),
(1730, 250, 301),
(1731, 250, 302),
(1732, 250, 300),
(1733, 250, 299),
(1734, 250, 298),
(1735, 250, 297),
(1736, 250, 295),
(1737, 250, 296),
(1738, 250, 294),
(1739, 250, 293),
(1740, 250, 292),
(1741, 250, 291),
(1742, 250, 290);

-- --------------------------------------------------------

--
-- Table structure for table `voucher_entry`
--

CREATE TABLE IF NOT EXISTS `voucher_entry` (
  `id` int(11) NOT NULL AUTO_INCREMENT,
  `ac_type` varchar(20) NOT NULL,
  `account_title_id` int(11) NOT NULL,
  `description` text NOT NULL,
  `related_other_agent` int(11) NOT NULL DEFAULT '0',
  `related_customer` int(11) NOT NULL,
  `related_contractor` int(11) NOT NULL,
  `related_company` int(11) NOT NULL DEFAULT '0',
  `credit_amount` double NOT NULL,
  `debit_amount` double NOT NULL,
  `dr_cr` tinyint(4) NOT NULL,
  `journal_voucher_id` int(11) NOT NULL,
  PRIMARY KEY (`id`)
) ENGINE=InnoDB  DEFAULT CHARSET=latin1 AUTO_INCREMENT=61 ;

--
-- Dumping data for table `voucher_entry`
--

INSERT INTO `voucher_entry` (`id`, `ac_type`, `account_title_id`, `description`, `related_other_agent`, `related_customer`, `related_contractor`, `related_company`, `credit_amount`, `debit_amount`, `dr_cr`, `journal_voucher_id`) VALUES
(1, '', 2, '', 0, 0, 2, 0, 2598641.02, 0, 0, 1),
(2, '', 1, '', 0, 0, 0, 2, 0, 2598641.02, 1, 1),
(3, '', 2, '', 0, 0, 1, 0, 2546668.2, 0, 0, 2),
(4, '', 1, '', 0, 0, 0, 2, 0, 2546668.2, 1, 2),
(5, '', 6, '', 0, 0, 0, 2, 51972.8204, 0, 0, 3),
(6, '', 1, 'With holding tax', 0, 0, 0, 2, 0, 51972.8204, 1, 3),
(7, '', 6, '', 0, 0, 0, 2, 51972.8204, 0, 0, 4),
(8, '', 1, 'With holding tax', 0, 0, 0, 2, 0, 51972.8204, 1, 4),
(9, '', 2, '', 0, 0, 0, 0, 3434, 0, 0, 5),
(10, '', 1, '', 0, 0, 0, 0, 0, 3434, 1, 5),
(11, '', 2, '', 0, 0, 0, 0, 3434, 0, 0, 6),
(12, '', 1, '', 0, 0, 0, 0, 0, 3434, 1, 6),
(13, '', 2, '', 0, 0, 0, 0, 3434, 0, 0, 7),
(14, '', 1, '', 0, 0, 0, 0, 0, 3434, 1, 7),
(15, '', 2, '', 0, 0, 0, 0, 3434, 0, 0, 8),
(16, '', 1, '', 0, 0, 0, 0, 0, 3434, 1, 8),
(17, '', 2, '', 0, 0, 0, 0, 3434, 0, 0, 9),
(18, '', 1, '', 0, 0, 0, 0, 0, 3434, 1, 9),
(19, '', 2, '', 0, 0, 0, 0, 3434, 0, 0, 10),
(20, '', 1, '', 0, 0, 0, 0, 0, 3434, 1, 10),
(21, '', 2, '', 0, 0, 0, 0, 3434, 0, 0, 11),
(22, '', 1, '', 0, 0, 0, 0, 0, 3434, 1, 11),
(23, '', 2, '', 0, 0, 0, 0, 3434, 0, 0, 12),
(24, '', 1, '', 0, 0, 0, 0, 0, 3434, 1, 12),
(25, '', 2, '', 0, 0, 0, 0, 3434, 0, 0, 13),
(26, '', 1, '', 0, 0, 0, 0, 0, 3434, 1, 13),
(27, '', 2, '', 0, 0, 0, 0, 3434, 0, 0, 14),
(28, '', 1, '', 0, 0, 0, 0, 0, 3434, 1, 14),
(29, '', 2, '', 0, 0, 0, 0, 3434, 0, 0, 15),
(30, '', 1, '', 0, 0, 0, 0, 0, 3434, 1, 15),
(31, '', 2, '', 0, 0, 0, 0, 3434, 0, 0, 16),
(32, '', 1, '', 0, 0, 0, 0, 0, 3434, 1, 16),
(33, '', 2, '', 0, 0, 0, 0, 3434, 0, 0, 17),
(34, '', 1, '', 0, 0, 0, 0, 0, 3434, 1, 17),
(35, '', 2, '', 0, 0, 0, 0, 3434, 0, 0, 18),
(36, '', 1, '', 0, 0, 0, 0, 0, 3434, 1, 18),
(37, '', 6, '', 0, 0, 0, 2, 51972.8204, 0, 0, 19),
(38, '', 1, 'With holding tax', 0, 0, 0, 2, 0, 51972.8204, 1, 19),
(39, '', 2, '', 0, 1, 0, 0, 2355306.625, 0, 0, 20),
(40, '', 1, 'Account for customer freight', 0, 0, 1, 0, 0, 2355306.625, 1, 20),
(41, '', 2, '', 0, 0, 0, 2, 155918.4612, 0, 0, 21),
(42, '', 1, '', 0, 0, 1, 0, 0, 155918.4612, 1, 21),
(43, '', 2, '', 1, 0, 0, 0, 35443.113, 0, 0, 22),
(44, '', 1, 'Contractor commision', 0, 0, 1, 0, 0, 35443.113, 1, 22),
(45, '', 2, '', 0, 0, 0, 2, 155918.4612, 0, 0, 23),
(46, '', 1, '', 0, 0, 1, 0, 0, 155918.4612, 1, 23),
(47, '', 4, '', 0, 1, 0, 0, 2355306.625, 0, 0, 24),
(48, '', 1, '', 0, 0, 1, 0, 0, 2355306.625, 1, 24),
(49, 'expense', 3, 'feul expense', 0, 10, 0, 0, 0, 20000, 1, 25),
(50, 'bank', 1, '', 1, 0, 0, 0, 20000, 0, 0, 25),
(51, 'expense', 3, '', 0, 10, 0, 0, 0, 20000, 1, 26),
(52, 'bank', 2, '', 1, 0, 0, 0, 20000, 0, 0, 26),
(53, '', 2, '', 0, 23, 0, 0, 100000, 0, 0, 27),
(54, '', 1, '', 1, 0, 0, 0, 0, 100000, 1, 27),
(55, '', 1, '', 1, 0, 0, 0, 100000, 0, 0, 28),
(56, '', 2, 'payment taken from haji mushtaq', 0, 23, 0, 0, 0, 100000, 1, 28),
(57, '', 2, '', 0, 1, 0, 0, 0, 1200, 1, 29),
(58, '', 1, '', 1, 0, 0, 0, 1200, 0, 0, 29),
(59, '', 2, '', 0, 0, 1, 0, 1664108.44, 0, 0, 250),
(60, '', 1, '', 0, 1, 0, 0, 0, 1664108.44, 1, 250);

-- --------------------------------------------------------

--
-- Table structure for table `voucher_journal`
--

CREATE TABLE IF NOT EXISTS `voucher_journal` (
  `id` int(11) NOT NULL AUTO_INCREMENT,
  `voucher_date` date NOT NULL,
  `detail` text NOT NULL,
  `person_tid` varchar(100) NOT NULL,
  `trip_id` int(11) NOT NULL,
  `trip_product_detail_id` int(11) NOT NULL,
  `tanker_id` int(11) NOT NULL,
  `driver_id` int(11) NOT NULL,
  `other_tid` int(11) NOT NULL,
  `entryDate` timestamp NOT NULL DEFAULT CURRENT_TIMESTAMP,
  `transaction_column` varchar(100) NOT NULL,
  `ignored` tinyint(4) NOT NULL DEFAULT '0',
  `active` tinyint(4) NOT NULL DEFAULT '1',
  PRIMARY KEY (`id`)
) ENGINE=InnoDB  DEFAULT CHARSET=latin1 AUTO_INCREMENT=251 ;

--
-- Dumping data for table `voucher_journal`
--

INSERT INTO `voucher_journal` (`id`, `voucher_date`, `detail`, `person_tid`, `trip_id`, `trip_product_detail_id`, `tanker_id`, `driver_id`, `other_tid`, `entryDate`, `transaction_column`, `ignored`, `active`) VALUES
(1, '2015-02-09', '', 'users.1', 0, 0, 0, 0, 0, '2015-02-09 18:39:12', '', 0, 0),
(2, '2015-02-09', '', 'users.1', 0, 0, 0, 0, 0, '2015-02-09 18:50:56', '', 0, 1),
(19, '2015-02-09', '', 'users.1', 0, 0, 0, 0, 0, '2015-02-09 19:04:52', '', 0, 1),
(20, '2015-02-09', '', 'users.1', 0, 0, 0, 0, 0, '2015-02-09 19:06:32', '', 0, 0),
(21, '2015-02-09', '', 'users.1', 0, 0, 0, 0, 0, '2015-02-09 19:09:07', '', 0, 0),
(22, '2015-02-09', '', 'users.1', 0, 0, 0, 0, 0, '2015-02-09 19:14:41', '', 0, 1),
(23, '2015-02-09', '', 'users.1', 0, 0, 0, 0, 0, '2015-02-09 19:17:53', '', 0, 1),
(24, '2015-02-09', '', 'users.1', 0, 0, 0, 0, 0, '2015-02-09 19:27:56', '', 0, 1),
(25, '2015-02-09', '', 'users.1', 195, 0, 13, 0, 0, '2015-02-09 19:32:59', '', 0, 0),
(26, '2015-02-09', '', 'users.1', 195, 0, 13, 0, 0, '2015-02-09 19:33:56', '', 0, 1),
(27, '2015-02-09', '', 'users.1', 0, 0, 0, 0, 0, '2015-02-09 19:44:37', '', 0, 1),
(28, '2015-02-09', '', 'users.1', 0, 0, 0, 0, 0, '2015-02-09 19:50:06', '', 0, 1),
(29, '2015-02-10', '', 'users.1', 0, 0, 0, 0, 0, '2015-02-10 04:57:22', '', 0, 0),
(30, '0000-00-00', '', 'users.1', 0, 1, 0, 0, 0, '2015-02-10 11:46:37', '', 0, 1),
(31, '0000-00-00', '', 'users.1', 0, 2, 0, 0, 0, '2015-02-10 11:46:37', '', 0, 1),
(32, '0000-00-00', '', 'users.1', 0, 18, 0, 0, 0, '2015-02-10 11:46:37', '', 0, 1),
(33, '0000-00-00', '', 'users.1', 0, 29, 0, 0, 0, '2015-02-10 11:46:37', '', 0, 1),
(34, '0000-00-00', '', 'users.1', 0, 30, 0, 0, 0, '2015-02-10 11:46:37', '', 0, 1),
(35, '0000-00-00', '', 'users.1', 0, 31, 0, 0, 0, '2015-02-10 11:46:37', '', 0, 1),
(36, '0000-00-00', '', 'users.1', 0, 55, 0, 0, 0, '2015-02-10 11:46:37', '', 0, 1),
(37, '0000-00-00', '', 'users.1', 0, 66, 0, 0, 0, '2015-02-10 11:46:37', '', 0, 1),
(38, '0000-00-00', '', 'users.1', 0, 73, 0, 0, 0, '2015-02-10 11:46:38', '', 0, 1),
(39, '0000-00-00', '', 'users.1', 0, 74, 0, 0, 0, '2015-02-10 11:46:38', '', 0, 1),
(40, '0000-00-00', '', 'users.1', 0, 86, 0, 0, 0, '2015-02-10 11:46:38', '', 0, 1),
(41, '0000-00-00', '', 'users.1', 0, 87, 0, 0, 0, '2015-02-10 11:46:38', '', 0, 1),
(42, '0000-00-00', '', 'users.1', 0, 88, 0, 0, 0, '2015-02-10 11:46:38', '', 0, 1),
(43, '0000-00-00', '', 'users.1', 0, 97, 0, 0, 0, '2015-02-10 11:46:38', '', 0, 1),
(44, '0000-00-00', '', 'users.1', 0, 98, 0, 0, 0, '2015-02-10 11:46:38', '', 0, 1),
(45, '0000-00-00', '', 'users.1', 0, 99, 0, 0, 0, '2015-02-10 11:46:38', '', 0, 1),
(46, '0000-00-00', '', 'users.1', 0, 121, 0, 0, 0, '2015-02-10 11:46:38', '', 0, 1),
(47, '0000-00-00', '', 'users.1', 0, 122, 0, 0, 0, '2015-02-10 11:46:38', '', 0, 1),
(48, '0000-00-00', '', 'users.1', 0, 123, 0, 0, 0, '2015-02-10 11:46:38', '', 0, 1),
(49, '0000-00-00', '', 'users.1', 0, 131, 0, 0, 0, '2015-02-10 11:46:38', '', 0, 1),
(50, '0000-00-00', '', 'users.1', 0, 132, 0, 0, 0, '2015-02-10 11:46:38', '', 0, 1),
(51, '0000-00-00', '', 'users.1', 0, 150, 0, 0, 0, '2015-02-10 11:46:38', '', 0, 1),
(52, '0000-00-00', '', 'users.1', 0, 151, 0, 0, 0, '2015-02-10 11:46:38', '', 0, 1),
(53, '0000-00-00', '', 'users.1', 0, 153, 0, 0, 0, '2015-02-10 11:46:38', '', 0, 1),
(54, '0000-00-00', '', 'users.1', 0, 160, 0, 0, 0, '2015-02-10 11:46:38', '', 0, 1),
(55, '0000-00-00', '', 'users.1', 0, 196, 0, 0, 0, '2015-02-10 11:46:38', '', 0, 1),
(56, '0000-00-00', '', 'users.1', 0, 198, 0, 0, 0, '2015-02-10 11:46:38', '', 0, 1),
(57, '0000-00-00', '', 'users.1', 0, 206, 0, 0, 0, '2015-02-10 11:46:38', '', 0, 1),
(58, '0000-00-00', '', 'users.1', 0, 209, 0, 0, 0, '2015-02-10 11:46:38', '', 0, 1),
(59, '0000-00-00', '', 'users.1', 0, 210, 0, 0, 0, '2015-02-10 11:46:38', '', 0, 1),
(60, '0000-00-00', '', 'users.1', 0, 218, 0, 0, 0, '2015-02-10 11:46:38', '', 0, 1),
(61, '0000-00-00', '', 'users.1', 0, 222, 0, 0, 0, '2015-02-10 11:46:38', '', 0, 1),
(62, '0000-00-00', '', 'users.1', 0, 223, 0, 0, 0, '2015-02-10 11:46:38', '', 0, 1),
(63, '0000-00-00', '', 'users.1', 0, 232, 0, 0, 0, '2015-02-10 11:46:39', '', 0, 1),
(64, '0000-00-00', '', 'users.1', 0, 235, 0, 0, 0, '2015-02-10 11:46:39', '', 0, 1),
(65, '0000-00-00', '', 'users.1', 0, 236, 0, 0, 0, '2015-02-10 11:46:39', '', 0, 1),
(66, '0000-00-00', '', 'users.1', 0, 237, 0, 0, 0, '2015-02-10 11:46:39', '', 0, 1),
(67, '0000-00-00', '', 'users.1', 0, 244, 0, 0, 0, '2015-02-10 11:46:39', '', 0, 1),
(68, '0000-00-00', '', 'users.1', 0, 245, 0, 0, 0, '2015-02-10 11:46:39', '', 0, 1),
(69, '0000-00-00', '', 'users.1', 0, 246, 0, 0, 0, '2015-02-10 11:46:39', '', 0, 1),
(70, '0000-00-00', '', 'users.1', 0, 249, 0, 0, 0, '2015-02-10 11:46:39', '', 0, 1),
(71, '0000-00-00', '', 'users.1', 0, 250, 0, 0, 0, '2015-02-10 11:46:39', '', 0, 1),
(72, '0000-00-00', '', 'users.1', 0, 251, 0, 0, 0, '2015-02-10 11:46:39', '', 0, 1),
(73, '0000-00-00', '', 'users.1', 0, 252, 0, 0, 0, '2015-02-10 11:46:39', '', 0, 1),
(74, '0000-00-00', '', 'users.1', 0, 258, 0, 0, 0, '2015-02-10 11:46:39', '', 0, 1),
(75, '0000-00-00', '', 'users.1', 0, 260, 0, 0, 0, '2015-02-10 11:46:39', '', 0, 1),
(76, '0000-00-00', '', 'users.1', 0, 261, 0, 0, 0, '2015-02-10 11:46:39', '', 0, 1),
(77, '0000-00-00', '', 'users.1', 0, 264, 0, 0, 0, '2015-02-10 11:46:39', '', 0, 1),
(78, '0000-00-00', '', 'users.1', 0, 265, 0, 0, 0, '2015-02-10 11:46:39', '', 0, 1),
(79, '0000-00-00', '', 'users.1', 0, 268, 0, 0, 0, '2015-02-10 11:46:39', '', 0, 1),
(80, '0000-00-00', '', 'users.1', 0, 269, 0, 0, 0, '2015-02-10 11:46:39', '', 0, 1),
(81, '0000-00-00', '', 'users.1', 0, 270, 0, 0, 0, '2015-02-10 11:46:39', '', 0, 1),
(82, '0000-00-00', '', 'users.1', 0, 272, 0, 0, 0, '2015-02-10 11:46:39', '', 0, 1),
(83, '0000-00-00', '', 'users.1', 0, 274, 0, 0, 0, '2015-02-10 11:46:39', '', 0, 1),
(84, '0000-00-00', '', 'users.1', 0, 277, 0, 0, 0, '2015-02-10 11:46:39', '', 0, 1),
(85, '0000-00-00', '', 'users.1', 0, 1, 0, 0, 0, '2015-02-10 11:47:56', '', 0, 1),
(86, '0000-00-00', '', 'users.1', 0, 2, 0, 0, 0, '2015-02-10 11:47:56', '', 0, 1),
(87, '0000-00-00', '', 'users.1', 0, 18, 0, 0, 0, '2015-02-10 11:47:56', '', 0, 1),
(88, '0000-00-00', '', 'users.1', 0, 29, 0, 0, 0, '2015-02-10 11:47:56', '', 0, 1),
(89, '0000-00-00', '', 'users.1', 0, 30, 0, 0, 0, '2015-02-10 11:47:56', '', 0, 1),
(90, '0000-00-00', '', 'users.1', 0, 31, 0, 0, 0, '2015-02-10 11:47:56', '', 0, 1),
(91, '0000-00-00', '', 'users.1', 0, 55, 0, 0, 0, '2015-02-10 11:47:56', '', 0, 1),
(92, '0000-00-00', '', 'users.1', 0, 66, 0, 0, 0, '2015-02-10 11:47:56', '', 0, 1),
(93, '0000-00-00', '', 'users.1', 0, 73, 0, 0, 0, '2015-02-10 11:47:56', '', 0, 1),
(94, '0000-00-00', '', 'users.1', 0, 74, 0, 0, 0, '2015-02-10 11:47:56', '', 0, 1),
(95, '0000-00-00', '', 'users.1', 0, 86, 0, 0, 0, '2015-02-10 11:47:57', '', 0, 1),
(96, '0000-00-00', '', 'users.1', 0, 87, 0, 0, 0, '2015-02-10 11:47:57', '', 0, 1),
(97, '0000-00-00', '', 'users.1', 0, 88, 0, 0, 0, '2015-02-10 11:47:57', '', 0, 1),
(98, '0000-00-00', '', 'users.1', 0, 97, 0, 0, 0, '2015-02-10 11:47:57', '', 0, 1),
(99, '0000-00-00', '', 'users.1', 0, 98, 0, 0, 0, '2015-02-10 11:47:57', '', 0, 1),
(100, '0000-00-00', '', 'users.1', 0, 99, 0, 0, 0, '2015-02-10 11:47:57', '', 0, 1),
(101, '0000-00-00', '', 'users.1', 0, 121, 0, 0, 0, '2015-02-10 11:47:57', '', 0, 1),
(102, '0000-00-00', '', 'users.1', 0, 122, 0, 0, 0, '2015-02-10 11:47:57', '', 0, 1),
(103, '0000-00-00', '', 'users.1', 0, 123, 0, 0, 0, '2015-02-10 11:47:57', '', 0, 1),
(104, '0000-00-00', '', 'users.1', 0, 131, 0, 0, 0, '2015-02-10 11:47:57', '', 0, 1),
(105, '0000-00-00', '', 'users.1', 0, 132, 0, 0, 0, '2015-02-10 11:47:57', '', 0, 1),
(106, '0000-00-00', '', 'users.1', 0, 150, 0, 0, 0, '2015-02-10 11:47:57', '', 0, 1),
(107, '0000-00-00', '', 'users.1', 0, 151, 0, 0, 0, '2015-02-10 11:47:57', '', 0, 1),
(108, '0000-00-00', '', 'users.1', 0, 153, 0, 0, 0, '2015-02-10 11:47:57', '', 0, 1),
(109, '0000-00-00', '', 'users.1', 0, 160, 0, 0, 0, '2015-02-10 11:47:58', '', 0, 1),
(110, '0000-00-00', '', 'users.1', 0, 196, 0, 0, 0, '2015-02-10 11:47:58', '', 0, 1),
(111, '0000-00-00', '', 'users.1', 0, 198, 0, 0, 0, '2015-02-10 11:47:58', '', 0, 1),
(112, '0000-00-00', '', 'users.1', 0, 206, 0, 0, 0, '2015-02-10 11:47:58', '', 0, 1),
(113, '0000-00-00', '', 'users.1', 0, 209, 0, 0, 0, '2015-02-10 11:47:58', '', 0, 1),
(114, '0000-00-00', '', 'users.1', 0, 210, 0, 0, 0, '2015-02-10 11:47:58', '', 0, 1),
(115, '0000-00-00', '', 'users.1', 0, 218, 0, 0, 0, '2015-02-10 11:47:58', '', 0, 1),
(116, '0000-00-00', '', 'users.1', 0, 222, 0, 0, 0, '2015-02-10 11:47:58', '', 0, 1),
(117, '0000-00-00', '', 'users.1', 0, 223, 0, 0, 0, '2015-02-10 11:47:58', '', 0, 1),
(118, '0000-00-00', '', 'users.1', 0, 232, 0, 0, 0, '2015-02-10 11:47:58', '', 0, 1),
(119, '0000-00-00', '', 'users.1', 0, 235, 0, 0, 0, '2015-02-10 11:47:58', '', 0, 1),
(120, '0000-00-00', '', 'users.1', 0, 236, 0, 0, 0, '2015-02-10 11:47:58', '', 0, 1),
(121, '0000-00-00', '', 'users.1', 0, 237, 0, 0, 0, '2015-02-10 11:47:58', '', 0, 1),
(122, '0000-00-00', '', 'users.1', 0, 244, 0, 0, 0, '2015-02-10 11:47:58', '', 0, 1),
(123, '0000-00-00', '', 'users.1', 0, 245, 0, 0, 0, '2015-02-10 11:47:58', '', 0, 1),
(124, '0000-00-00', '', 'users.1', 0, 246, 0, 0, 0, '2015-02-10 11:47:58', '', 0, 1),
(125, '0000-00-00', '', 'users.1', 0, 249, 0, 0, 0, '2015-02-10 11:47:58', '', 0, 1),
(126, '0000-00-00', '', 'users.1', 0, 250, 0, 0, 0, '2015-02-10 11:47:58', '', 0, 1),
(127, '0000-00-00', '', 'users.1', 0, 251, 0, 0, 0, '2015-02-10 11:47:58', '', 0, 1),
(128, '0000-00-00', '', 'users.1', 0, 252, 0, 0, 0, '2015-02-10 11:47:58', '', 0, 1),
(129, '0000-00-00', '', 'users.1', 0, 258, 0, 0, 0, '2015-02-10 11:47:58', '', 0, 1),
(130, '0000-00-00', '', 'users.1', 0, 260, 0, 0, 0, '2015-02-10 11:47:58', '', 0, 1),
(131, '0000-00-00', '', 'users.1', 0, 261, 0, 0, 0, '2015-02-10 11:47:58', '', 0, 1),
(132, '0000-00-00', '', 'users.1', 0, 264, 0, 0, 0, '2015-02-10 11:47:58', '', 0, 1),
(133, '0000-00-00', '', 'users.1', 0, 265, 0, 0, 0, '2015-02-10 11:47:58', '', 0, 1),
(134, '0000-00-00', '', 'users.1', 0, 268, 0, 0, 0, '2015-02-10 11:47:58', '', 0, 1),
(135, '0000-00-00', '', 'users.1', 0, 269, 0, 0, 0, '2015-02-10 11:47:58', '', 0, 1),
(136, '0000-00-00', '', 'users.1', 0, 270, 0, 0, 0, '2015-02-10 11:47:58', '', 0, 1),
(137, '0000-00-00', '', 'users.1', 0, 272, 0, 0, 0, '2015-02-10 11:47:58', '', 0, 1),
(138, '0000-00-00', '', 'users.1', 0, 274, 0, 0, 0, '2015-02-10 11:47:58', '', 0, 1),
(139, '0000-00-00', '', 'users.1', 0, 277, 0, 0, 0, '2015-02-10 11:47:58', '', 0, 1),
(140, '0000-00-00', '', 'users.1', 0, 1, 0, 0, 0, '2015-02-10 11:49:26', '', 0, 1),
(141, '0000-00-00', '', 'users.1', 0, 2, 0, 0, 0, '2015-02-10 11:49:26', '', 0, 1),
(142, '0000-00-00', '', 'users.1', 0, 18, 0, 0, 0, '2015-02-10 11:49:26', '', 0, 1),
(143, '0000-00-00', '', 'users.1', 0, 29, 0, 0, 0, '2015-02-10 11:49:26', '', 0, 1),
(144, '0000-00-00', '', 'users.1', 0, 30, 0, 0, 0, '2015-02-10 11:49:26', '', 0, 1),
(145, '0000-00-00', '', 'users.1', 0, 31, 0, 0, 0, '2015-02-10 11:49:26', '', 0, 1),
(146, '0000-00-00', '', 'users.1', 0, 55, 0, 0, 0, '2015-02-10 11:49:26', '', 0, 1),
(147, '0000-00-00', '', 'users.1', 0, 66, 0, 0, 0, '2015-02-10 11:49:26', '', 0, 1),
(148, '0000-00-00', '', 'users.1', 0, 73, 0, 0, 0, '2015-02-10 11:49:27', '', 0, 1),
(149, '0000-00-00', '', 'users.1', 0, 74, 0, 0, 0, '2015-02-10 11:49:27', '', 0, 1),
(150, '0000-00-00', '', 'users.1', 0, 86, 0, 0, 0, '2015-02-10 11:49:27', '', 0, 1),
(151, '0000-00-00', '', 'users.1', 0, 87, 0, 0, 0, '2015-02-10 11:49:27', '', 0, 1),
(152, '0000-00-00', '', 'users.1', 0, 88, 0, 0, 0, '2015-02-10 11:49:27', '', 0, 1),
(153, '0000-00-00', '', 'users.1', 0, 97, 0, 0, 0, '2015-02-10 11:49:27', '', 0, 1),
(154, '0000-00-00', '', 'users.1', 0, 98, 0, 0, 0, '2015-02-10 11:49:27', '', 0, 1),
(155, '0000-00-00', '', 'users.1', 0, 99, 0, 0, 0, '2015-02-10 11:49:27', '', 0, 1),
(156, '0000-00-00', '', 'users.1', 0, 121, 0, 0, 0, '2015-02-10 11:49:27', '', 0, 1),
(157, '0000-00-00', '', 'users.1', 0, 122, 0, 0, 0, '2015-02-10 11:49:27', '', 0, 1),
(158, '0000-00-00', '', 'users.1', 0, 123, 0, 0, 0, '2015-02-10 11:49:27', '', 0, 1),
(159, '0000-00-00', '', 'users.1', 0, 131, 0, 0, 0, '2015-02-10 11:49:27', '', 0, 1),
(160, '0000-00-00', '', 'users.1', 0, 132, 0, 0, 0, '2015-02-10 11:49:27', '', 0, 1),
(161, '0000-00-00', '', 'users.1', 0, 150, 0, 0, 0, '2015-02-10 11:49:27', '', 0, 1),
(162, '0000-00-00', '', 'users.1', 0, 151, 0, 0, 0, '2015-02-10 11:49:27', '', 0, 1),
(163, '0000-00-00', '', 'users.1', 0, 153, 0, 0, 0, '2015-02-10 11:49:27', '', 0, 1),
(164, '0000-00-00', '', 'users.1', 0, 160, 0, 0, 0, '2015-02-10 11:49:27', '', 0, 1),
(165, '0000-00-00', '', 'users.1', 0, 196, 0, 0, 0, '2015-02-10 11:49:27', '', 0, 1),
(166, '0000-00-00', '', 'users.1', 0, 198, 0, 0, 0, '2015-02-10 11:49:27', '', 0, 1),
(167, '0000-00-00', '', 'users.1', 0, 206, 0, 0, 0, '2015-02-10 11:49:27', '', 0, 1),
(168, '0000-00-00', '', 'users.1', 0, 209, 0, 0, 0, '2015-02-10 11:49:27', '', 0, 1),
(169, '0000-00-00', '', 'users.1', 0, 210, 0, 0, 0, '2015-02-10 11:49:27', '', 0, 1),
(170, '0000-00-00', '', 'users.1', 0, 218, 0, 0, 0, '2015-02-10 11:49:27', '', 0, 1),
(171, '0000-00-00', '', 'users.1', 0, 222, 0, 0, 0, '2015-02-10 11:49:27', '', 0, 1),
(172, '0000-00-00', '', 'users.1', 0, 223, 0, 0, 0, '2015-02-10 11:49:27', '', 0, 1),
(173, '0000-00-00', '', 'users.1', 0, 232, 0, 0, 0, '2015-02-10 11:49:28', '', 0, 1),
(174, '0000-00-00', '', 'users.1', 0, 235, 0, 0, 0, '2015-02-10 11:49:28', '', 0, 1),
(175, '0000-00-00', '', 'users.1', 0, 236, 0, 0, 0, '2015-02-10 11:49:28', '', 0, 1),
(176, '0000-00-00', '', 'users.1', 0, 237, 0, 0, 0, '2015-02-10 11:49:28', '', 0, 1),
(177, '0000-00-00', '', 'users.1', 0, 244, 0, 0, 0, '2015-02-10 11:49:28', '', 0, 1),
(178, '0000-00-00', '', 'users.1', 0, 245, 0, 0, 0, '2015-02-10 11:49:28', '', 0, 1),
(179, '0000-00-00', '', 'users.1', 0, 246, 0, 0, 0, '2015-02-10 11:49:28', '', 0, 1),
(180, '0000-00-00', '', 'users.1', 0, 249, 0, 0, 0, '2015-02-10 11:49:28', '', 0, 1),
(181, '0000-00-00', '', 'users.1', 0, 250, 0, 0, 0, '2015-02-10 11:49:28', '', 0, 1),
(182, '0000-00-00', '', 'users.1', 0, 251, 0, 0, 0, '2015-02-10 11:49:28', '', 0, 1),
(183, '0000-00-00', '', 'users.1', 0, 252, 0, 0, 0, '2015-02-10 11:49:28', '', 0, 1),
(184, '0000-00-00', '', 'users.1', 0, 258, 0, 0, 0, '2015-02-10 11:49:28', '', 0, 1),
(185, '0000-00-00', '', 'users.1', 0, 260, 0, 0, 0, '2015-02-10 11:49:28', '', 0, 1),
(186, '0000-00-00', '', 'users.1', 0, 261, 0, 0, 0, '2015-02-10 11:49:28', '', 0, 1),
(187, '0000-00-00', '', 'users.1', 0, 264, 0, 0, 0, '2015-02-10 11:49:28', '', 0, 1),
(188, '0000-00-00', '', 'users.1', 0, 265, 0, 0, 0, '2015-02-10 11:49:28', '', 0, 1),
(189, '0000-00-00', '', 'users.1', 0, 268, 0, 0, 0, '2015-02-10 11:49:28', '', 0, 1),
(190, '0000-00-00', '', 'users.1', 0, 269, 0, 0, 0, '2015-02-10 11:49:28', '', 0, 1),
(191, '0000-00-00', '', 'users.1', 0, 270, 0, 0, 0, '2015-02-10 11:49:28', '', 0, 1),
(192, '0000-00-00', '', 'users.1', 0, 272, 0, 0, 0, '2015-02-10 11:49:28', '', 0, 1),
(193, '0000-00-00', '', 'users.1', 0, 274, 0, 0, 0, '2015-02-10 11:49:28', '', 0, 1),
(194, '0000-00-00', '', 'users.1', 0, 277, 0, 0, 0, '2015-02-10 11:49:28', '', 0, 1),
(195, '0000-00-00', '', 'users.1', 0, 1, 0, 0, 0, '2015-02-10 11:50:01', '', 0, 1),
(196, '0000-00-00', '', 'users.1', 0, 2, 0, 0, 0, '2015-02-10 11:50:01', '', 0, 1),
(197, '0000-00-00', '', 'users.1', 0, 18, 0, 0, 0, '2015-02-10 11:50:01', '', 0, 1),
(198, '0000-00-00', '', 'users.1', 0, 29, 0, 0, 0, '2015-02-10 11:50:01', '', 0, 1),
(199, '0000-00-00', '', 'users.1', 0, 30, 0, 0, 0, '2015-02-10 11:50:01', '', 0, 1),
(200, '0000-00-00', '', 'users.1', 0, 31, 0, 0, 0, '2015-02-10 11:50:01', '', 0, 1),
(201, '0000-00-00', '', 'users.1', 0, 55, 0, 0, 0, '2015-02-10 11:50:01', '', 0, 1),
(202, '0000-00-00', '', 'users.1', 0, 66, 0, 0, 0, '2015-02-10 11:50:01', '', 0, 1),
(203, '0000-00-00', '', 'users.1', 0, 73, 0, 0, 0, '2015-02-10 11:50:01', '', 0, 1),
(204, '0000-00-00', '', 'users.1', 0, 74, 0, 0, 0, '2015-02-10 11:50:01', '', 0, 1),
(205, '0000-00-00', '', 'users.1', 0, 86, 0, 0, 0, '2015-02-10 11:50:01', '', 0, 1),
(206, '0000-00-00', '', 'users.1', 0, 87, 0, 0, 0, '2015-02-10 11:50:01', '', 0, 1),
(207, '0000-00-00', '', 'users.1', 0, 88, 0, 0, 0, '2015-02-10 11:50:01', '', 0, 1),
(208, '0000-00-00', '', 'users.1', 0, 97, 0, 0, 0, '2015-02-10 11:50:01', '', 0, 1),
(209, '0000-00-00', '', 'users.1', 0, 98, 0, 0, 0, '2015-02-10 11:50:01', '', 0, 1),
(210, '0000-00-00', '', 'users.1', 0, 99, 0, 0, 0, '2015-02-10 11:50:01', '', 0, 1),
(211, '0000-00-00', '', 'users.1', 0, 121, 0, 0, 0, '2015-02-10 11:50:01', '', 0, 1),
(212, '0000-00-00', '', 'users.1', 0, 122, 0, 0, 0, '2015-02-10 11:50:01', '', 0, 1),
(213, '0000-00-00', '', 'users.1', 0, 123, 0, 0, 0, '2015-02-10 11:50:01', '', 0, 1),
(214, '0000-00-00', '', 'users.1', 0, 131, 0, 0, 0, '2015-02-10 11:50:01', '', 0, 1),
(215, '0000-00-00', '', 'users.1', 0, 132, 0, 0, 0, '2015-02-10 11:50:01', '', 0, 1),
(216, '0000-00-00', '', 'users.1', 0, 150, 0, 0, 0, '2015-02-10 11:50:02', '', 0, 1),
(217, '0000-00-00', '', 'users.1', 0, 151, 0, 0, 0, '2015-02-10 11:50:02', '', 0, 1),
(218, '0000-00-00', '', 'users.1', 0, 153, 0, 0, 0, '2015-02-10 11:50:02', '', 0, 1),
(219, '0000-00-00', '', 'users.1', 0, 160, 0, 0, 0, '2015-02-10 11:50:02', '', 0, 1),
(220, '0000-00-00', '', 'users.1', 0, 196, 0, 0, 0, '2015-02-10 11:50:02', '', 0, 1),
(221, '0000-00-00', '', 'users.1', 0, 198, 0, 0, 0, '2015-02-10 11:50:02', '', 0, 1),
(222, '0000-00-00', '', 'users.1', 0, 206, 0, 0, 0, '2015-02-10 11:50:02', '', 0, 1),
(223, '0000-00-00', '', 'users.1', 0, 209, 0, 0, 0, '2015-02-10 11:50:02', '', 0, 1),
(224, '0000-00-00', '', 'users.1', 0, 210, 0, 0, 0, '2015-02-10 11:50:02', '', 0, 1),
(225, '0000-00-00', '', 'users.1', 0, 218, 0, 0, 0, '2015-02-10 11:50:02', '', 0, 1),
(226, '0000-00-00', '', 'users.1', 0, 222, 0, 0, 0, '2015-02-10 11:50:02', '', 0, 1),
(227, '0000-00-00', '', 'users.1', 0, 223, 0, 0, 0, '2015-02-10 11:50:02', '', 0, 1),
(228, '0000-00-00', '', 'users.1', 0, 232, 0, 0, 0, '2015-02-10 11:50:02', '', 0, 1),
(229, '0000-00-00', '', 'users.1', 0, 235, 0, 0, 0, '2015-02-10 11:50:02', '', 0, 1),
(230, '0000-00-00', '', 'users.1', 0, 236, 0, 0, 0, '2015-02-10 11:50:02', '', 0, 1),
(231, '0000-00-00', '', 'users.1', 0, 237, 0, 0, 0, '2015-02-10 11:50:02', '', 0, 1),
(232, '0000-00-00', '', 'users.1', 0, 244, 0, 0, 0, '2015-02-10 11:50:02', '', 0, 1),
(233, '0000-00-00', '', 'users.1', 0, 245, 0, 0, 0, '2015-02-10 11:50:02', '', 0, 1),
(234, '0000-00-00', '', 'users.1', 0, 246, 0, 0, 0, '2015-02-10 11:50:02', '', 0, 1),
(235, '0000-00-00', '', 'users.1', 0, 249, 0, 0, 0, '2015-02-10 11:50:02', '', 0, 1),
(236, '0000-00-00', '', 'users.1', 0, 250, 0, 0, 0, '2015-02-10 11:50:02', '', 0, 1),
(237, '0000-00-00', '', 'users.1', 0, 251, 0, 0, 0, '2015-02-10 11:50:02', '', 0, 1),
(238, '0000-00-00', '', 'users.1', 0, 252, 0, 0, 0, '2015-02-10 11:50:02', '', 0, 1),
(239, '0000-00-00', '', 'users.1', 0, 258, 0, 0, 0, '2015-02-10 11:50:02', '', 0, 1),
(240, '0000-00-00', '', 'users.1', 0, 260, 0, 0, 0, '2015-02-10 11:50:02', '', 0, 1),
(241, '0000-00-00', '', 'users.1', 0, 261, 0, 0, 0, '2015-02-10 11:50:02', '', 0, 1),
(242, '0000-00-00', '', 'users.1', 0, 264, 0, 0, 0, '2015-02-10 11:50:02', '', 0, 1),
(243, '0000-00-00', '', 'users.1', 0, 265, 0, 0, 0, '2015-02-10 11:50:02', '', 0, 1),
(244, '0000-00-00', '', 'users.1', 0, 268, 0, 0, 0, '2015-02-10 11:50:02', '', 0, 1),
(245, '0000-00-00', '', 'users.1', 0, 269, 0, 0, 0, '2015-02-10 11:50:02', '', 0, 1),
(246, '0000-00-00', '', 'users.1', 0, 270, 0, 0, 0, '2015-02-10 11:50:02', '', 0, 1),
(247, '0000-00-00', '', 'users.1', 0, 272, 0, 0, 0, '2015-02-10 11:50:03', '', 0, 1),
(248, '0000-00-00', '', 'users.1', 0, 274, 0, 0, 0, '2015-02-10 11:50:03', '', 0, 1),
(249, '0000-00-00', '', 'users.1', 0, 277, 0, 0, 0, '2015-02-10 11:50:03', '', 0, 1),
(250, '2015-02-11', '', 'users.1', 0, 0, 0, 0, 0, '2015-02-11 18:30:53', 'company_total_freight', 0, 1);

/*!40101 SET CHARACTER_SET_CLIENT=@OLD_CHARACTER_SET_CLIENT */;
/*!40101 SET CHARACTER_SET_RESULTS=@OLD_CHARACTER_SET_RESULTS */;
/*!40101 SET COLLATION_CONNECTION=@OLD_COLLATION_CONNECTION */;
